"transaction_description","category","country","currency"
"Wage","Income","USA","USD"
"Arby's (Contactless)","Food & Dining","AUSTRALIA","AUD"
"Occupational Therapy","Healthcare & Medical","USA","USD"
"Potbelly Store Branch","Food & Dining","UK","GBP"
"Amazon - AUSTRALIA","Shopping & Retail","AUSTRALIA","AUD"
"Dairy Queen","Food & Dining","CANADA","CAD"
"UCLA Medical #7731 - UK Center TXN176162","Healthcare & Medical","UK","GBP"
"Walgreens #8780","Healthcare & Medical","AUSTRALIA","AUD"
"Starlink","Utilities & Services","USA","USD"
"Cox","Utilities & Services","UK","GBP"
"Public WiFi #7514","Utilities & Services","UK","GBP"
"Tennis Court #7639 - AUSTRALIA","Entertainment & Recreation","AUSTRALIA","AUD"
"Equinox #2852","Entertainment & Recreation","UK","GBP"
"Dividend - AUSTRALIA","Income","AUSTRALIA","AUD"
"Walmart Store","Shopping & Retail","AUSTRALIA","AUD"
"Direct Deposit - CANADA","Income","CANADA","CAD"
"TJ Maxx","Shopping & Retail","INDIA","INR"
"Culver's #2534 - INDIA","Food & Dining","INDIA","INR"
"Franchise #2681","Income","UK","GBP"
"Cleveland Clinic","Healthcare & Medical","AUSTRALIA","AUD"
"Part-time #5644 - Holiday","Income","UK","GBP"
"Retirement TXN109720","Financial Services","USA","USD"
"SPCA Store","Charity & Donations","UK","GBP"
"Senior Center - CANADA","Charity & Donations","CANADA","CAD"
"Bojangles Store","Food & Dining","CANADA","CAD"
"Sick Pay #4110 Branch","Income","INDIA","INR"
"Community Center Online","Charity & Donations","UK","GBP"
"Dunkin' Donuts (Contactless)","Food & Dining","AUSTRALIA","AUD"
"eBay #9213 Branch","Shopping & Retail","CANADA","CAD"
"Lyft Online","Transportation","AUSTRALIA","AUD"
"Planet Fitness TXN722088","Entertainment & Recreation","AUSTRALIA","AUD"
"Chiropractor","Healthcare & Medical","USA","USD"
"Sparklight","Utilities & Services","AUSTRALIA","AUD"
"Taco Bell","Food & Dining","AUSTRALIA","AUD"
"Museum - Night","Entertainment & Recreation","INDIA","INR"
"Direct Deposit #2210 (Contactless)","Income","CANADA","CAD"
"PNC Bank - INDIA","Financial Services","INDIA","INR"
"UCLA Medical #1010 Store - Night","Healthcare & Medical","CANADA","CAD"
"Staples Downtown","Shopping & Retail","CANADA","CAD"
"Surgery - USA Store Center","Healthcare & Medical","USA","USD"
"Charity #2654 - USA TXN741929","Charity & Donations","USA","USD"
"Phone Company #9454","Utilities & Services","INDIA","INR"
"Refund - USA","Income","USA","USD"
"Dunkin' Donuts Store Center","Food & Dining","CANADA","CAD"
"Baskin-Robbins #6122 - UK - Night","Food & Dining","UK","GBP"
"Mobile Hotspot #5027","Utilities & Services","INDIA","INR"
"Internet Provider Store (Bank Transfer)","Utilities & Services","USA","USD"
"Windstream #2275","Utilities & Services","UK","GBP"
"WiFi #8044 (Cash)","Utilities & Services","USA","USD"
"Mount Sinai #9506 - CANADA Airport","Healthcare & Medical","CANADA","CAD"
"Pharmacy #4314 - USA Store Branch","Healthcare & Medical","USA","USD"
"Vacation Pay #5696 TXN747845","Income","UK","GBP"
"Water Company #7218","Utilities & Services","AUSTRALIA","AUD"
"Panda Express","Food & Dining","USA","USD"
"Pediatrician #5935 Online","Healthcare & Medical","CANADA","CAD"
"AT&T","Utilities & Services","CANADA","CAD"
"Sparklight","Utilities & Services","UK","GBP"
"RCN #7190 - CANADA - Lunch Time","Utilities & Services","CANADA","CAD"
"Baskin-Robbins Online","Food & Dining","INDIA","INR"
"Specialist #4423","Healthcare & Medical","INDIA","INR"
"Blood Test (Cash)","Healthcare & Medical","USA","USD"
"Surgery","Healthcare & Medical","INDIA","INR"
"IRS #5712 - CANADA","Government & Legal","CANADA","CAD"
"Rally's","Food & Dining","CANADA","CAD"
"T-Mobile","Utilities & Services","INDIA","INR"
"Rental Income #7899 - AUSTRALIA","Income","AUSTRALIA","AUD"
"CVS #2548 (Bank Transfer)","Healthcare & Medical","AUSTRALIA","AUD"
"Tax - AUSTRALIA - Evening","Government & Legal","AUSTRALIA","AUD"
"Psychiatrist #7376","Healthcare & Medical","INDIA","INR"
"Swimming Pool","Entertainment & Recreation","UK","GBP"
"Tim Hortons - USA Store","Food & Dining","USA","USD"
"Maternity Leave","Income","USA","USD"
"GoFundMe Center","Charity & Donations","UK","GBP"
"Notary Online Branch Station","Government & Legal","INDIA","INR"
"Von Maur Airport","Shopping & Retail","INDIA","INR"
"Getaround Store","Transportation","UK","GBP"
"BP","Transportation","INDIA","INR"
"Cinemark","Entertainment & Recreation","USA","USD"
"Panda Express TXN167726","Food & Dining","USA","USD"
"Fiber #2363 - UK Residential","Utilities & Services","UK","GBP"
"PNC Bank","Financial Services","CANADA","CAD"
"GameStop Store Branch","Shopping & Retail","INDIA","INR"
"Shake Shack - AUSTRALIA TXN171368","Food & Dining","AUSTRALIA","AUD"
"Legal #4154 - USA","Government & Legal","USA","USD"
"Homeless Shelter #2519","Charity & Donations","AUSTRALIA","AUD"
"Legal #6395 Online TXN959700","Government & Legal","INDIA","INR"
"Audubon Society - AUSTRALIA","Charity & Donations","AUSTRALIA","AUD"
"Fundraising Store - Weekend","Charity & Donations","UK","GBP"
"Gym #6024 Online - Rush Hour","Entertainment & Recreation","UK","GBP"
"Chick-fil-A Store","Food & Dining","AUSTRALIA","AUD"
"Costco #3841","Shopping & Retail","INDIA","INR"
"Fitness Store Online TXN178360","Entertainment & Recreation","USA","USD"
"Reimbursement","Income","AUSTRALIA","AUD"
"Big Lots Online - Evening","Shopping & Retail","UK","GBP"
"Trampoline Park","Entertainment & Recreation","CANADA","CAD"
"Bookkeeping #7106 Center","Financial Services","UK","GBP"
"Water Park","Entertainment & Recreation","USA","USD"
"Checkers #9832 Store","Food & Dining","UK","GBP"
"PNC Bank Online Strip Mall","Financial Services","AUSTRALIA","AUD"
"WOW Online","Utilities & Services","USA","USD"
"BMO Harris","Financial Services","USA","USD"
"Cable Company Branch","Utilities & Services","AUSTRALIA","AUD"
"City Hall - Night","Government & Legal","AUSTRALIA","AUD"
"World Vision - Lunch Time","Charity & Donations","CANADA","CAD"
"Tax #9446","Government & Legal","UK","GBP"
"Audubon Society","Charity & Donations","AUSTRALIA","AUD"
"Anytime Fitness (Cash)","Entertainment & Recreation","CANADA","CAD"
"State Police #3399","Government & Legal","CANADA","CAD"
"Carnival","Entertainment & Recreation","USA","USD"
"Rite Aid #4550","Shopping & Retail","UK","GBP"
"Museum #6693 - Holiday","Entertainment & Recreation","INDIA","INR"
"US Bank Online TXN703702","Financial Services","CANADA","CAD"
"Mobile #8835","Utilities & Services","INDIA","INR"
"TD Bank #5960","Financial Services","CANADA","CAD"
"Contract Work Store Branch","Income","INDIA","INR"
"Carnival Online TXN950875","Entertainment & Recreation","CANADA","CAD"
"Amazon Prime - INDIA","Entertainment & Recreation","INDIA","INR"
"Court #3137","Government & Legal","UK","GBP"
"Comerica #7803 (Cash)","Financial Services","CANADA","CAD"
"Animal Shelter (Contactless)","Charity & Donations","CANADA","CAD"
"Greenpeace - CANADA Store","Charity & Donations","CANADA","CAD"
"Carl's Jr Store","Food & Dining","CANADA","CAD"
"Subway","Food & Dining","USA","USD"
"Children's Hospital - Evening","Healthcare & Medical","AUSTRALIA","AUD"
"Kroger Pharmacy (ACH)","Healthcare & Medical","USA","USD"
"Gold's Gym","Entertainment & Recreation","CANADA","CAD"
"Orange Theory Online","Entertainment & Recreation","USA","USD"
"Arby's","Food & Dining","CANADA","CAD"
"WOW TXN625340","Utilities & Services","CANADA","CAD"
"Temple Online","Charity & Donations","UK","GBP"
"Children's Hospital #3213","Healthcare & Medical","INDIA","INR"
"Bank of America #8628","Financial Services","CANADA","CAD"
"Financial Advisor - USA Online Branch TXN797432","Financial Services","USA","USD"
"Cable Internet Center Downtown","Utilities & Services","AUSTRALIA","AUD"
"Rite Aid - USA","Healthcare & Medical","USA","USD"
"Temple #7291 Hospital","Charity & Donations","UK","GBP"
"Online Bank Store Center - Weekend","Financial Services","INDIA","INR"
"Credit","Income","USA","USD"
"CenturyLink - USA Station","Utilities & Services","USA","USD"
"Maven #6576","Transportation","AUSTRALIA","AUD"
"KeyBank - CANADA","Financial Services","CANADA","CAD"
"In-N-Out","Food & Dining","INDIA","INR"
"Dairy Queen","Food & Dining","AUSTRALIA","AUD"
"Phone Company","Utilities & Services","INDIA","INR"
"Town Hall","Government & Legal","AUSTRALIA","AUD"
"SEPTA","Transportation","CANADA","CAD"
"OfficeMax #2839","Shopping & Retail","AUSTRALIA","AUD"
"Sheriff #7252 - Dinner Time","Government & Legal","AUSTRALIA","AUD"
"Arcade Branch Strip Mall","Entertainment & Recreation","INDIA","INR"
"Mortgage - USA Station","Financial Services","USA","USD"
"Culver's #6484 - INDIA","Food & Dining","INDIA","INR"
"Amazon #4757 Station","Shopping & Retail","CANADA","CAD"
"Community Center #2416","Charity & Donations","INDIA","INR"
"Online Bank #7026 Online Strip Mall","Financial Services","UK","GBP"
"Belk - USA Center","Shopping & Retail","USA","USD"
"Urgent Care #8655","Healthcare & Medical","INDIA","INR"
"Hulu Branch - Holiday","Entertainment & Recreation","UK","GBP"
"Saks Off 5th TXN895209","Shopping & Retail","AUSTRALIA","AUD"
"Trampoline Park","Entertainment & Recreation","CANADA","CAD"
"Turo - Morning","Transportation","CANADA","CAD"
"Walmart Supercenter Store","Food & Dining","INDIA","INR"
"Kroger Pharmacy - Holiday","Healthcare & Medical","UK","GBP"
"Starbucks","Food & Dining","USA","USD"
"Salary #9920 - USA","Income","USA","USD"
"Mini Golf TXN745561","Entertainment & Recreation","CANADA","CAD"
"Clinic - AUSTRALIA - Dinner Time","Healthcare & Medical","AUSTRALIA","AUD"
"Nordstrom - CANADA","Shopping & Retail","CANADA","CAD"
"Primary Care #5440 - UK","Healthcare & Medical","UK","GBP"
"Urgent Care Store - Evening","Healthcare & Medical","UK","GBP"
"Windstream","Utilities & Services","INDIA","INR"
"Mini Golf TXN672682","Entertainment & Recreation","CANADA","CAD"
"Religious Organization Store","Charity & Donations","CANADA","CAD"
"Concert #3893","Entertainment & Recreation","USA","USD"
"Bus - Weekend","Transportation","USA","USD"
"LA Fitness #8008 - UK TXN698498","Entertainment & Recreation","UK","GBP"
"Water Company #3507 Store Online - Rush Hour","Utilities & Services","INDIA","INR"
"Maternity Leave","Income","UK","GBP"
"Specialist - Weekend","Healthcare & Medical","INDIA","INR"
"BoltBus (ACH)","Transportation","INDIA","INR"
"Digital Bank - CANADA Branch Business District","Financial Services","CANADA","CAD"
"Refund Online","Income","USA","USD"
"Church #8066 - Afternoon","Charity & Donations","AUSTRALIA","AUD"
"Highway Patrol #3766 - USA","Government & Legal","USA","USD"
"Google Fiber Online","Utilities & Services","UK","GBP"
"NGO","Charity & Donations","INDIA","INR"
"Investment","Financial Services","AUSTRALIA","AUD"
"Zaxby's Residential","Food & Dining","INDIA","INR"
"Macy's #7788 Center","Shopping & Retail","USA","USD"
"Hospital #2375","Healthcare & Medical","CANADA","CAD"
"Cedars-Sinai - CANADA Store","Healthcare & Medical","CANADA","CAD"
"Bank #1868","Financial Services","UK","GBP"
"Cinema Store - Lunch Time","Entertainment & Recreation","INDIA","INR"
"Highway Patrol #1438","Government & Legal","UK","GBP"
"Apple Store - USA","Shopping & Retail","USA","USD"
"Community Bank Branch","Financial Services","INDIA","INR"
"Town Hall - Evening","Government & Legal","UK","GBP"
"SEPTA TXN854933","Transportation","USA","USD"
"Jersey Mike's Online Mall","Food & Dining","AUSTRALIA","AUD"
"Bookkeeping","Financial Services","AUSTRALIA","AUD"
"Rite Aid #3360","Healthcare & Medical","CANADA","CAD"
"Office Depot (Digital Wallet)","Shopping & Retail","AUSTRALIA","AUD"
"Barneys New York Store - Morning","Shopping & Retail","UK","GBP"
"Post Office #2640 Online Branch","Government & Legal","USA","USD"
"Payroll #9165","Income","AUSTRALIA","AUD"
"Local Food Bank Airport","Charity & Donations","USA","USD"
"Royalty","Income","AUSTRALIA","AUD"
"Greyhound","Transportation","UK","GBP"
"Lord & Taylor","Shopping & Retail","CANADA","CAD"
"CTA","Transportation","USA","USD"
"Target","Shopping & Retail","USA","USD"
"Overtime #8850","Income","INDIA","INR"
"GameStop","Shopping & Retail","USA","USD"
"Emergency Services Store Online","Government & Legal","UK","GBP"
"MTA #8484 Business District","Transportation","INDIA","INR"
"MRI Mall","Healthcare & Medical","INDIA","INR"
"National Parks - Holiday","Charity & Donations","USA","USD"
"Local Food Bank","Charity & Donations","UK","GBP"
"Getaround","Transportation","AUSTRALIA","AUD"
"Sprint #1224","Utilities & Services","CANADA","CAD"
"Tim Hortons #4570","Food & Dining","USA","USD"
"Rite Aid #9756 Store","Healthcare & Medical","INDIA","INR"
"TSA Center","Government & Legal","INDIA","INR"
"Fire Department #1889","Government & Legal","AUSTRALIA","AUD"
"Payroll - USA","Income","USA","USD"
"Zipcar - UK Store Station","Transportation","UK","GBP"
"Burlington - Lunch Time","Shopping & Retail","USA","USD"
"Salvation Army #3510 - AUSTRALIA Downtown","Charity & Donations","AUSTRALIA","AUD"
"BP Hospital","Transportation","USA","USD"
"NYU Langone","Healthcare & Medical","INDIA","INR"
"Refund","Income","UK","GBP"
"Walk-in Clinic - UK","Healthcare & Medical","UK","GBP"
"WiFi Center","Utilities & Services","UK","GBP"
"Trader Joe's","Food & Dining","USA","USD"
"NYU Langone","Healthcare & Medical","UK","GBP"
"WMATA #8932","Transportation","INDIA","INR"
"Physical Therapy #2018 - UK - Morning","Healthcare & Medical","UK","GBP"
"Psychiatrist - CANADA Strip Mall","Healthcare & Medical","CANADA","CAD"
"Reward","Income","INDIA","INR"
"Gynecologist - Rush Hour","Healthcare & Medical","AUSTRALIA","AUD"
"Bonus","Income","UK","GBP"
"Toll Hospital","Transportation","AUSTRALIA","AUD"
"IRS #8818 Downtown","Government & Legal","INDIA","INR"
"Panera Bread - Night","Food & Dining","CANADA","CAD"
"Urologist #7086 - UK","Healthcare & Medical","UK","GBP"
"Hertz #4273 Online","Transportation","CANADA","CAD"
"Exxon","Transportation","USA","USD"
"AT&T (Cash)","Utilities & Services","CANADA","CAD"
"Walmart Supercenter #2937","Food & Dining","INDIA","INR"
"Comerica - AUSTRALIA - Dinner Time","Financial Services","AUSTRALIA","AUD"
"Immigration #3734","Government & Legal","USA","USD"
"Big Lots","Shopping & Retail","INDIA","INR"
"Water Park","Entertainment & Recreation","CANADA","CAD"
"Freelance Store - Dinner Time","Income","UK","GBP"
"Highway Patrol","Government & Legal","CANADA","CAD"
"Wells Fargo #9724","Financial Services","CANADA","CAD"
"Carnival Station","Entertainment & Recreation","UK","GBP"
"Rally's TXN866095","Food & Dining","UK","GBP"
"Walk-in Clinic (Card)","Healthcare & Medical","UK","GBP"
"Lab","Healthcare & Medical","CANADA","CAD"
"HSBC","Financial Services","INDIA","INR"
"Business WiFi #9977 Store Strip Mall","Utilities & Services","USA","USD"
"Occupational Therapy","Healthcare & Medical","USA","USD"
"Macy's - INDIA","Shopping & Retail","INDIA","INR"
"McDonald's - INDIA (Contactless)","Food & Dining","INDIA","INR"
"Children's Hospital","Healthcare & Medical","USA","USD"
"Water Company - AUSTRALIA","Utilities & Services","AUSTRALIA","AUD"
"Gig Work - INDIA Business District","Income","INDIA","INR"
"Frontier #1911","Utilities & Services","AUSTRALIA","AUD"
"Doctors Without Borders Store","Charity & Donations","INDIA","INR"
"Maternity Leave","Income","INDIA","INR"
"Religious Organization #2237 - CANADA Store (Digital Wallet)","Charity & Donations","CANADA","CAD"
"Kickstarter #3114 Business District","Charity & Donations","USA","USD"
"Gig Work Mall","Income","AUSTRALIA","AUD"
"Digital Bank #1273 - CANADA","Financial Services","CANADA","CAD"
"Blimpie TXN265532","Food & Dining","USA","USD"
"Youth Organization #2206 Store Online","Charity & Donations","AUSTRALIA","AUD"
"Payroll - AUSTRALIA","Income","AUSTRALIA","AUD"
"Franchise","Income","USA","USD"
"T-Mobile Store Online","Utilities & Services","INDIA","INR"
"Cashback #7345","Income","INDIA","INR"
"Home Depot #3519 Store","Shopping & Retail","USA","USD"
"Paternity Leave #1130","Income","CANADA","CAD"
"Train Online Campus","Transportation","USA","USD"
"Apple Store - CANADA","Shopping & Retail","CANADA","CAD"
"Big Lots","Shopping & Retail","AUSTRALIA","AUD"
"Offering #7457","Charity & Donations","UK","GBP"
"Post Office Center - Weekday","Government & Legal","USA","USD"
"SPCA - AUSTRALIA Store","Charity & Donations","AUSTRALIA","AUD"
"Tax Preparation Store Downtown","Financial Services","INDIA","INR"
"Toll","Transportation","USA","USD"
"Frontier #7736 Store","Utilities & Services","USA","USD"
"SoulCycle #8305 Store","Entertainment & Recreation","INDIA","INR"
"Consulting Hospital","Income","CANADA","CAD"
"Fundraising","Charity & Donations","USA","USD"
"Sixt","Transportation","CANADA","CAD"
"Costco Branch - Weekday","Shopping & Retail","CANADA","CAD"
"Regal #3728 Store Station","Entertainment & Recreation","INDIA","INR"
"Netflix #4805 Campus","Entertainment & Recreation","INDIA","INR"
"Cox - CANADA","Utilities & Services","CANADA","CAD"
"Medicaid #9744 - Lunch Time","Government & Legal","USA","USD"
"Potbelly Online Mall","Food & Dining","AUSTRALIA","AUD"
"National Online Center Residential","Transportation","CANADA","CAD"
"RCN #6359 Branch","Utilities & Services","INDIA","INR"
"Parking","Transportation","AUSTRALIA","AUD"
"Comcast #3575 Store","Utilities & Services","UK","GBP"
"Fifth Third Downtown","Financial Services","USA","USD"
"Emergency Room #6878 Store Downtown","Healthcare & Medical","UK","GBP"
"World Vision #3511 Online TXN234212","Charity & Donations","INDIA","INR"
"Mosque Online","Charity & Donations","INDIA","INR"
"ATF","Government & Legal","INDIA","INR"
"Physical Therapy","Healthcare & Medical","UK","GBP"
"Congress","Government & Legal","INDIA","INR"
"Starbucks","Food & Dining","INDIA","INR"
"Zipcar #2993 Store TXN785542","Transportation","USA","USD"
"Border Patrol","Government & Legal","USA","USD"
"Ski Resort - AUSTRALIA","Entertainment & Recreation","AUSTRALIA","AUD"
"Bloomingdale's Store - Morning","Shopping & Retail","USA","USD"
"Interest - INDIA Store","Income","INDIA","INR"
"Pension #9158 - AUSTRALIA Store Airport","Income","AUSTRALIA","AUD"
"HSBC Strip Mall","Financial Services","UK","GBP"
"Social Security #9579 Store (Online)","Income","INDIA","INR"
"Royalty - Dinner Time","Income","UK","GBP"
"MRI - UK","Healthcare & Medical","UK","GBP"
"TD Bank Online","Financial Services","CANADA","CAD"
"Rally's #9595 - UK Center (Online)","Food & Dining","UK","GBP"
"Salary","Income","AUSTRALIA","AUD"
"Viasat - CANADA Store","Utilities & Services","CANADA","CAD"
"Offering","Charity & Donations","UK","GBP"
"Habitat for Humanity Store (App)","Charity & Donations","CANADA","CAD"
"Social Security - AUSTRALIA","Income","AUSTRALIA","AUD"
"eBay Store (Bank Transfer)","Shopping & Retail","INDIA","INR"
"Refund Store","Income","INDIA","INR"
"Licensing #3423","Income","USA","USD"
"Oxfam #3319 Branch - Weekend","Charity & Donations","UK","GBP"
"Mutual Fund Store","Financial Services","INDIA","INR"
"Local Church Store Campus","Charity & Donations","USA","USD"
"Humane Society #9007 Center","Charity & Donations","UK","GBP"
"Unemployment","Income","USA","USD"
"Clinic Center TXN180453","Healthcare & Medical","UK","GBP"
"Laser Tag (Cash)","Entertainment & Recreation","UK","GBP"
"Budget #2177 - CANADA TXN727326","Transportation","CANADA","CAD"
"Fitness TXN609500","Entertainment & Recreation","INDIA","INR"
"Go-Kart Store Branch","Entertainment & Recreation","USA","USD"
"EMS (Cash)","Government & Legal","UK","GBP"
"Lord & Taylor Online","Shopping & Retail","USA","USD"
"Amazon Prime #1308 - UK Online","Entertainment & Recreation","UK","GBP"
"Medicaid Store Center","Government & Legal","USA","USD"
"Southwest Airlines (Cash)","Transportation","UK","GBP"
"Sick Pay","Income","USA","USD"
"Nike - INDIA Branch","Shopping & Retail","INDIA","INR"
"Escape Room #3036","Entertainment & Recreation","UK","GBP"
"Starlink","Utilities & Services","INDIA","INR"
"Target Store","Food & Dining","USA","USD"
"Specialist #3096 Store","Healthcare & Medical","USA","USD"
"Salary","Income","INDIA","INR"
"Reimbursement TXN376327","Income","USA","USD"
"Carl's Jr","Food & Dining","CANADA","CAD"
"Fifth Third","Financial Services","USA","USD"
"Tim Hortons - UK Store TXN928398","Food & Dining","UK","GBP"
"Kickstarter #1990 - AUSTRALIA Store","Charity & Donations","AUSTRALIA","AUD"
"Senate #5506","Government & Legal","AUSTRALIA","AUD"
"Licensing - Dinner Time","Income","UK","GBP"
"Go-Kart #5199 Airport","Entertainment & Recreation","INDIA","INR"
"Urologist - INDIA - Night","Healthcare & Medical","INDIA","INR"
"Olive Garden - CANADA Store Online","Food & Dining","CANADA","CAD"
"Financial Advisor","Financial Services","AUSTRALIA","AUD"
"Community Bank TXN162351","Financial Services","USA","USD"
"Holiday Pay","Income","UK","GBP"
"State Police Online","Government & Legal","CANADA","CAD"
"McDonald's Store","Food & Dining","USA","USD"
"Pension #7305","Income","AUSTRALIA","AUD"
"Freelance - AUSTRALIA Online Mall","Income","AUSTRALIA","AUD"
"CVS - USA Center","Healthcare & Medical","USA","USD"
"Alamo Online","Transportation","AUSTRALIA","AUD"
"Amnesty International","Charity & Donations","UK","GBP"
"Water Park","Entertainment & Recreation","CANADA","CAD"
"Pediatrician","Healthcare & Medical","CANADA","CAD"
"Stock Online","Financial Services","INDIA","INR"
"DSL Store - Rush Hour","Utilities & Services","UK","GBP"
"Safeway #1560 - UK - Night","Food & Dining","UK","GBP"
"First National #9231 (Online)","Financial Services","AUSTRALIA","AUD"
"Digital Bank","Financial Services","UK","GBP"
"GameStop Online","Shopping & Retail","UK","GBP"
"Exxon - Lunch Time","Transportation","INDIA","INR"
"WiFi Hotspot Online","Utilities & Services","CANADA","CAD"
"WiFi - AUSTRALIA - Morning","Utilities & Services","AUSTRALIA","AUD"
"Licensing #5054 Store","Income","INDIA","INR"
"Regal","Entertainment & Recreation","UK","GBP"
"Zara Branch - Night","Shopping & Retail","USA","USD"
"OfficeMax - Lunch Time","Shopping & Retail","CANADA","CAD"
"Customs","Government & Legal","CANADA","CAD"
"Moe's Southwest Grill - USA","Food & Dining","USA","USD"
"Spotify","Entertainment & Recreation","UK","GBP"
"Bonus #3512","Income","USA","USD"
"Salary #3738 Online TXN469802","Income","CANADA","CAD"
"GoFundMe - USA Hospital","Charity & Donations","USA","USD"
"Lord & Taylor #3290","Shopping & Retail","AUSTRALIA","AUD"
"Budget #8018","Transportation","INDIA","INR"
"Bloomingdale's #2750 Store Branch","Shopping & Retail","AUSTRALIA","AUD"
"OfficeMax #3727 Online","Shopping & Retail","CANADA","CAD"
"eBay #8678 TXN505031","Shopping & Retail","UK","GBP"
"Mortgage Store - Afternoon","Financial Services","CANADA","CAD"
"Pediatrician - INDIA","Healthcare & Medical","INDIA","INR"
"Family Dollar - Dinner Time","Shopping & Retail","USA","USD"
"FlixBus #9660 - INDIA Store TXN796964","Transportation","INDIA","INR"
"Firehouse Subs #6315 Online Branch - Weekend","Food & Dining","UK","GBP"
"Brokerage","Financial Services","UK","GBP"
"Refund #8706 - Weekday","Income","USA","USD"
"Taco Bell - USA Store Airport","Food & Dining","USA","USD"
"DirecTV #1631","Utilities & Services","CANADA","CAD"
"Ambulance - Night","Government & Legal","CANADA","CAD"
"Spectrum #8876 - Dinner Time","Utilities & Services","USA","USD"
"Disney+ Online - Afternoon","Entertainment & Recreation","AUSTRALIA","AUD"
"Reimbursement - CANADA","Income","CANADA","CAD"
"Apple Store #4045","Shopping & Retail","UK","GBP"
"Offering #3969","Charity & Donations","AUSTRALIA","AUD"
"Baskin-Robbins #8337 Online","Food & Dining","USA","USD"
"Paternity Leave #4533","Income","UK","GBP"
"Whole Foods Downtown","Food & Dining","UK","GBP"
"Potbelly Store Hospital","Food & Dining","INDIA","INR"
"Water Company #8834 - Lunch Time","Utilities & Services","USA","USD"
"Rental Income #1277","Income","USA","USD"
"Passport TXN264893","Government & Legal","INDIA","INR"
"Consolidated Communications #4812 - INDIA","Utilities & Services","INDIA","INR"
"Chevron Store TXN107073","Transportation","INDIA","INR"
"World Vision - AUSTRALIA","Charity & Donations","AUSTRALIA","AUD"
"Anytime Fitness","Entertainment & Recreation","AUSTRALIA","AUD"
"Exxon (Digital Wallet)","Transportation","USA","USD"
"Comerica Online TXN247818","Financial Services","AUSTRALIA","AUD"
"Zoo","Entertainment & Recreation","UK","GBP"
"Google Fiber","Utilities & Services","CANADA","CAD"
"Credit Union","Financial Services","CANADA","CAD"
"Financial Advisor TXN807910","Financial Services","CANADA","CAD"
"Verizon Store - Holiday","Utilities & Services","CANADA","CAD"
"Laser Tag #2041 - INDIA","Entertainment & Recreation","INDIA","INR"
"Religious Organization #4061 - UK","Charity & Donations","UK","GBP"
"Stock #2607","Financial Services","INDIA","INR"
"Pure Barre #5860","Entertainment & Recreation","INDIA","INR"
"Neiman Marcus #6673 Store","Shopping & Retail","INDIA","INR"
"Zipcar","Transportation","UK","GBP"
"Part-time","Income","INDIA","INR"
"Sick Pay Store","Income","AUSTRALIA","AUD"
"Starlink #7507","Utilities & Services","CANADA","CAD"
"Kickstarter - USA","Charity & Donations","USA","USD"
"Saks Off 5th","Shopping & Retail","CANADA","CAD"
"Taxi #8947 - Afternoon","Transportation","USA","USD"
"Broadband - UK (Bank Transfer)","Utilities & Services","UK","GBP"
"TJ Maxx","Shopping & Retail","INDIA","INR"
"Dermatologist TXN166962","Healthcare & Medical","UK","GBP"
"Vacation Pay","Income","AUSTRALIA","AUD"
"State Police - CANADA Store","Government & Legal","CANADA","CAD"
"Mosque #1586 Online","Charity & Donations","CANADA","CAD"
"Investment Branch","Financial Services","USA","USD"
"Festival - USA TXN161632","Entertainment & Recreation","USA","USD"
"Loan - Weekend","Financial Services","UK","GBP"
"Jimmy John's #4825","Food & Dining","UK","GBP"
"Kickstarter (Online)","Charity & Donations","USA","USD"
"IRS Online Branch TXN586018","Government & Legal","INDIA","INR"
"Bookkeeping #6539 - CANADA Center TXN378900","Financial Services","CANADA","CAD"
"Hardee's Center","Food & Dining","AUSTRALIA","AUD"
"Deposit - Holiday","Income","AUSTRALIA","AUD"
"Walmart Store Hospital","Shopping & Retail","UK","GBP"
"Apple Store","Shopping & Retail","CANADA","CAD"
"TD Bank - Weekday","Financial Services","UK","GBP"
"Hawaiian Airlines Branch (Cash)","Transportation","AUSTRALIA","AUD"
"Swimming Pool #1616 - AUSTRALIA Online Center","Entertainment & Recreation","AUSTRALIA","AUD"
"Uniqlo Store","Shopping & Retail","CANADA","CAD"
"BMO Harris Branch","Financial Services","AUSTRALIA","AUD"
"Family Dollar","Shopping & Retail","UK","GBP"
"Neiman Marcus","Shopping & Retail","AUSTRALIA","AUD"
"Best Buy - Holiday","Shopping & Retail","USA","USD"
"Walgreens Online","Shopping & Retail","USA","USD"
"Consolidated Communications","Utilities & Services","UK","GBP"
"American Airlines Store","Transportation","CANADA","CAD"
"Dividend","Income","AUSTRALIA","AUD"
"United Way - AUSTRALIA (Contactless)","Charity & Donations","AUSTRALIA","AUD"
"Fiber - INDIA Store (Contactless)","Utilities & Services","INDIA","INR"
"Fundraising #8965 Hospital","Charity & Donations","CANADA","CAD"
"SunTrust #9502 Store Online Center","Financial Services","USA","USD"
"DSL - CANADA Store","Utilities & Services","CANADA","CAD"
"US Bank #3861 - AUSTRALIA Branch","Financial Services","AUSTRALIA","AUD"
"Raising Cane's","Food & Dining","UK","GBP"
"Homeless Shelter #2381","Charity & Donations","UK","GBP"
"Walmart #4641 Branch","Shopping & Retail","INDIA","INR"
"National #5723 - Weekend","Transportation","USA","USD"
"Car2Go - INDIA Online","Transportation","INDIA","INR"
"First National Online - Morning","Financial Services","USA","USD"
"Gift #4905","Charity & Donations","USA","USD"
"United #9750","Transportation","AUSTRALIA","AUD"
"ASPCA #4475 - CANADA Store Center - Rush Hour","Charity & Donations","CANADA","CAD"
"Notary #8613 - UK - Weekend","Government & Legal","UK","GBP"
"Phone Company Store","Utilities & Services","CANADA","CAD"
"Consulting - UK","Income","UK","GBP"
"Chiropractor","Healthcare & Medical","INDIA","INR"
"Greyhound #4596 Online","Transportation","CANADA","CAD"
"Qdoba Store Online - Holiday","Food & Dining","UK","GBP"
"Congress","Government & Legal","AUSTRALIA","AUD"
"NYU Langone Branch Hospital","Healthcare & Medical","INDIA","INR"
"Noodles & Company - Holiday","Food & Dining","UK","GBP"
"GoFundMe #7426","Charity & Donations","UK","GBP"
"Chipotle #3920","Food & Dining","INDIA","INR"
"Getaround Store - Lunch Time","Transportation","CANADA","CAD"
"Dollar #6026 - Weekend","Transportation","UK","GBP"
"Five Guys (Mobile)","Food & Dining","CANADA","CAD"
"Barneys New York Store - Lunch Time","Shopping & Retail","USA","USD"
"PETA #3869 - Dinner Time","Charity & Donations","AUSTRALIA","AUD"
"Pediatrician Online TXN542092","Healthcare & Medical","INDIA","INR"
"Planet Fitness - Dinner Time","Entertainment & Recreation","USA","USD"
"Gym #3161 - INDIA","Entertainment & Recreation","INDIA","INR"
"Retirement TXN274834","Financial Services","UK","GBP"
"24 Hour Fitness - INDIA","Entertainment & Recreation","INDIA","INR"
"Carl's Jr Store","Food & Dining","AUSTRALIA","AUD"
"Medicare","Government & Legal","AUSTRALIA","AUD"
"Orange Theory","Entertainment & Recreation","INDIA","INR"
"Capital One #1929 (App)","Financial Services","INDIA","INR"
"DirecTV (Contactless)","Utilities & Services","USA","USD"
"Pediatrician #8176","Healthcare & Medical","UK","GBP"
"Animal Shelter","Charity & Donations","CANADA","CAD"
"MBTA","Transportation","UK","GBP"
"Whataburger #5955","Food & Dining","AUSTRALIA","AUD"
"Swimming Pool","Entertainment & Recreation","INDIA","INR"
"ASPCA - Rush Hour","Charity & Donations","CANADA","CAD"
"First National - AUSTRALIA","Financial Services","AUSTRALIA","AUD"
"Lowe's - Weekend","Shopping & Retail","CANADA","CAD"
"Swimming Pool #5781 Center - Dinner Time","Entertainment & Recreation","USA","USD"
"Registration Online - Weekday","Government & Legal","AUSTRALIA","AUD"
"CenturyLink Store Branch Center","Utilities & Services","CANADA","CAD"
"FBI #1996 - CANADA","Government & Legal","CANADA","CAD"
"Megabus #9518","Transportation","INDIA","INR"
"Metro Shopping Center","Transportation","AUSTRALIA","AUD"
"Crunch Fitness - AUSTRALIA","Entertainment & Recreation","AUSTRALIA","AUD"
"Unemployment - Weekday","Income","CANADA","CAD"
"Reimbursement (Wire)","Income","USA","USD"
"Turo","Transportation","AUSTRALIA","AUD"
"Costco","Shopping & Retail","AUSTRALIA","AUD"
"Church Store Online","Charity & Donations","INDIA","INR"
"Kroger Pharmacy Online Branch","Healthcare & Medical","USA","USD"
"Five Guys Store TXN750499","Food & Dining","USA","USD"
"Water Park #3580","Entertainment & Recreation","INDIA","INR"
"Social Security","Income","AUSTRALIA","AUD"
"Wage - AUSTRALIA","Income","AUSTRALIA","AUD"
"Online Bank Airport","Financial Services","INDIA","INR"
"Freelance - AUSTRALIA","Income","AUSTRALIA","AUD"
"Xfinity Online","Utilities & Services","UK","GBP"
"NGO - USA Mall","Charity & Donations","USA","USD"
"Lab #4288 Online","Healthcare & Medical","UK","GBP"
"Registration (Mobile)","Government & Legal","AUSTRALIA","AUD"
"Oxfam TXN892445","Charity & Donations","INDIA","INR"
"Charter #5202","Utilities & Services","CANADA","CAD"
"Freelance Branch","Income","INDIA","INR"
"Jimmy John's #9493","Food & Dining","INDIA","INR"
"Court #1468","Government & Legal","USA","USD"
"Anytime Fitness #3663 Store Online - Dinner Time","Entertainment & Recreation","UK","GBP"
"Frontier Online TXN523319","Utilities & Services","INDIA","INR"
"Broadband - Evening","Utilities & Services","CANADA","CAD"
"X-Ray","Healthcare & Medical","INDIA","INR"
"Amazon - USA Hospital","Shopping & Retail","USA","USD"
"White Castle Store Branch","Food & Dining","AUSTRALIA","AUD"
"Disney+ Store","Entertainment & Recreation","INDIA","INR"
"Chipotle #5753 TXN672655","Food & Dining","UK","GBP"
"Freelance","Income","AUSTRALIA","AUD"
"Cable Internet #2193 - Evening","Utilities & Services","USA","USD"
"Retirement #8382 (Card)","Financial Services","INDIA","INR"
"Pilates","Entertainment & Recreation","UK","GBP"
"ASPCA TXN552637","Charity & Donations","UK","GBP"
"Lyft Hospital","Transportation","CANADA","CAD"
"Target - UK","Food & Dining","UK","GBP"
"In-N-Out #3729 TXN108788","Food & Dining","CANADA","CAD"
"Cable Company TXN704892","Utilities & Services","USA","USD"
"Contract Work","Income","CANADA","CAD"
"Apple Store #4945","Shopping & Retail","INDIA","INR"
"Theme Park Online Mall","Entertainment & Recreation","USA","USD"
"Macy's","Shopping & Retail","INDIA","INR"
"Community Bank","Financial Services","USA","USD"
"Freelance","Income","INDIA","INR"
"Mobile Branch (ACH)","Utilities & Services","INDIA","INR"
"NYU Langone","Healthcare & Medical","USA","USD"
"Loan","Financial Services","CANADA","CAD"
"Quiznos #8577 TXN154148","Food & Dining","CANADA","CAD"
"Noodles & Company - USA Branch","Food & Dining","USA","USD"
"Subway Store","Food & Dining","AUSTRALIA","AUD"
"Fiber","Utilities & Services","UK","GBP"
"Freelance","Income","CANADA","CAD"
"Cable Company Center","Utilities & Services","CANADA","CAD"
"Specialist Branch","Healthcare & Medical","CANADA","CAD"
"Spotify #6112","Entertainment & Recreation","INDIA","INR"
"KeyBank","Financial Services","USA","USD"
"Reimbursement","Income","CANADA","CAD"
"Occupational Therapy","Healthcare & Medical","INDIA","INR"
"BoltBus Branch","Transportation","CANADA","CAD"
"Parking Branch","Transportation","CANADA","CAD"
"Blimpie - INDIA Downtown","Food & Dining","INDIA","INR"
"Clinic","Healthcare & Medical","AUSTRALIA","AUD"
"Clinic #3281 Store","Healthcare & Medical","INDIA","INR"
"Starbucks - CANADA Online - Lunch Time","Food & Dining","CANADA","CAD"
"Church Store","Charity & Donations","INDIA","INR"
"FBI Branch Downtown","Government & Legal","INDIA","INR"
"Starbucks","Food & Dining","CANADA","CAD"
"Panera Bread Store","Food & Dining","AUSTRALIA","AUD"
"Potbelly Online - Lunch Time","Food & Dining","AUSTRALIA","AUD"
"Income","Income","UK","GBP"
"Clinic","Healthcare & Medical","INDIA","INR"
"Investment Bank - UK Branch","Financial Services","UK","GBP"
"Medicare","Government & Legal","AUSTRALIA","AUD"
"Visa #9675","Government & Legal","AUSTRALIA","AUD"
"NGO #1691 Store","Charity & Donations","AUSTRALIA","AUD"
"Insurance #8053 TXN406539","Financial Services","UK","GBP"
"Community Center Store Online","Charity & Donations","USA","USD"
"Children's Hospital #8675 Store Branch","Healthcare & Medical","CANADA","CAD"
"Direct Deposit Center","Income","UK","GBP"
"Phone Company","Utilities & Services","CANADA","CAD"
"Charter #7193 - CANADA Hospital","Utilities & Services","CANADA","CAD"
"Customs","Government & Legal","USA","USD"
"Turo #6493","Transportation","USA","USD"
"Cold Stone Creamery Branch (Bank Transfer)","Food & Dining","USA","USD"
"Greenpeace TXN976221","Charity & Donations","USA","USD"
"Humane Society","Charity & Donations","CANADA","CAD"
"Regions Bank - Afternoon","Financial Services","UK","GBP"
"Temple Store","Charity & Donations","AUSTRALIA","AUD"
"Dental","Healthcare & Medical","CANADA","CAD"
"Cardiologist Hospital","Healthcare & Medical","AUSTRALIA","AUD"
"License #2475 Store Strip Mall","Government & Legal","AUSTRALIA","AUD"
"Optimum - USA Store","Utilities & Services","USA","USD"
"Salary #6323 Center TXN204997","Income","CANADA","CAD"
"Marshalls #3832 Branch","Shopping & Retail","CANADA","CAD"
"Greyhound #9316","Transportation","INDIA","INR"
"Cinema #6628","Entertainment & Recreation","UK","GBP"
"Cane's","Food & Dining","UK","GBP"
"In-N-Out","Food & Dining","USA","USD"
"CVS Store","Healthcare & Medical","AUSTRALIA","AUD"
"Bloomingdale's","Shopping & Retail","UK","GBP"
"Urgent Care","Healthcare & Medical","INDIA","INR"
"CenturyLink Store Branch","Utilities & Services","AUSTRALIA","AUD"
"County Clerk #8679 Branch Hospital","Government & Legal","USA","USD"
"Mediacom Branch TXN225779","Utilities & Services","CANADA","CAD"
"Dairy Queen Store Station","Food & Dining","AUSTRALIA","AUD"
"Rite Aid #3985 Store TXN923503","Healthcare & Medical","USA","USD"
"WOW #1404 Branch Station","Utilities & Services","USA","USD"
"Hardee's","Food & Dining","CANADA","CAD"
"Carnival Downtown","Entertainment & Recreation","CANADA","CAD"
"Lowe's #3628","Shopping & Retail","UK","GBP"
"Mayo Clinic #8365","Healthcare & Medical","UK","GBP"
"Saks Off 5th #7323 - AUSTRALIA","Shopping & Retail","AUSTRALIA","AUD"
"Government #8165 - USA","Government & Legal","USA","USD"
"Belk","Shopping & Retail","CANADA","CAD"
"Cedars-Sinai #6342 (Cash)","Healthcare & Medical","USA","USD"
"Salary Branch - Morning","Income","UK","GBP"
"Disability #8198 Center","Income","AUSTRALIA","AUD"
"Crunch Fitness #4522 - AUSTRALIA Online - Night","Entertainment & Recreation","AUSTRALIA","AUD"
"Olive Garden - Weekend","Food & Dining","INDIA","INR"
"BB&T - AUSTRALIA Online (Cash)","Financial Services","AUSTRALIA","AUD"
"Unemployment - AUSTRALIA Online","Income","AUSTRALIA","AUD"
"Avis #8154 Online","Transportation","AUSTRALIA","AUD"
"Gig Work Shopping Center","Income","USA","USD"
"Vacation Pay - Afternoon","Income","CANADA","CAD"
"Ski Resort #7374 Online","Entertainment & Recreation","USA","USD"
"Temple - USA","Charity & Donations","USA","USD"
"T-Mobile #7226 - AUSTRALIA Online Center","Utilities & Services","AUSTRALIA","AUD"
"Oxfam - Weekday","Charity & Donations","CANADA","CAD"
"Trader Joe's","Food & Dining","INDIA","INR"
"Congress","Government & Legal","CANADA","CAD"
"Windstream - UK","Utilities & Services","UK","GBP"
"Ulta - Weekday","Shopping & Retail","AUSTRALIA","AUD"
"Von Maur Campus","Shopping & Retail","USA","USD"
"UNICEF TXN324368","Charity & Donations","USA","USD"
"Nordstrom Rack #3500 (Contactless)","Shopping & Retail","AUSTRALIA","AUD"
"BART Online - Lunch Time","Transportation","CANADA","CAD"
"WiFi","Utilities & Services","USA","USD"
"Dairy Queen - INDIA Station","Food & Dining","INDIA","INR"
"Google Fiber","Utilities & Services","UK","GBP"
"Cable One - AUSTRALIA - Holiday","Utilities & Services","AUSTRALIA","AUD"
"Surgery","Healthcare & Medical","CANADA","CAD"
"Spectrum #9201","Utilities & Services","USA","USD"
"Dunkin' Donuts","Food & Dining","AUSTRALIA","AUD"
"Theater #1480","Entertainment & Recreation","UK","GBP"
"Cinemark","Entertainment & Recreation","INDIA","INR"
"Goodwill","Charity & Donations","INDIA","INR"
"Urgent Care #5062 - CANADA TXN228970","Healthcare & Medical","CANADA","CAD"
"Pediatrician - AUSTRALIA","Healthcare & Medical","AUSTRALIA","AUD"
"White Castle - CANADA Store - Dinner Time","Food & Dining","CANADA","CAD"
"Metro Store Online (ACH)","Transportation","AUSTRALIA","AUD"
"Pharmacy #9983 - Lunch Time","Healthcare & Medical","USA","USD"
"Verizon","Utilities & Services","CANADA","CAD"
"Salary #5328","Income","CANADA","CAD"
"Highway Patrol - Morning","Government & Legal","AUSTRALIA","AUD"
"Visa (Contactless)","Government & Legal","INDIA","INR"
"Donation","Charity & Donations","UK","GBP"
"Consolidated Communications #9417","Utilities & Services","UK","GBP"
"Side Hustle - UK","Income","UK","GBP"
"Pediatrician Airport","Healthcare & Medical","AUSTRALIA","AUD"
"SEPTA #9420","Transportation","UK","GBP"
"Wells Fargo","Financial Services","INDIA","INR"
"Cold Stone Creamery #1527","Food & Dining","INDIA","INR"
"Dairy Queen #8168 - INDIA Store","Food & Dining","INDIA","INR"
"Swimming Pool #4574 TXN289545","Entertainment & Recreation","AUSTRALIA","AUD"
"Car2Go Store","Transportation","INDIA","INR"
"Uniqlo - Morning","Shopping & Retail","INDIA","INR"
"Credit Union Store (Wire)","Financial Services","UK","GBP"
"McDonald's","Food & Dining","AUSTRALIA","AUD"
"National Center - Holiday","Transportation","UK","GBP"
"Potbelly #7860 - Morning","Food & Dining","INDIA","INR"
"UNICEF #9543 - INDIA","Charity & Donations","INDIA","INR"
"Staples #8600","Shopping & Retail","CANADA","CAD"
"Cable One","Utilities & Services","CANADA","CAD"
"Bus #8675 (Online)","Transportation","AUSTRALIA","AUD"
"Burlington Branch","Shopping & Retail","USA","USD"
"Salary - AUSTRALIA Store","Income","AUSTRALIA","AUD"
"Pizza Hut #4022 - UK - Afternoon","Food & Dining","UK","GBP"
"Permit Online","Government & Legal","INDIA","INR"
"Consolidated Communications","Utilities & Services","CANADA","CAD"
"Lord & Taylor","Shopping & Retail","INDIA","INR"
"Thrifty","Transportation","CANADA","CAD"
"Service #4200","Government & Legal","CANADA","CAD"
"Home Depot (Bank Transfer)","Shopping & Retail","AUSTRALIA","AUD"
"Safeway Pharmacy #6751","Healthcare & Medical","INDIA","INR"
"National #9607","Transportation","UK","GBP"
"KeyBank Branch Center","Financial Services","USA","USD"
"Church #6235 Residential","Charity & Donations","INDIA","INR"
"Citibank TXN888907","Financial Services","AUSTRALIA","AUD"
"Capital Gains","Income","USA","USD"
"Cleveland Clinic #8532","Healthcare & Medical","AUSTRALIA","AUD"
"Nike - CANADA","Shopping & Retail","CANADA","CAD"
"Bus #9777 Strip Mall","Transportation","UK","GBP"
"Orthopedist - USA Store","Healthcare & Medical","USA","USD"
"BB&T - INDIA (Bank Transfer)","Financial Services","INDIA","INR"
"Rally's","Food & Dining","CANADA","CAD"
"Temple #9438 (App)","Charity & Donations","AUSTRALIA","AUD"
"Uber Store - Night","Transportation","USA","USD"
"Credit - USA Store","Income","USA","USD"
"Clinic","Healthcare & Medical","INDIA","INR"
"AT&T - USA - Weekday","Utilities & Services","USA","USD"
"Exxon","Transportation","USA","USD"
"Senate Branch","Government & Legal","INDIA","INR"
"ASPCA - Dinner Time","Charity & Donations","USA","USD"
"Surgery Store","Healthcare & Medical","USA","USD"
"Ski Resort #5317","Entertainment & Recreation","UK","GBP"
"Dividend","Income","INDIA","INR"
"Federal Building #6092 - AUSTRALIA","Government & Legal","AUSTRALIA","AUD"
"Commission","Income","USA","USD"
"Walmart Supercenter (Contactless)","Food & Dining","UK","GBP"
"Brigham and Women's Store","Healthcare & Medical","USA","USD"
"Convention Center","Entertainment & Recreation","CANADA","CAD"
"Big Lots #3198 Shopping Center","Shopping & Retail","CANADA","CAD"
"Offering Online Strip Mall","Charity & Donations","USA","USD"
"Fire Department #8779 Online","Government & Legal","INDIA","INR"
"Bojangles Store Business District","Food & Dining","UK","GBP"
"Water Company","Utilities & Services","INDIA","INR"
"FedEx Office","Shopping & Retail","AUSTRALIA","AUD"
"BMO Harris","Financial Services","USA","USD"
"MARTA #9451","Transportation","INDIA","INR"
"Citibank #3694","Financial Services","CANADA","CAD"
"Mass General Online","Healthcare & Medical","INDIA","INR"
"Fiber","Utilities & Services","USA","USD"
"FBI Store Hospital","Government & Legal","USA","USD"
"Mediacom","Utilities & Services","USA","USD"
"Commission Online","Income","INDIA","INR"
"Wells Fargo","Financial Services","INDIA","INR"
"Cedars-Sinai","Healthcare & Medical","AUSTRALIA","AUD"
"Saks Fifth Avenue Store","Shopping & Retail","INDIA","INR"
"Loan #6168 Store","Financial Services","AUSTRALIA","AUD"
"Municipal Building Online","Government & Legal","INDIA","INR"
"Lord & Taylor #9676 - INDIA","Shopping & Retail","INDIA","INR"
"Stock #6202","Financial Services","AUSTRALIA","AUD"
"DSL Online","Utilities & Services","UK","GBP"
"Regions Bank #9696 Branch","Financial Services","UK","GBP"
"National Parks #4440 Residential","Charity & Donations","CANADA","CAD"
"Dental Store","Healthcare & Medical","INDIA","INR"
"Train","Transportation","USA","USD"
"Rite Aid Hospital","Healthcare & Medical","INDIA","INR"
"Tennis Court Center","Entertainment & Recreation","USA","USD"
"Car2Go (Wire)","Transportation","USA","USD"
"BoltBus Store","Transportation","INDIA","INR"
"Thrifty Campus","Transportation","CANADA","CAD"
"Avis #2698 Store Downtown","Transportation","USA","USD"
"Wendy's (Bank Transfer)","Food & Dining","CANADA","CAD"
"Neiman Marcus Branch","Shopping & Retail","AUSTRALIA","AUD"
"Government #6770 (App)","Government & Legal","UK","GBP"
"Target #2553 Store","Food & Dining","INDIA","INR"
"Business WiFi Store Branch TXN490037","Utilities & Services","UK","GBP"
"M&T Bank #9218 - AUSTRALIA","Financial Services","AUSTRALIA","AUD"
"Spectrum Shopping Center","Utilities & Services","AUSTRALIA","AUD"
"Walmart Pharmacy Store","Healthcare & Medical","UK","GBP"
"Belk Online","Shopping & Retail","INDIA","INR"
"Mini Golf","Entertainment & Recreation","USA","USD"
"Post Office","Government & Legal","CANADA","CAD"
"Youth Organization Online Center","Charity & Donations","USA","USD"
"Dollar Tree - AUSTRALIA","Shopping & Retail","AUSTRALIA","AUD"
"Gig Work #6530 Online","Income","AUSTRALIA","AUD"
"Barneys New York #6503","Shopping & Retail","UK","GBP"
"Part-time","Income","USA","USD"
"CVS Store (Contactless)","Shopping & Retail","AUSTRALIA","AUD"
"GoFundMe - UK","Charity & Donations","UK","GBP"
"Taxi","Transportation","USA","USD"
"WiFi (Card)","Utilities & Services","CANADA","CAD"
"World Vision Branch","Charity & Donations","AUSTRALIA","AUD"
"Johns Hopkins #4523","Healthcare & Medical","CANADA","CAD"
"Mini Golf","Entertainment & Recreation","CANADA","CAD"
"Brokerage #6186","Financial Services","AUSTRALIA","AUD"
"Eye Care","Healthcare & Medical","INDIA","INR"
"Raising Cane's - AUSTRALIA Store Center TXN236409","Food & Dining","AUSTRALIA","AUD"
"CenturyLink - Dinner Time","Utilities & Services","CANADA","CAD"
"Museum","Entertainment & Recreation","AUSTRALIA","AUD"
"Salary - UK","Income","UK","GBP"
"Legal TXN516795","Government & Legal","USA","USD"
"Visa (Digital Wallet)","Government & Legal","USA","USD"
"Youth Organization TXN661626","Charity & Donations","INDIA","INR"
"Neurologist #6032 Store (Digital Wallet)","Healthcare & Medical","INDIA","INR"
"Best Buy #7854 (Contactless)","Shopping & Retail","INDIA","INR"
"Rental Income Business District","Income","CANADA","CAD"
"Xfinity Online","Utilities & Services","INDIA","INR"
"Sephora","Shopping & Retail","CANADA","CAD"
"CrossFit - USA","Entertainment & Recreation","USA","USD"
"Tennis Court","Entertainment & Recreation","UK","GBP"
"Oxfam #1368","Charity & Donations","INDIA","INR"
"Bank of America Residential","Financial Services","UK","GBP"
"Visa Branch Residential","Government & Legal","UK","GBP"
"AT&T","Utilities & Services","INDIA","INR"
"Target Store","Food & Dining","UK","GBP"
"Shake Shack #4677 (Cash)","Food & Dining","CANADA","CAD"
"Temple Store","Charity & Donations","USA","USD"
"Festival Center TXN510647","Entertainment & Recreation","AUSTRALIA","AUD"
"BMO Harris #7196 Store TXN677903","Financial Services","UK","GBP"
"Cox (ACH)","Utilities & Services","AUSTRALIA","AUD"
"Quiznos","Food & Dining","USA","USD"
"Dermatologist #8365 (Card)","Healthcare & Medical","AUSTRALIA","AUD"
"Tennis Court Store","Entertainment & Recreation","CANADA","CAD"
"Fire Department","Government & Legal","CANADA","CAD"
"Registration","Government & Legal","UK","GBP"
"Fundraising Center (Cash)","Charity & Donations","USA","USD"
"Zaxby's #2462","Food & Dining","UK","GBP"
"White House #3524 TXN510766","Government & Legal","USA","USD"
"WWF #3813","Charity & Donations","INDIA","INR"
"Ambulance","Government & Legal","USA","USD"
"Huntington Bank Online","Financial Services","AUSTRALIA","AUD"
"CIA - INDIA Branch TXN625851","Government & Legal","INDIA","INR"
"Spectrum TXN868080","Utilities & Services","AUSTRALIA","AUD"
"Rock Climbing #8438 - USA (App)","Entertainment & Recreation","USA","USD"
"Veterans Organization","Charity & Donations","UK","GBP"
"Highway Patrol #6322","Government & Legal","CANADA","CAD"
"Nordstrom Branch","Shopping & Retail","INDIA","INR"
"Tax #5402","Government & Legal","UK","GBP"
"Trader Joe's #4423","Food & Dining","CANADA","CAD"
"Fifth Third","Financial Services","UK","GBP"
"Fundraising","Charity & Donations","USA","USD"
"Dermatologist Downtown","Healthcare & Medical","INDIA","INR"
"Whole Foods #8440 (Bank Transfer)","Food & Dining","INDIA","INR"
"IRS","Government & Legal","INDIA","INR"
"H&M #3838 - UK","Shopping & Retail","UK","GBP"
"Orthopedist","Healthcare & Medical","AUSTRALIA","AUD"
"CenturyLink #5879","Utilities & Services","AUSTRALIA","AUD"
"IRS","Government & Legal","USA","USD"
"Zoo #6875","Entertainment & Recreation","USA","USD"
"Walgreens #9952","Healthcare & Medical","CANADA","CAD"
"Mass General","Healthcare & Medical","CANADA","CAD"
"MARTA Store","Transportation","CANADA","CAD"
"ATM #5273 - Morning","Financial Services","USA","USD"
"Clinic - INDIA","Healthcare & Medical","INDIA","INR"
"Lab Shopping Center","Healthcare & Medical","AUSTRALIA","AUD"
"Urgent Care","Healthcare & Medical","CANADA","CAD"
"Theater","Entertainment & Recreation","AUSTRALIA","AUD"
"MBTA - CANADA Store TXN730431","Transportation","CANADA","CAD"
"Sixt Center","Transportation","UK","GBP"
"Children's Hospital (ACH)","Healthcare & Medical","INDIA","INR"
"GoFundMe","Charity & Donations","CANADA","CAD"
"Jimmy John's #7783 Online","Food & Dining","AUSTRALIA","AUD"
"IRS","Government & Legal","AUSTRALIA","AUD"
"Fire Department","Government & Legal","AUSTRALIA","AUD"
"Theater Store - Holiday","Entertainment & Recreation","CANADA","CAD"
"SunTrust #8548","Financial Services","UK","GBP"
"WWF Branch - Weekend","Charity & Donations","CANADA","CAD"
"Psychiatrist - AUSTRALIA Hospital","Healthcare & Medical","AUSTRALIA","AUD"
"ASPCA Airport","Charity & Donations","INDIA","INR"
"KFC - CANADA","Food & Dining","CANADA","CAD"
"Payroll","Income","INDIA","INR"
"YouTube Campus","Entertainment & Recreation","CANADA","CAD"
"Stanford Health #2448 Center","Healthcare & Medical","AUSTRALIA","AUD"
"Holiday Pay","Income","USA","USD"
"Church - Dinner Time","Charity & Donations","AUSTRALIA","AUD"
"Sick Pay","Income","INDIA","INR"
"First National Online Shopping Center","Financial Services","INDIA","INR"
"Walk-in Clinic #4923 - USA Online","Healthcare & Medical","USA","USD"
"Festival","Entertainment & Recreation","USA","USD"
"Nordstrom Rack #8332","Shopping & Retail","CANADA","CAD"
"WiFi Hotspot","Utilities & Services","INDIA","INR"
"Service #8531","Government & Legal","AUSTRALIA","AUD"
"GoFundMe #6250","Charity & Donations","INDIA","INR"
"Stock #2520","Financial Services","USA","USD"
"SPCA #1598 - AUSTRALIA","Charity & Donations","AUSTRALIA","AUD"
"Regal #6724 - USA","Entertainment & Recreation","USA","USD"
"Transfer","Financial Services","USA","USD"
"Zipcar TXN982927","Transportation","AUSTRALIA","AUD"
"National Parks - AUSTRALIA Online","Charity & Donations","AUSTRALIA","AUD"
"Sierra Club","Charity & Donations","AUSTRALIA","AUD"
"M&T Bank Online","Financial Services","USA","USD"
"T-Mobile - CANADA Online Downtown","Utilities & Services","CANADA","CAD"
"Registration #8372 Online","Government & Legal","UK","GBP"
"Chick-fil-A - Afternoon","Food & Dining","CANADA","CAD"
"County Clerk Store","Government & Legal","UK","GBP"
"Water Park (Wire)","Entertainment & Recreation","INDIA","INR"
"Medicare - AUSTRALIA","Government & Legal","AUSTRALIA","AUD"
"24 Hour Fitness Hospital","Entertainment & Recreation","UK","GBP"
"Train Online","Transportation","AUSTRALIA","AUD"
"Payroll #5133 - USA","Income","USA","USD"
"Ski Resort","Entertainment & Recreation","UK","GBP"
"Arcade","Entertainment & Recreation","UK","GBP"
"Viasat","Utilities & Services","UK","GBP"
"Veterans Organization Store Branch (Digital Wallet)","Charity & Donations","INDIA","INR"
"24 Hour Fitness #7068 Branch (Wire)","Entertainment & Recreation","UK","GBP"
"CrossFit #3756","Entertainment & Recreation","AUSTRALIA","AUD"
"Insurance Online","Financial Services","INDIA","INR"
"Gas Company #2970 - CANADA Store","Utilities & Services","CANADA","CAD"
"Subway #8720","Food & Dining","INDIA","INR"
"Costco TXN189340","Shopping & Retail","AUSTRALIA","AUD"
"Cane's #9585","Food & Dining","CANADA","CAD"
"Town Hall Hospital","Government & Legal","CANADA","CAD"
"LA Fitness","Entertainment & Recreation","UK","GBP"
"Costco TXN944004","Shopping & Retail","INDIA","INR"
"Google Fiber - Weekday","Utilities & Services","AUSTRALIA","AUD"
"Best Buy Online","Shopping & Retail","USA","USD"
"Stock","Financial Services","UK","GBP"
"Allegiant #8372 - USA Store - Afternoon","Transportation","USA","USD"
"Wendy's","Food & Dining","INDIA","INR"
"Secret Service","Government & Legal","CANADA","CAD"
"American Airlines Branch","Transportation","AUSTRALIA","AUD"
"Mortgage #8272 - INDIA TXN441175","Financial Services","INDIA","INR"
"Olive Garden","Food & Dining","AUSTRALIA","AUD"
"Rally's Store - Lunch Time","Food & Dining","CANADA","CAD"
"County Clerk","Government & Legal","USA","USD"
"Side Hustle Downtown","Income","USA","USD"
"Chase TXN636665","Financial Services","UK","GBP"
"Investment Bank - USA (App)","Financial Services","USA","USD"
"Internet Provider Business District","Utilities & Services","AUSTRALIA","AUD"
"Frontier - USA","Utilities & Services","USA","USD"
"Kroger Pharmacy Shopping Center","Healthcare & Medical","UK","GBP"
"Specialist Strip Mall","Healthcare & Medical","INDIA","INR"
"Fundraising Store","Charity & Donations","CANADA","CAD"
"Greyhound #9834","Transportation","AUSTRALIA","AUD"
"Fifth Third Station","Financial Services","INDIA","INR"
"Salvation Army #3624 Branch","Charity & Donations","AUSTRALIA","AUD"
"Salvation Army #7140","Charity & Donations","AUSTRALIA","AUD"
"Domino's","Food & Dining","USA","USD"
"Wage #9174 (App)","Income","USA","USD"
"Business WiFi","Utilities & Services","UK","GBP"
"HughesNet #9254 - CANADA Business District","Utilities & Services","CANADA","CAD"
"Budget - Weekday","Transportation","AUSTRALIA","AUD"
"Cane's Branch - Holiday","Food & Dining","USA","USD"
"American Airlines Online","Transportation","CANADA","CAD"
"Electric Company - INDIA Station","Utilities & Services","INDIA","INR"
"Chevron Store","Transportation","INDIA","INR"
"Immigration","Government & Legal","INDIA","INR"
"H&M #7310","Shopping & Retail","USA","USD"
"TSA #9557 - Lunch Time","Government & Legal","INDIA","INR"
"Alamo #6058 Online","Transportation","CANADA","CAD"
"Neiman Marcus - INDIA Store Branch","Shopping & Retail","INDIA","INR"
"Greenpeace","Charity & Donations","CANADA","CAD"
"ReachNow - USA Store","Transportation","USA","USD"
"SEPTA - INDIA Store TXN930611","Transportation","INDIA","INR"
"OfficeMax","Shopping & Retail","UK","GBP"
"KeyBank #7990 Online","Financial Services","AUSTRALIA","AUD"
"Go-Kart #7836","Entertainment & Recreation","INDIA","INR"
"Salary #1772","Income","USA","USD"
"Social Security","Government & Legal","AUSTRALIA","AUD"
"Zoo Store","Entertainment & Recreation","AUSTRALIA","AUD"
"Cinema - Lunch Time","Entertainment & Recreation","UK","GBP"
"Salary Shopping Center","Income","USA","USD"
"UPS Store #3496 Store Mall","Shopping & Retail","UK","GBP"
"Disability #6029 - USA","Income","USA","USD"
"Charity","Charity & Donations","INDIA","INR"
"Chiropractor Airport","Healthcare & Medical","AUSTRALIA","AUD"
"Nature Conservancy #6173 - AUSTRALIA","Charity & Donations","AUSTRALIA","AUD"
"Alaska Airlines #7046 - INDIA Online","Transportation","INDIA","INR"
"CrossFit","Entertainment & Recreation","AUSTRALIA","AUD"
"Sparklight Online","Utilities & Services","UK","GBP"
"Court Campus","Government & Legal","USA","USD"
"Stanford Health #1924","Healthcare & Medical","USA","USD"
"Specialist","Healthcare & Medical","INDIA","INR"
"Ski Resort #1435 - AUSTRALIA Branch","Entertainment & Recreation","AUSTRALIA","AUD"
"Rite Aid - Rush Hour","Healthcare & Medical","INDIA","INR"
"Cox #3376 - Lunch Time","Utilities & Services","USA","USD"
"Walgreens","Healthcare & Medical","UK","GBP"
"Staples #8236 Store Center","Shopping & Retail","AUSTRALIA","AUD"
"State Police #6850","Government & Legal","AUSTRALIA","AUD"
"AMC TXN425892","Entertainment & Recreation","CANADA","CAD"
"UCSF Medical","Healthcare & Medical","INDIA","INR"
"Donation #4935 Store Center (Digital Wallet)","Charity & Donations","INDIA","INR"
"Delta - Morning","Transportation","UK","GBP"
"NGO","Charity & Donations","USA","USD"
"Windstream Online Hospital","Utilities & Services","USA","USD"
"Mutual Fund (Wire)","Financial Services","INDIA","INR"
"Trader Joe's #8092","Food & Dining","INDIA","INR"
"Walgreens - CANADA Hospital","Shopping & Retail","CANADA","CAD"
"YouTube #6919 - UK Store","Entertainment & Recreation","UK","GBP"
"IRS Center TXN913602","Government & Legal","USA","USD"
"Trader Joe's Business District","Food & Dining","CANADA","CAD"
"Cable Internet - Weekday","Utilities & Services","INDIA","INR"
"Blood Test #4889 TXN928430","Healthcare & Medical","UK","GBP"
"Congress Store","Government & Legal","UK","GBP"
"Pure Barre #1094 Store","Entertainment & Recreation","INDIA","INR"
"JetBlue","Transportation","USA","USD"
"Carnival Online - Weekday","Entertainment & Recreation","AUSTRALIA","AUD"
"Taco Bell - Morning","Food & Dining","INDIA","INR"
"Costco","Shopping & Retail","INDIA","INR"
"Dermatologist","Healthcare & Medical","UK","GBP"
"Arby's Hospital","Food & Dining","INDIA","INR"
"Neurologist #2079 - Afternoon","Healthcare & Medical","AUSTRALIA","AUD"
"Barneys New York #3000","Shopping & Retail","UK","GBP"
"Trader Joe's Branch","Food & Dining","AUSTRALIA","AUD"
"Annuity - CANADA Store","Income","CANADA","CAD"
"Go-Kart - Dinner Time","Entertainment & Recreation","INDIA","INR"
"Charter #6587 - INDIA","Utilities & Services","INDIA","INR"
"Big Lots - INDIA TXN669825","Shopping & Retail","INDIA","INR"
"Panda Express #4880 - Holiday","Food & Dining","CANADA","CAD"
"SPCA (Card)","Charity & Donations","UK","GBP"
"Senior Center #2486 - AUSTRALIA Center","Charity & Donations","AUSTRALIA","AUD"
"Police Department #8112","Government & Legal","USA","USD"
"MARTA","Transportation","UK","GBP"
"Fifth Third #1039 - USA","Financial Services","USA","USD"
"Comerica Business District","Financial Services","USA","USD"
"Hawaiian Airlines","Transportation","CANADA","CAD"
"MTA Online","Transportation","UK","GBP"
"Hulu #6656 Store","Entertainment & Recreation","USA","USD"
"Consolidated Communications #7112 - Morning","Utilities & Services","AUSTRALIA","AUD"
"Urologist","Healthcare & Medical","INDIA","INR"
"County Clerk #3531","Government & Legal","USA","USD"
"Regions Bank - AUSTRALIA","Financial Services","AUSTRALIA","AUD"
"Mr. Sub #8623","Food & Dining","AUSTRALIA","AUD"
"Train Store TXN664926","Transportation","UK","GBP"
"Internet Provider #6223 - Weekend","Utilities & Services","AUSTRALIA","AUD"
"Pharmacy","Healthcare & Medical","USA","USD"
"Satellite Internet Business District","Utilities & Services","CANADA","CAD"
"Whataburger Business District","Food & Dining","INDIA","INR"
"NYU Langone #7476","Healthcare & Medical","INDIA","INR"
"Office Depot #3229 Online","Shopping & Retail","INDIA","INR"
"Sixt #3032 Hospital","Transportation","CANADA","CAD"
"Escape Room Online","Entertainment & Recreation","CANADA","CAD"
"Municipal Building - Morning","Government & Legal","CANADA","CAD"
"Deposit #7278 - AUSTRALIA","Income","AUSTRALIA","AUD"
"Stock - USA","Financial Services","USA","USD"
"Wage #9643","Income","INDIA","INR"
"Fire Department (Card)","Government & Legal","CANADA","CAD"
"BB&T Store Online Downtown","Financial Services","INDIA","INR"
"Fair (Online)","Entertainment & Recreation","CANADA","CAD"
"Pediatrician #2103 Store TXN610092","Healthcare & Medical","INDIA","INR"
"Macy's #8987","Shopping & Retail","INDIA","INR"
"Panda Express","Food & Dining","USA","USD"
"Animal Shelter Store","Charity & Donations","CANADA","CAD"
"MRI - AUSTRALIA Airport","Healthcare & Medical","AUSTRALIA","AUD"
"Taxi - UK","Transportation","UK","GBP"
"Convention Center #7226 - UK","Entertainment & Recreation","UK","GBP"
"Pediatrician #4680 - UK","Healthcare & Medical","UK","GBP"
"ASPCA - USA Branch - Night","Charity & Donations","USA","USD"
"Mayo Clinic #3672 - CANADA","Healthcare & Medical","CANADA","CAD"
"WiFi Hotspot Online (ACH)","Utilities & Services","AUSTRALIA","AUD"
"Target #1333 Online - Holiday","Shopping & Retail","CANADA","CAD"
"Zara #5136","Shopping & Retail","CANADA","CAD"
"Salary Residential","Income","INDIA","INR"
"CVS #5441 - Morning","Shopping & Retail","AUSTRALIA","AUD"
"JetBlue #1913 - AUSTRALIA","Transportation","AUSTRALIA","AUD"
"CIA - Rush Hour","Government & Legal","INDIA","INR"
"Dillard's (Wire)","Shopping & Retail","UK","GBP"
"Xfinity","Utilities & Services","USA","USD"
"Toll","Transportation","INDIA","INR"
"ATF (Card)","Government & Legal","USA","USD"
"Jersey Mike's Business District","Food & Dining","CANADA","CAD"
"Nature Conservancy","Charity & Donations","INDIA","INR"
"Secret Service #3353","Government & Legal","USA","USD"
"Mayo Clinic Store TXN468305","Healthcare & Medical","USA","USD"
"Clinic - USA Shopping Center","Healthcare & Medical","USA","USD"
"Peter Pan","Transportation","UK","GBP"
"Crunch Fitness","Entertainment & Recreation","CANADA","CAD"
"Bojangles Branch Shopping Center","Food & Dining","INDIA","INR"
"United #2528 (Cash)","Transportation","AUSTRALIA","AUD"
"Retirement #2434","Financial Services","CANADA","CAD"
"Tennis Court #5135 Online TXN965632","Entertainment & Recreation","AUSTRALIA","AUD"
"Licensing Center - Evening","Income","UK","GBP"
"Verizon Branch","Utilities & Services","CANADA","CAD"
"Sick Pay","Income","CANADA","CAD"
"Disability #5021 (App)","Income","UK","GBP"
"Cable One - UK","Utilities & Services","UK","GBP"
"Cable Company","Utilities & Services","AUSTRALIA","AUD"
"Consolidated Communications #6568 Branch","Utilities & Services","INDIA","INR"
"Suddenlink - INDIA (Mobile)","Utilities & Services","INDIA","INR"
"Amnesty International #3829","Charity & Donations","AUSTRALIA","AUD"
"Dairy Queen #3365","Food & Dining","AUSTRALIA","AUD"
"Income #8343 - Night","Income","AUSTRALIA","AUD"
"Hospital #1754 Campus","Healthcare & Medical","INDIA","INR"
"Sephora - USA - Afternoon","Shopping & Retail","USA","USD"
"Orthopedist #8482 (Bank Transfer)","Healthcare & Medical","AUSTRALIA","AUD"
"PNC Bank #9146 Store (Cash)","Financial Services","UK","GBP"
"UNICEF #8359","Charity & Donations","AUSTRALIA","AUD"
"CrossFit (Bank Transfer)","Entertainment & Recreation","INDIA","INR"
"Walmart #9072","Shopping & Retail","INDIA","INR"
"T-Mobile #8369 Store","Utilities & Services","INDIA","INR"
"Anytime Fitness","Entertainment & Recreation","INDIA","INR"
"Gym #2334 Branch - Morning","Entertainment & Recreation","UK","GBP"
"Lord & Taylor #4405 Store","Shopping & Retail","AUSTRALIA","AUD"
"24 Hour Fitness","Entertainment & Recreation","AUSTRALIA","AUD"
"GoFundMe #8747","Charity & Donations","CANADA","CAD"
"Neurologist - CANADA Branch TXN384292","Healthcare & Medical","CANADA","CAD"
"Paintball Online","Entertainment & Recreation","UK","GBP"
"UCSF Medical #2247 Online","Healthcare & Medical","INDIA","INR"
"Tax","Government & Legal","AUSTRALIA","AUD"
"PNC Bank #2370","Financial Services","AUSTRALIA","AUD"
"Mutual Fund - INDIA - Weekend","Financial Services","INDIA","INR"
"Zipcar - INDIA Online","Transportation","INDIA","INR"
"Gold's Gym","Entertainment & Recreation","INDIA","INR"
"Bookkeeping #3562","Financial Services","CANADA","CAD"
"Pizza Hut TXN737264","Food & Dining","USA","USD"
"Jersey Mike's Store TXN712965","Food & Dining","USA","USD"
"Transfer TXN187654","Financial Services","INDIA","INR"
"Gas Company","Utilities & Services","UK","GBP"
"NSA - INDIA Store Campus","Government & Legal","INDIA","INR"
"Yoga Studio #2610 - INDIA Branch","Entertainment & Recreation","INDIA","INR"
"Mayo Clinic #8761 Online","Healthcare & Medical","AUSTRALIA","AUD"
"Wealth Management Center","Financial Services","CANADA","CAD"
"Hertz - INDIA","Transportation","INDIA","INR"
"Cox - CANADA - Weekday","Utilities & Services","CANADA","CAD"
"Offering Center","Charity & Donations","AUSTRALIA","AUD"
"Southwest Airlines - INDIA","Transportation","INDIA","INR"
"Firehouse Subs Store - Rush Hour","Food & Dining","USA","USD"
"SunTrust - UK","Financial Services","UK","GBP"
"Cleveland Clinic - Evening","Healthcare & Medical","AUSTRALIA","AUD"
"Netflix Store","Entertainment & Recreation","CANADA","CAD"
"Federal Building","Government & Legal","CANADA","CAD"
"Physical Therapy","Healthcare & Medical","USA","USD"
"Commission","Income","AUSTRALIA","AUD"
"Nature Conservancy","Charity & Donations","INDIA","INR"
"Occupational Therapy Online","Healthcare & Medical","AUSTRALIA","AUD"
"Urologist TXN559685","Healthcare & Medical","USA","USD"
"Church (Contactless)","Charity & Donations","USA","USD"
"SunTrust - USA Center (ACH)","Financial Services","USA","USD"
"Police Department (Bank Transfer)","Government & Legal","CANADA","CAD"
"Nordstrom Rack","Shopping & Retail","CANADA","CAD"
"UCSF Medical","Healthcare & Medical","UK","GBP"
"License #5547 Online","Government & Legal","UK","GBP"
"Paintball Store - Lunch Time","Entertainment & Recreation","USA","USD"
"Payroll Store","Income","USA","USD"
"Vacation Pay","Income","INDIA","INR"
"GoFundMe - Night","Charity & Donations","CANADA","CAD"
"ATM #9967 TXN993455","Financial Services","AUSTRALIA","AUD"
"Maternity Leave Online Center","Income","USA","USD"
"Stanford Health","Healthcare & Medical","USA","USD"
"CVS - AUSTRALIA (Cash)","Healthcare & Medical","AUSTRALIA","AUD"
"Uniqlo Branch TXN574949","Shopping & Retail","CANADA","CAD"
"MBTA","Transportation","UK","GBP"
"Marshalls","Shopping & Retail","UK","GBP"
"Brokerage #2702 (Online)","Financial Services","AUSTRALIA","AUD"
"Ulta #7718 TXN434230","Shopping & Retail","USA","USD"
"Bergdorf Goodman - AUSTRALIA - Afternoon","Shopping & Retail","AUSTRALIA","AUD"
"Cinemark TXN794069","Entertainment & Recreation","USA","USD"
"Sick Pay Branch","Income","USA","USD"
"Apple Store","Shopping & Retail","AUSTRALIA","AUD"
"Toll","Transportation","AUSTRALIA","AUD"
"Sixt TXN635874","Transportation","USA","USD"
"Belk","Shopping & Retail","UK","GBP"
"Atlantic Broadband - Afternoon","Utilities & Services","AUSTRALIA","AUD"
"Visa Store","Government & Legal","USA","USD"
"Mosque - USA","Charity & Donations","USA","USD"
"Post Office Downtown","Government & Legal","AUSTRALIA","AUD"
"Salvation Army","Charity & Donations","INDIA","INR"
"Homeless Shelter Center TXN766940","Charity & Donations","USA","USD"
"Hulu (Digital Wallet)","Entertainment & Recreation","CANADA","CAD"
"CrossFit #8380","Entertainment & Recreation","CANADA","CAD"
"Macy's #5814 Store","Shopping & Retail","INDIA","INR"
"Cane's #4887 Online - Evening","Food & Dining","UK","GBP"
"Blimpie #9973","Food & Dining","AUSTRALIA","AUD"
"City Hall #1977","Government & Legal","USA","USD"
"BB&T Store Mall","Financial Services","AUSTRALIA","AUD"
"Safeway","Food & Dining","CANADA","CAD"
"Dollar General #3063 - USA","Shopping & Retail","USA","USD"
"Credit","Income","UK","GBP"
"AMC Store","Entertainment & Recreation","INDIA","INR"
"Moe's Southwest Grill - AUSTRALIA TXN785764","Food & Dining","AUSTRALIA","AUD"
"Disney+","Entertainment & Recreation","CANADA","CAD"
"Customs - USA Store Center TXN417682","Government & Legal","USA","USD"
"Charter #6367 Online TXN767120","Utilities & Services","AUSTRALIA","AUD"
"HSBC - INDIA","Financial Services","INDIA","INR"
"Deposit - INDIA Online","Income","INDIA","INR"
"Peter Pan","Transportation","USA","USD"
"Costco #6164","Shopping & Retail","INDIA","INR"
"FBI","Government & Legal","CANADA","CAD"
"Wealth Management","Financial Services","USA","USD"
"Permit - Rush Hour","Government & Legal","USA","USD"
"DEA Store - Rush Hour","Government & Legal","AUSTRALIA","AUD"
"Adidas","Shopping & Retail","AUSTRALIA","AUD"
"Mutual Fund Campus","Financial Services","INDIA","INR"
"Mr. Sub","Food & Dining","USA","USD"
"YouTube","Entertainment & Recreation","INDIA","INR"
"CenturyLink","Utilities & Services","UK","GBP"
"Apple Store","Shopping & Retail","USA","USD"
"Alaska Airlines Store Branch","Transportation","UK","GBP"
"Planet Fitness #4654 Branch","Entertainment & Recreation","UK","GBP"
"Temple","Charity & Donations","CANADA","CAD"
"Youth Organization - USA","Charity & Donations","USA","USD"
"Huntington Bank Store - Lunch Time","Financial Services","UK","GBP"
"US Bank - CANADA Online","Financial Services","CANADA","CAD"
"DEA","Government & Legal","CANADA","CAD"
"Jimmy John's - CANADA Store Online","Food & Dining","CANADA","CAD"
"Swimming Pool - Evening","Entertainment & Recreation","UK","GBP"
"CVS","Healthcare & Medical","INDIA","INR"
"Congress #6701 - INDIA Station","Government & Legal","INDIA","INR"
"Target #8625 - USA","Shopping & Retail","USA","USD"
"Bookkeeping #5712","Financial Services","UK","GBP"
"County Clerk Station","Government & Legal","UK","GBP"
"DART Online","Transportation","AUSTRALIA","AUD"
"Fitness","Entertainment & Recreation","UK","GBP"
"World Vision Center (App)","Charity & Donations","USA","USD"
"Spirit Store (Wire)","Transportation","UK","GBP"
"Disney+ #3557","Entertainment & Recreation","UK","GBP"
"Family Dollar #4372 Shopping Center","Shopping & Retail","UK","GBP"
"Primary Care #5096 - CANADA Online","Healthcare & Medical","CANADA","CAD"
"Viasat #4689","Utilities & Services","AUSTRALIA","AUD"
"Emergency Room #5105 - AUSTRALIA Online (ACH)","Healthcare & Medical","AUSTRALIA","AUD"
"Equinox #4814","Entertainment & Recreation","AUSTRALIA","AUD"
"Doctors Without Borders Store","Charity & Donations","USA","USD"
"Royalty #3582 Branch Shopping Center","Income","CANADA","CAD"
"Arby's Store Airport","Food & Dining","CANADA","CAD"
"DirecTV","Utilities & Services","CANADA","CAD"
"WWF","Charity & Donations","CANADA","CAD"
"HughesNet","Utilities & Services","USA","USD"
"Baja Fresh #8148 Center","Food & Dining","INDIA","INR"
"Salary","Income","INDIA","INR"
"Big Lots #5257 Online TXN282975","Shopping & Retail","CANADA","CAD"
"DSL Branch Residential","Utilities & Services","CANADA","CAD"
"Religious Organization - Morning","Charity & Donations","CANADA","CAD"
"Comcast #6640 Center","Utilities & Services","USA","USD"
"DMV Center - Holiday","Government & Legal","AUSTRALIA","AUD"
"Lab Center","Healthcare & Medical","AUSTRALIA","AUD"
"ATF #9875","Government & Legal","UK","GBP"
"Rite Aid Store","Healthcare & Medical","UK","GBP"
"Overtime #6714","Income","INDIA","INR"
"Emergency Services #2377 - UK","Government & Legal","UK","GBP"
"Refund - Evening","Income","AUSTRALIA","AUD"
"Ambulance - INDIA","Government & Legal","INDIA","INR"
"Service Branch","Government & Legal","UK","GBP"
"Social Security Branch Business District","Government & Legal","AUSTRALIA","AUD"
"CenturyLink Store (Online)","Utilities & Services","INDIA","INR"
"Neiman Marcus #6856 (Wire)","Shopping & Retail","AUSTRALIA","AUD"
"Hawaiian Airlines (Cash)","Transportation","INDIA","INR"
"Red Cross #1823","Charity & Donations","INDIA","INR"
"Clinic - AUSTRALIA Campus","Healthcare & Medical","AUSTRALIA","AUD"
"Walmart #8238 - INDIA (Contactless)","Shopping & Retail","INDIA","INR"
"Income Hospital","Income","UK","GBP"
"Loan #3053 - UK","Financial Services","UK","GBP"
"ASPCA Residential","Charity & Donations","CANADA","CAD"
"DSL #4106","Utilities & Services","USA","USD"
"Tax Preparation - CANADA - Rush Hour","Financial Services","CANADA","CAD"
"Passport - UK","Government & Legal","UK","GBP"
"AT&T TXN708526","Utilities & Services","INDIA","INR"
"Chase - Afternoon","Financial Services","INDIA","INR"
"Cable Company #1057","Utilities & Services","INDIA","INR"
"Crunch Fitness #5869 - Weekday","Entertainment & Recreation","UK","GBP"
"Bank of America Store","Financial Services","AUSTRALIA","AUD"
"Highway Patrol Station","Government & Legal","UK","GBP"
"Zara #4509 Online","Shopping & Retail","UK","GBP"
"CIA - Holiday","Government & Legal","AUSTRALIA","AUD"
"Dillard's #2466 - USA Store TXN589975","Shopping & Retail","USA","USD"
"Jersey Mike's Store - Dinner Time","Food & Dining","AUSTRALIA","AUD"
"Olive Garden - Dinner Time","Food & Dining","CANADA","CAD"
"Donation - CANADA Store","Charity & Donations","CANADA","CAD"
"Kaiser Permanente (Digital Wallet)","Healthcare & Medical","UK","GBP"
"Culver's #4048","Food & Dining","USA","USD"
"Fiber - INDIA Branch","Utilities & Services","INDIA","INR"
"Salary - INDIA","Income","INDIA","INR"
"Marshals #7940","Government & Legal","UK","GBP"
"Domino's #4958 TXN316870","Food & Dining","CANADA","CAD"
"SEPTA","Transportation","CANADA","CAD"
"Frontier Store","Utilities & Services","CANADA","CAD"
"Franchise","Income","USA","USD"
"Deposit #2021 Shopping Center","Income","UK","GBP"
"Sheriff","Government & Legal","CANADA","CAD"
"Local Food Bank #8895 - INDIA (Mobile)","Charity & Donations","INDIA","INR"
"Amazon Prime #9503 TXN263361","Entertainment & Recreation","USA","USD"
"Tax #3159 Residential","Government & Legal","CANADA","CAD"
"TSA","Government & Legal","USA","USD"
"Pension #4238","Income","USA","USD"
"Wealth Management","Financial Services","CANADA","CAD"
"Laser Tag (ACH)","Entertainment & Recreation","CANADA","CAD"
"Panera Bread #3967 Online","Food & Dining","UK","GBP"
"Annuity Store Business District","Income","USA","USD"
"Registration","Government & Legal","CANADA","CAD"
"AT&T - USA Strip Mall","Utilities & Services","USA","USD"
"FlixBus","Transportation","USA","USD"
"GoFundMe #7840 Online","Charity & Donations","INDIA","INR"
"Disability #6889 Online Branch","Income","UK","GBP"
"Side Hustle - CANADA","Income","CANADA","CAD"
"Optimum Online","Utilities & Services","AUSTRALIA","AUD"
"Tim Hortons - Morning","Food & Dining","AUSTRALIA","AUD"
"Raising Cane's","Food & Dining","USA","USD"
"Internet Provider","Utilities & Services","UK","GBP"
"Disability #8787 Business District","Income","USA","USD"
"Hospital TXN317478","Healthcare & Medical","USA","USD"
"Gig Work #6234 Online Center (Online)","Income","AUSTRALIA","AUD"
"Physical Therapy (App)","Healthcare & Medical","AUSTRALIA","AUD"
"Peter Pan","Transportation","AUSTRALIA","AUD"
"Amtrak","Transportation","AUSTRALIA","AUD"
"Jack in the Box","Food & Dining","INDIA","INR"
"Staples Store Online","Shopping & Retail","INDIA","INR"
"Domino's","Food & Dining","CANADA","CAD"
"Stock TXN347881","Financial Services","CANADA","CAD"
"ATM #9548","Financial Services","CANADA","CAD"
"Nature Conservancy #8403","Charity & Donations","INDIA","INR"
"WOW Store Center TXN719345","Utilities & Services","UK","GBP"
"State Police #1095 Online","Government & Legal","INDIA","INR"
"Mosque #7790 Store","Charity & Donations","AUSTRALIA","AUD"
"ASPCA - Dinner Time","Charity & Donations","INDIA","INR"
"Dunkin' Donuts #9572","Food & Dining","CANADA","CAD"
"Hardee's - USA (Mobile)","Food & Dining","USA","USD"
"Amazon Mall","Shopping & Retail","AUSTRALIA","AUD"
"Neurologist","Healthcare & Medical","CANADA","CAD"
"Amtrak #6628","Transportation","INDIA","INR"
"Metro Branch - Morning","Transportation","CANADA","CAD"
"Cable One Station","Utilities & Services","USA","USD"
"Cable Internet (Cash)","Utilities & Services","UK","GBP"
"Capitol - AUSTRALIA Store","Government & Legal","AUSTRALIA","AUD"
"Belk #2849 - AUSTRALIA","Shopping & Retail","AUSTRALIA","AUD"
"Greyhound","Transportation","AUSTRALIA","AUD"
"Dunkin' Donuts (Cash)","Food & Dining","INDIA","INR"
"Electric Company Business District","Utilities & Services","UK","GBP"
"Reimbursement #1259 - INDIA Online","Income","INDIA","INR"
"PNC Bank Store","Financial Services","AUSTRALIA","AUD"
"Barnes & Noble (ACH)","Shopping & Retail","AUSTRALIA","AUD"
"Comcast #2200 TXN423280","Utilities & Services","AUSTRALIA","AUD"
"Gas Company","Utilities & Services","USA","USD"
"Adidas","Shopping & Retail","UK","GBP"
"Chipotle #6977","Food & Dining","AUSTRALIA","AUD"
"CIA - USA Online TXN900622","Government & Legal","USA","USD"
"Paramedic #8875","Government & Legal","AUSTRALIA","AUD"
"Contract Work - UK Center - Weekday","Income","UK","GBP"
"Zaxby's","Food & Dining","AUSTRALIA","AUD"
"Ski Resort","Entertainment & Recreation","INDIA","INR"
"Amazon","Shopping & Retail","AUSTRALIA","AUD"
"Orthopedist Online Strip Mall","Healthcare & Medical","UK","GBP"
"Kaiser Permanente Store (Digital Wallet)","Healthcare & Medical","CANADA","CAD"
"Chick-fil-A TXN671671","Food & Dining","AUSTRALIA","AUD"
"Pilates - Holiday","Entertainment & Recreation","CANADA","CAD"
"Cinemark Downtown","Entertainment & Recreation","INDIA","INR"
"Museum #9694","Entertainment & Recreation","INDIA","INR"
"Police Department - INDIA","Government & Legal","INDIA","INR"
"YouTube","Entertainment & Recreation","USA","USD"
"IKEA #2604","Shopping & Retail","AUSTRALIA","AUD"
"Senate (Card)","Government & Legal","CANADA","CAD"
"DART Branch (Bank Transfer)","Transportation","CANADA","CAD"
"Blood Test","Healthcare & Medical","AUSTRALIA","AUD"
"UCSF Medical - AUSTRALIA","Healthcare & Medical","AUSTRALIA","AUD"
"FlixBus Online","Transportation","AUSTRALIA","AUD"
"Dividend","Income","UK","GBP"
"Court #1651 Online","Government & Legal","CANADA","CAD"
"Cold Stone Creamery #7445","Food & Dining","UK","GBP"
"Commission #5187","Income","INDIA","INR"
"Side Hustle Store","Income","INDIA","INR"
"Comcast #1923 Online","Utilities & Services","CANADA","CAD"
"Cable One Downtown","Utilities & Services","INDIA","INR"
"TD Bank","Financial Services","CANADA","CAD"
"Oxfam","Charity & Donations","USA","USD"
"CenturyLink","Utilities & Services","AUSTRALIA","AUD"
"Ulta (Card)","Shopping & Retail","INDIA","INR"
"Surgery","Healthcare & Medical","CANADA","CAD"
"Fire Department","Government & Legal","CANADA","CAD"
"Senior Center #5859 - AUSTRALIA","Charity & Donations","AUSTRALIA","AUD"
"Family Dollar - CANADA - Dinner Time","Shopping & Retail","CANADA","CAD"
"X-Ray","Healthcare & Medical","CANADA","CAD"
"Cardiologist #2235","Healthcare & Medical","USA","USD"
"Charity #5298 - INDIA Store","Charity & Donations","INDIA","INR"
"WOW #1977 - USA Online","Utilities & Services","USA","USD"
"Golf Course - USA","Entertainment & Recreation","USA","USD"
"Direct Deposit - CANADA","Income","CANADA","CAD"
"MRI #6117","Healthcare & Medical","UK","GBP"
"Train - Rush Hour","Transportation","AUSTRALIA","AUD"
"Retirement Planning - INDIA Airport","Financial Services","INDIA","INR"
"Oxfam Online","Charity & Donations","AUSTRALIA","AUD"
"Pediatrician Branch","Healthcare & Medical","CANADA","CAD"
"Fifth Third #1688 (Online)","Financial Services","AUSTRALIA","AUD"
"Bonus","Income","UK","GBP"
"Comcast Online Branch Station","Utilities & Services","AUSTRALIA","AUD"
"Municipal Building - Weekend","Government & Legal","USA","USD"
"Big Lots #5545 Online","Shopping & Retail","CANADA","CAD"
"Consolidated Communications #9345","Utilities & Services","USA","USD"
"Neurologist Store","Healthcare & Medical","AUSTRALIA","AUD"
"AT&T - AUSTRALIA","Utilities & Services","AUSTRALIA","AUD"
"SunTrust #8974 - AUSTRALIA Store Online","Financial Services","AUSTRALIA","AUD"
"Satellite Internet #4432 - CANADA Branch","Utilities & Services","CANADA","CAD"
"Hospital Online Residential","Healthcare & Medical","AUSTRALIA","AUD"
"Freelance Online (Wire)","Income","AUSTRALIA","AUD"
"BP Store (Wire)","Transportation","INDIA","INR"
"Royalty","Income","AUSTRALIA","AUD"
"Verizon #4135 - USA (Card)","Utilities & Services","USA","USD"
"Marshals - AUSTRALIA","Government & Legal","AUSTRALIA","AUD"
"Mobile Hotspot Store Station","Utilities & Services","UK","GBP"
"Vacation Pay - INDIA","Income","INDIA","INR"
"Passport #1642 Store","Government & Legal","CANADA","CAD"
"Retirement Online","Financial Services","CANADA","CAD"
"Comerica","Financial Services","INDIA","INR"
"Service Station","Government & Legal","AUSTRALIA","AUD"
"Raising Cane's #6132 Store Branch","Food & Dining","INDIA","INR"
"Overtime","Income","AUSTRALIA","AUD"
"Baskin-Robbins","Food & Dining","UK","GBP"
"Anytime Fitness Online","Entertainment & Recreation","AUSTRALIA","AUD"
"BP","Transportation","INDIA","INR"
"IRS - Afternoon","Government & Legal","USA","USD"
"Cox (Online)","Utilities & Services","UK","GBP"
"First National Store - Afternoon","Financial Services","UK","GBP"
"Mosque #8918","Charity & Donations","CANADA","CAD"
"Regions Bank","Financial Services","AUSTRALIA","AUD"
"Mediacom - Holiday","Utilities & Services","CANADA","CAD"
"Saks Fifth Avenue (ACH)","Shopping & Retail","UK","GBP"
"Taxi #4004 Store","Transportation","UK","GBP"
"Safeway Pharmacy","Healthcare & Medical","INDIA","INR"
"Reward Center","Income","CANADA","CAD"
"Internet Provider","Utilities & Services","INDIA","INR"
"Popeyes #5827 - Dinner Time","Food & Dining","UK","GBP"
"Religious Organization - UK Online","Charity & Donations","UK","GBP"
"Mortgage Online","Financial Services","AUSTRALIA","AUD"
"Hertz","Transportation","INDIA","INR"
"Business WiFi #8461 - Weekend","Utilities & Services","CANADA","CAD"
"Temple TXN964385","Charity & Donations","INDIA","INR"
"Loan - CANADA (ACH)","Financial Services","CANADA","CAD"
"Maternity Leave - UK Store Online Campus","Income","UK","GBP"
"Ambulance","Government & Legal","AUSTRALIA","AUD"
"Salvation Army Store","Charity & Donations","INDIA","INR"
"Trader Joe's - AUSTRALIA (ACH)","Food & Dining","AUSTRALIA","AUD"
"Budget (Card)","Transportation","AUSTRALIA","AUD"
"City Hall #3812 TXN400641","Government & Legal","INDIA","INR"
"Saks Off 5th #7424","Shopping & Retail","USA","USD"
"National Parks","Charity & Donations","UK","GBP"
"Frontier Strip Mall","Utilities & Services","INDIA","INR"
"Sheriff","Government & Legal","INDIA","INR"
"Police Department #3205","Government & Legal","CANADA","CAD"
"Local Food Bank #5612 Mall","Charity & Donations","USA","USD"
"Huntington Bank #3387 Branch","Financial Services","AUSTRALIA","AUD"
"Arcade","Entertainment & Recreation","CANADA","CAD"
"Income #5250 - INDIA","Income","INDIA","INR"
"AMC #8578 Branch","Entertainment & Recreation","AUSTRALIA","AUD"
"Financial Advisor Center Campus","Financial Services","INDIA","INR"
"Zara","Shopping & Retail","USA","USD"
"Gold's Gym Store - Night","Entertainment & Recreation","USA","USD"
"Fundraising","Charity & Donations","CANADA","CAD"
"Investment Bank","Financial Services","INDIA","INR"
"Goodwill #9556 Store Online","Charity & Donations","AUSTRALIA","AUD"
"Charter #9781","Utilities & Services","AUSTRALIA","AUD"
"Police Department #6460 - USA","Government & Legal","USA","USD"
"Bowling Alley - Holiday","Entertainment & Recreation","CANADA","CAD"
"Municipal Building #9473","Government & Legal","INDIA","INR"
"Chipotle Online (Card)","Food & Dining","INDIA","INR"
"Disability Store","Income","UK","GBP"
"Police Department #7741","Government & Legal","AUSTRALIA","AUD"
"Mobile","Utilities & Services","INDIA","INR"
"Freelance #8147 - CANADA TXN692525","Income","CANADA","CAD"
"Credit Union #8920","Financial Services","AUSTRALIA","AUD"
"Financial Advisor Store Business District","Financial Services","INDIA","INR"
"Allegiant #5459 - UK","Transportation","UK","GBP"
"Side Hustle - UK Store","Income","UK","GBP"
"Pension #7426 Store","Income","CANADA","CAD"
"IKEA - UK","Shopping & Retail","UK","GBP"
"Veterans Organization #7877 - Weekday","Charity & Donations","INDIA","INR"
"Concert - CANADA Online (Online)","Entertainment & Recreation","CANADA","CAD"
"Adidas TXN411407","Shopping & Retail","INDIA","INR"
"Brokerage - UK Online","Financial Services","UK","GBP"
"Potbelly #5611","Food & Dining","UK","GBP"
"Bonus Store","Income","UK","GBP"
"Escape Room #2598","Entertainment & Recreation","UK","GBP"
"Notary - Morning","Government & Legal","INDIA","INR"
"Rock Climbing","Entertainment & Recreation","CANADA","CAD"
"Immigration #2813","Government & Legal","UK","GBP"
"TJ Maxx - Afternoon","Shopping & Retail","UK","GBP"
"Mortgage","Financial Services","USA","USD"
"Cardiologist","Healthcare & Medical","CANADA","CAD"
"Barnes & Noble","Shopping & Retail","INDIA","INR"
"Cable One (Contactless)","Utilities & Services","INDIA","INR"
"Raising Cane's (Bank Transfer)","Food & Dining","CANADA","CAD"
"Accounting","Financial Services","UK","GBP"
"Red Cross","Charity & Donations","USA","USD"
"Cane's","Food & Dining","CANADA","CAD"
"Big Lots","Shopping & Retail","CANADA","CAD"
"Cedars-Sinai - Weekday","Healthcare & Medical","INDIA","INR"
"Consulting","Income","INDIA","INR"
"Atlantic Broadband","Utilities & Services","UK","GBP"
"Nature Conservancy Center","Charity & Donations","CANADA","CAD"
"Post Office","Shopping & Retail","UK","GBP"
"Tax Preparation","Financial Services","INDIA","INR"
"Holiday Pay #3216 - Weekday","Income","UK","GBP"
"T-Mobile - Holiday","Utilities & Services","INDIA","INR"
"Ulta - Holiday","Shopping & Retail","AUSTRALIA","AUD"
"Suddenlink - AUSTRALIA","Utilities & Services","AUSTRALIA","AUD"
"TJ Maxx","Shopping & Retail","USA","USD"
"Contract Work - UK Store","Income","UK","GBP"
"Popeyes Branch Residential","Food & Dining","AUSTRALIA","AUD"
"Police Department Store Online","Government & Legal","UK","GBP"
"CTA - INDIA","Transportation","INDIA","INR"
"Shake Shack","Food & Dining","USA","USD"
"MTA Store","Transportation","UK","GBP"
"Citibank Hospital","Financial Services","CANADA","CAD"
"Local Food Bank - Morning","Charity & Donations","AUSTRALIA","AUD"
"Post Office #2669 - Morning","Government & Legal","USA","USD"
"Gas Company Online (App)","Utilities & Services","AUSTRALIA","AUD"
"NSA Store","Government & Legal","AUSTRALIA","AUD"
"Taco Bell #4006 Store Business District","Food & Dining","CANADA","CAD"
"Dollar Tree #8832 Center (Card)","Shopping & Retail","INDIA","INR"
"Maternity Leave Center","Income","AUSTRALIA","AUD"
"Overtime #2557 Store (App)","Income","INDIA","INR"
"Nature Conservancy - INDIA","Charity & Donations","INDIA","INR"
"Macy's Store Business District","Shopping & Retail","UK","GBP"
"Bookkeeping Business District","Financial Services","INDIA","INR"
"Ambulance - INDIA","Government & Legal","INDIA","INR"
"Commission Store Branch TXN626587","Income","USA","USD"
"Uniqlo #8206 Branch","Shopping & Retail","INDIA","INR"
"Primary Care #7586 - Dinner Time","Healthcare & Medical","AUSTRALIA","AUD"
"Surgery Online Business District","Healthcare & Medical","CANADA","CAD"
"Moe's Southwest Grill #1944","Food & Dining","INDIA","INR"
"Toll #7770","Transportation","INDIA","INR"
"Dish","Utilities & Services","USA","USD"
"Fiber #5912 - USA","Utilities & Services","USA","USD"
"Clinic","Healthcare & Medical","CANADA","CAD"
"Police Department Store - Weekend","Government & Legal","USA","USD"
"Verizon Online Campus","Utilities & Services","INDIA","INR"
"Neurologist - INDIA - Lunch Time","Healthcare & Medical","INDIA","INR"
"WOW #7222 - UK (Digital Wallet)","Utilities & Services","UK","GBP"
"MRI - INDIA","Healthcare & Medical","INDIA","INR"
"Veterans Organization","Charity & Donations","AUSTRALIA","AUD"
"Oxfam #5293 Hospital","Charity & Donations","UK","GBP"
"Rite Aid #1734 - UK (Card)","Healthcare & Medical","UK","GBP"
"HughesNet - UK Branch","Utilities & Services","UK","GBP"
"Frontier #5457 (App)","Utilities & Services","UK","GBP"
"In-N-Out #6731 Center TXN905275","Food & Dining","UK","GBP"
"Best Buy #4661 Online - Weekday","Shopping & Retail","INDIA","INR"
"National Parks","Charity & Donations","INDIA","INR"
"Theater #3068 - CANADA","Entertainment & Recreation","CANADA","CAD"
"Rite Aid Online (Mobile)","Shopping & Retail","CANADA","CAD"
"Licensing #4309","Income","UK","GBP"
"Consolidated Communications","Utilities & Services","CANADA","CAD"
"Annuity #4350 Strip Mall","Income","UK","GBP"
"Jersey Mike's Store","Food & Dining","AUSTRALIA","AUD"
"Macy's","Shopping & Retail","UK","GBP"
"Bookkeeping - Lunch Time","Financial Services","USA","USD"
"Overtime - Night","Income","INDIA","INR"
"Orange Theory (Contactless)","Entertainment & Recreation","AUSTRALIA","AUD"
"Firehouse Subs Branch TXN876888","Food & Dining","AUSTRALIA","AUD"
"Allegiant Store","Transportation","USA","USD"
"DirecTV Store","Utilities & Services","UK","GBP"
"Retirement Planning #4373 Shopping Center","Financial Services","USA","USD"
"Panera Bread #2889","Food & Dining","USA","USD"
"CIA - INDIA","Government & Legal","INDIA","INR"
"In-N-Out TXN851906","Food & Dining","UK","GBP"
"United","Transportation","INDIA","INR"
"Dollar #1120 - INDIA - Evening","Transportation","INDIA","INR"
"Kaiser Permanente - UK (Contactless)","Healthcare & Medical","UK","GBP"
"Ross Hospital","Shopping & Retail","USA","USD"
"IRS #1130 Store","Government & Legal","AUSTRALIA","AUD"
"CenturyLink - USA","Utilities & Services","USA","USD"
"Rite Aid Online (Bank Transfer)","Healthcare & Medical","UK","GBP"
"Credit Store","Income","USA","USD"
"Bonus Store Branch (Card)","Income","INDIA","INR"
"Full-time #8088 (ACH)","Income","UK","GBP"
"MTA Store","Transportation","USA","USD"
"Pure Barre","Entertainment & Recreation","CANADA","CAD"
"Online Bank Campus","Financial Services","INDIA","INR"
"Emergency Room - USA","Healthcare & Medical","USA","USD"
"Rite Aid","Shopping & Retail","AUSTRALIA","AUD"
"Loan #6653 Store (Mobile)","Financial Services","INDIA","INR"
"Bank Store Business District","Financial Services","USA","USD"
"Gas Company","Utilities & Services","UK","GBP"
"Psychiatrist Online","Healthcare & Medical","USA","USD"
"Spectrum","Utilities & Services","AUSTRALIA","AUD"
"Payroll #7628","Income","UK","GBP"
"Pharmacy - UK TXN365595","Healthcare & Medical","UK","GBP"
"Bank of America #8936 - CANADA - Weekend","Financial Services","CANADA","CAD"
"Pharmacy Center","Healthcare & Medical","INDIA","INR"
"SoulCycle Online Campus","Entertainment & Recreation","USA","USD"
"Swimming Pool","Entertainment & Recreation","AUSTRALIA","AUD"
"BMO Harris - USA Center","Financial Services","USA","USD"
"Marshals Store (App)","Government & Legal","UK","GBP"
"Maven #4855 Station","Transportation","UK","GBP"
"Carl's Jr - CANADA","Food & Dining","CANADA","CAD"
"United Way Online","Charity & Donations","AUSTRALIA","AUD"
"Walgreens","Healthcare & Medical","UK","GBP"
"Transfer","Financial Services","CANADA","CAD"
"Amazon Prime - AUSTRALIA Shopping Center","Entertainment & Recreation","AUSTRALIA","AUD"
"Fiber","Utilities & Services","USA","USD"
"Lord & Taylor - UK Center","Shopping & Retail","UK","GBP"
"McDonald's - Night","Food & Dining","CANADA","CAD"
"Windstream #3972 - Night","Utilities & Services","CANADA","CAD"
"Burger King #1920 TXN334107","Food & Dining","UK","GBP"
"Dunkin' Donuts #1443 (Wire)","Food & Dining","AUSTRALIA","AUD"
"Nature Conservancy Store","Charity & Donations","INDIA","INR"
"Neiman Marcus Store - Lunch Time","Shopping & Retail","INDIA","INR"
"Overtime","Income","CANADA","CAD"
"Maven #8622","Transportation","INDIA","INR"
"Specialist - AUSTRALIA Branch Center Mall","Healthcare & Medical","AUSTRALIA","AUD"
"Stock Branch","Financial Services","INDIA","INR"
"Lord & Taylor - CANADA Store Center Campus","Shopping & Retail","CANADA","CAD"
"Stock #4535 - INDIA Airport","Financial Services","INDIA","INR"
"Electric Company TXN757310","Utilities & Services","USA","USD"
"Digital Bank Store Center (Mobile)","Financial Services","AUSTRALIA","AUD"
"Credit #2327 Store Online - Night","Income","AUSTRALIA","AUD"
"Dunkin' Donuts - CANADA Store","Food & Dining","CANADA","CAD"
"Whataburger","Food & Dining","AUSTRALIA","AUD"
"SPCA Center - Evening","Charity & Donations","INDIA","INR"
"Annuity #2640","Income","AUSTRALIA","AUD"
"M&T Bank - CANADA Strip Mall","Financial Services","CANADA","CAD"
"Marshals - CANADA","Government & Legal","CANADA","CAD"
"Animal Shelter #8873","Charity & Donations","CANADA","CAD"
"Eye Care","Healthcare & Medical","INDIA","INR"
"Marshals #3227 (Wire)","Government & Legal","UK","GBP"
"Local Food Bank #1672","Charity & Donations","UK","GBP"
"Chevron Center","Transportation","CANADA","CAD"
"Bojangles","Food & Dining","UK","GBP"
"Mutual Fund","Financial Services","UK","GBP"
"Federal Building #5776 Store","Government & Legal","CANADA","CAD"
"Ulta","Shopping & Retail","USA","USD"
"Rite Aid #9303 Center","Healthcare & Medical","CANADA","CAD"
"Zoo - CANADA","Entertainment & Recreation","CANADA","CAD"
"Credit","Income","AUSTRALIA","AUD"
"Offering #1084 Online","Charity & Donations","AUSTRALIA","AUD"
"Office Depot Store (App)","Shopping & Retail","USA","USD"
"Commission #2470 Shopping Center","Income","USA","USD"
"First National","Financial Services","USA","USD"
"Five Guys #1108 - INDIA","Food & Dining","INDIA","INR"
"Barneys New York - USA","Shopping & Retail","USA","USD"
"Credit - INDIA","Income","INDIA","INR"
"AMC - INDIA TXN250587","Entertainment & Recreation","INDIA","INR"
"Spectrum - USA","Utilities & Services","USA","USD"
"Overtime - Rush Hour","Income","AUSTRALIA","AUD"
"DSL #3418","Utilities & Services","UK","GBP"
"Franchise #7845","Income","UK","GBP"
"Popeyes (Cash)","Food & Dining","CANADA","CAD"
"Occupational Therapy - Night","Healthcare & Medical","AUSTRALIA","AUD"
"Gold's Gym #8855 - UK - Lunch Time","Entertainment & Recreation","UK","GBP"
"Part-time - USA","Income","USA","USD"
"Greenpeace #6014 - CANADA Store Online Center - Lunch Time","Charity & Donations","CANADA","CAD"
"Google Fiber","Utilities & Services","UK","GBP"
"Investment Bank #7133 Store - Morning","Financial Services","AUSTRALIA","AUD"
"Highway Patrol Center","Government & Legal","AUSTRALIA","AUD"
"Safeway","Food & Dining","UK","GBP"
"SunTrust Online","Financial Services","USA","USD"
"Zara","Shopping & Retail","AUSTRALIA","AUD"
"Municipal Building - USA Store Online","Government & Legal","USA","USD"
"Turo","Transportation","USA","USD"
"Saks Fifth Avenue","Shopping & Retail","CANADA","CAD"
"Brokerage","Financial Services","UK","GBP"
"DirecTV","Utilities & Services","INDIA","INR"
"Salvation Army Branch","Charity & Donations","USA","USD"
"M&T Bank #6190 - Weekend","Financial Services","CANADA","CAD"
"Service Campus","Government & Legal","INDIA","INR"
"Popeyes - Rush Hour","Food & Dining","CANADA","CAD"
"Viasat (Mobile)","Utilities & Services","UK","GBP"
"Office Depot - Weekend","Shopping & Retail","USA","USD"
"Community Center Airport","Charity & Donations","INDIA","INR"
"GoFundMe #7572 - Holiday","Charity & Donations","UK","GBP"
"Nordstrom Rack - CANADA","Shopping & Retail","CANADA","CAD"
"Marshalls Online Branch - Morning","Shopping & Retail","CANADA","CAD"
"American Airlines #7306 - CANADA","Transportation","CANADA","CAD"
"ATF","Government & Legal","INDIA","INR"
"Banking #3752 Store (Card)","Financial Services","USA","USD"
"Zoo #6188 (ACH)","Entertainment & Recreation","INDIA","INR"
"Alamo","Transportation","AUSTRALIA","AUD"
"Maternity Leave","Income","USA","USD"
"Sick Pay #7844","Income","INDIA","INR"
"Part-time Branch","Income","AUSTRALIA","AUD"
"Hawaiian Airlines #6604 Online (Online)","Transportation","INDIA","INR"
"Emergency Room #4778 - UK","Healthcare & Medical","UK","GBP"
"Domino's #2746 Shopping Center","Food & Dining","CANADA","CAD"
"County Clerk Online","Government & Legal","AUSTRALIA","AUD"
"Rite Aid - UK (Bank Transfer)","Healthcare & Medical","UK","GBP"
"Chiropractor #4946 - CANADA TXN645607","Healthcare & Medical","CANADA","CAD"
"Religious Organization","Charity & Donations","USA","USD"
"Orange Theory (Online)","Entertainment & Recreation","USA","USD"
"Cleveland Clinic","Healthcare & Medical","UK","GBP"
"Sephora (Mobile)","Shopping & Retail","AUSTRALIA","AUD"
"Goodwill Airport","Charity & Donations","INDIA","INR"
"Santander","Financial Services","UK","GBP"
"Psychiatrist #5088 Store (Contactless)","Healthcare & Medical","UK","GBP"
"Regions Bank","Financial Services","USA","USD"
"Cardiologist (Online)","Healthcare & Medical","INDIA","INR"
"Olive Garden","Food & Dining","UK","GBP"
"Blood Test","Healthcare & Medical","USA","USD"
"Anytime Fitness #4821","Entertainment & Recreation","USA","USD"
"Laser Tag #6113","Entertainment & Recreation","INDIA","INR"
"Dividend #6969","Income","USA","USD"
"Royalty #9776 - Rush Hour","Income","INDIA","INR"
"Gig Work #3000 - Rush Hour","Income","AUSTRALIA","AUD"
"Enterprise","Transportation","INDIA","INR"
"BB&T Center","Financial Services","AUSTRALIA","AUD"
"Neiman Marcus - Evening","Shopping & Retail","UK","GBP"
"Surgery TXN564784","Healthcare & Medical","UK","GBP"
"Xfinity - Weekend","Utilities & Services","AUSTRALIA","AUD"
"Clinic","Healthcare & Medical","AUSTRALIA","AUD"
"Surgery #9212","Healthcare & Medical","USA","USD"
"Dollar Tree #2634 - USA TXN329480","Shopping & Retail","USA","USD"
"Blood Test #8923 Online","Healthcare & Medical","AUSTRALIA","AUD"
"Homeless Shelter #9662 (Cash)","Charity & Donations","CANADA","CAD"
"RCN","Utilities & Services","USA","USD"
"Urgent Care","Healthcare & Medical","AUSTRALIA","AUD"
"Burger King #6747 - INDIA","Food & Dining","INDIA","INR"
"Staples #6864","Shopping & Retail","INDIA","INR"
"Enterprise","Transportation","AUSTRALIA","AUD"
"Bloomingdale's #4248 Store","Shopping & Retail","AUSTRALIA","AUD"
"Firehouse Subs","Food & Dining","CANADA","CAD"
"Credit Union - INDIA - Lunch Time","Financial Services","INDIA","INR"
"Zaxby's Store TXN215162","Food & Dining","AUSTRALIA","AUD"
"Pharmacy Hospital","Healthcare & Medical","UK","GBP"
"Psychiatrist - Evening","Healthcare & Medical","INDIA","INR"
"Burlington #3870","Shopping & Retail","UK","GBP"
"Peter Pan #2769 Residential","Transportation","UK","GBP"
"Mount Sinai Online","Healthcare & Medical","INDIA","INR"
"KeyBank","Financial Services","CANADA","CAD"
"Safeway Pharmacy - UK Center","Healthcare & Medical","UK","GBP"
"Zara #5942 - USA - Weekday","Shopping & Retail","USA","USD"
"First National - AUSTRALIA Strip Mall","Financial Services","AUSTRALIA","AUD"
"Cable One - Afternoon","Utilities & Services","INDIA","INR"
"Unemployment","Income","USA","USD"
"WOW - AUSTRALIA","Utilities & Services","AUSTRALIA","AUD"
"NGO Airport","Charity & Donations","USA","USD"
"Delta #1096 - Night","Transportation","UK","GBP"
"Temple #5113 (Mobile)","Charity & Donations","USA","USD"
"Gym Online (Mobile)","Entertainment & Recreation","AUSTRALIA","AUD"
"Popeyes #3406","Food & Dining","CANADA","CAD"
"Crunch Fitness #5484 Online","Entertainment & Recreation","UK","GBP"
"Stock","Financial Services","USA","USD"
"Uber","Transportation","AUSTRALIA","AUD"
"Mass General #2700 - Dinner Time","Healthcare & Medical","UK","GBP"
"Social Security","Income","INDIA","INR"
"National #5381 - UK","Transportation","UK","GBP"
"Suddenlink Online","Utilities & Services","INDIA","INR"
"Reward - UK","Income","UK","GBP"
"Income","Income","USA","USD"
"Charter - CANADA","Utilities & Services","CANADA","CAD"
"Doctors Without Borders #5987","Charity & Donations","USA","USD"
"Whole Foods - Weekend","Food & Dining","USA","USD"
"Tim Hortons - USA","Food & Dining","USA","USD"
"Dividend","Income","UK","GBP"
"Zaxby's #3659 Store","Food & Dining","INDIA","INR"
"Church #9636","Charity & Donations","AUSTRALIA","AUD"
"Belk","Shopping & Retail","AUSTRALIA","AUD"
"Bloomingdale's","Shopping & Retail","AUSTRALIA","AUD"
"Sephora #1132 - Afternoon","Shopping & Retail","CANADA","CAD"
"Tax Branch TXN988279","Government & Legal","USA","USD"
"Police Department #7354 - INDIA","Government & Legal","INDIA","INR"
"Zipcar Online Hospital","Transportation","UK","GBP"
"Gig Work #7208 (Card)","Income","INDIA","INR"
"Subway Branch","Food & Dining","USA","USD"
"MARTA","Transportation","AUSTRALIA","AUD"
"DSL","Utilities & Services","AUSTRALIA","AUD"
"Escape Room TXN334899","Entertainment & Recreation","INDIA","INR"
"Contract Work #9210","Income","AUSTRALIA","AUD"
"Taco Bell","Food & Dining","UK","GBP"
"Government Store Center","Government & Legal","CANADA","CAD"
"Pediatrician - Night","Healthcare & Medical","USA","USD"
"Uniqlo - Dinner Time","Shopping & Retail","UK","GBP"
"ASPCA","Charity & Donations","AUSTRALIA","AUD"
"Municipal Building - Weekday","Government & Legal","AUSTRALIA","AUD"
"Sick Pay - UK Store","Income","UK","GBP"
"Broadband Store","Utilities & Services","UK","GBP"
"Fair","Entertainment & Recreation","USA","USD"
"Dunkin' Donuts - INDIA Center","Food & Dining","INDIA","INR"
"Cinemark Store","Entertainment & Recreation","UK","GBP"
"Legal #2754","Government & Legal","CANADA","CAD"
"RCN - INDIA","Utilities & Services","INDIA","INR"
"Pilates Store","Entertainment & Recreation","CANADA","CAD"
"EMS","Government & Legal","INDIA","INR"
"Capital One #5667 - UK Store Hospital","Financial Services","UK","GBP"
"Safeway - Lunch Time","Food & Dining","UK","GBP"
"Sprint #1127 TXN320655","Utilities & Services","CANADA","CAD"
"Raising Cane's TXN887592","Food & Dining","UK","GBP"
"Ski Resort","Entertainment & Recreation","CANADA","CAD"
"Chick-fil-A","Food & Dining","INDIA","INR"
"Hulu Store TXN434421","Entertainment & Recreation","UK","GBP"
"Charter Center","Utilities & Services","USA","USD"
"PETA - USA","Charity & Donations","USA","USD"
"County Clerk #1988 Store","Government & Legal","USA","USD"
"Alamo #1532 Store","Transportation","CANADA","CAD"
"Uber","Transportation","AUSTRALIA","AUD"
"RCN #3383 - UK Store","Utilities & Services","UK","GBP"
"Freelance #5745 - UK Residential","Income","UK","GBP"
"Festival","Entertainment & Recreation","INDIA","INR"
"Dermatologist","Healthcare & Medical","INDIA","INR"
"Stanford Health","Healthcare & Medical","INDIA","INR"
"MBTA #3834 (Contactless)","Transportation","AUSTRALIA","AUD"
"Social Security","Government & Legal","INDIA","INR"
"Walmart Pharmacy Branch - Morning","Healthcare & Medical","AUSTRALIA","AUD"
"Windstream #7089 Mall","Utilities & Services","AUSTRALIA","AUD"
"Yoga Studio #3438","Entertainment & Recreation","CANADA","CAD"
"UCSF Medical #4166 Store","Healthcare & Medical","INDIA","INR"
"Water Park Store Branch","Entertainment & Recreation","INDIA","INR"
"Train #4052 Store Online (Digital Wallet)","Transportation","AUSTRALIA","AUD"
"Retirement Online","Financial Services","CANADA","CAD"
"Rite Aid","Shopping & Retail","AUSTRALIA","AUD"
"UCLA Medical","Healthcare & Medical","CANADA","CAD"
"FedEx Office Store TXN137878","Shopping & Retail","AUSTRALIA","AUD"
"Wendy's - UK","Food & Dining","UK","GBP"
"Exxon #2769","Transportation","UK","GBP"
"Panda Express - Weekday","Food & Dining","INDIA","INR"
"Unemployment Online Branch","Income","INDIA","INR"
"Anytime Fitness #9726 - AUSTRALIA","Entertainment & Recreation","AUSTRALIA","AUD"
"Shell Mall","Transportation","AUSTRALIA","AUD"
"Spectrum TXN460498","Utilities & Services","CANADA","CAD"
"IRS Shopping Center","Government & Legal","UK","GBP"
"Wendy's Store (Online)","Food & Dining","UK","GBP"
"DirecTV - CANADA Online","Utilities & Services","CANADA","CAD"
"Saks Off 5th","Shopping & Retail","INDIA","INR"
"Carl's Jr #3211 - AUSTRALIA","Food & Dining","AUSTRALIA","AUD"
"In-N-Out - Weekend","Food & Dining","USA","USD"
"Contract Work #6539 - Night","Income","UK","GBP"
"ATF #4547 Online","Government & Legal","USA","USD"
"Spotify #9954 - AUSTRALIA","Entertainment & Recreation","AUSTRALIA","AUD"
"Amazon","Shopping & Retail","USA","USD"
"Investment - INDIA Online","Financial Services","INDIA","INR"
"Mosque Airport","Charity & Donations","UK","GBP"
"Ambulance (Mobile)","Government & Legal","CANADA","CAD"
"Highway Patrol Center","Government & Legal","UK","GBP"
"Part-time - Lunch Time","Income","UK","GBP"
"State Police (Mobile)","Government & Legal","UK","GBP"
"Tim Hortons","Food & Dining","INDIA","INR"
"Brokerage - UK","Financial Services","UK","GBP"
"SEPTA - Morning","Transportation","CANADA","CAD"
"Subway (App)","Food & Dining","UK","GBP"
"Rental Income #7002 - AUSTRALIA - Afternoon","Income","AUSTRALIA","AUD"
"Amazon","Shopping & Retail","INDIA","INR"
"DMV","Government & Legal","AUSTRALIA","AUD"
"Donation","Charity & Donations","AUSTRALIA","AUD"
"Chevron #2523","Transportation","INDIA","INR"
"Tennis Court Store - Rush Hour","Entertainment & Recreation","INDIA","INR"
"Homeless Shelter - USA TXN831496","Charity & Donations","USA","USD"
"Office Depot","Shopping & Retail","UK","GBP"
"Veterans Organization","Charity & Donations","USA","USD"
"Carnival","Entertainment & Recreation","USA","USD"
"Reward Branch","Income","CANADA","CAD"
"Royalty Store Strip Mall","Income","USA","USD"
"LA Fitness Center","Entertainment & Recreation","AUSTRALIA","AUD"
"Zipcar","Transportation","USA","USD"
"Dermatologist Store Airport","Healthcare & Medical","CANADA","CAD"
"License #6172","Government & Legal","UK","GBP"
"Wage #1984","Income","UK","GBP"
"HSBC - AUSTRALIA (Contactless)","Financial Services","AUSTRALIA","AUD"
"Business WiFi - UK Online","Utilities & Services","UK","GBP"
"Speech Therapy","Healthcare & Medical","CANADA","CAD"
"Exxon","Transportation","UK","GBP"
"Permit #7895 - Weekend","Government & Legal","CANADA","CAD"
"Staples #7642 - INDIA","Shopping & Retail","INDIA","INR"
"IRS Branch","Government & Legal","USA","USD"
"Swimming Pool - AUSTRALIA Strip Mall","Entertainment & Recreation","AUSTRALIA","AUD"
"Humane Society - Rush Hour","Charity & Donations","USA","USD"
"Legal - CANADA","Government & Legal","CANADA","CAD"
"HughesNet","Utilities & Services","AUSTRALIA","AUD"
"UCSF Medical - INDIA Mall","Healthcare & Medical","INDIA","INR"
"BB&T","Financial Services","CANADA","CAD"
"Greyhound - Morning","Transportation","INDIA","INR"
"Border Patrol #6414 - AUSTRALIA Business District","Government & Legal","AUSTRALIA","AUD"
"Gas Company - INDIA (Digital Wallet)","Utilities & Services","INDIA","INR"
"Business WiFi #3076 - CANADA (Bank Transfer)","Utilities & Services","CANADA","CAD"
"Ski Resort #5209 Online Branch TXN759259","Entertainment & Recreation","CANADA","CAD"
"Frontier #2027 - USA","Transportation","USA","USD"
"Home Depot #6119","Shopping & Retail","USA","USD"
"Spotify - Weekend","Entertainment & Recreation","AUSTRALIA","AUD"
"Dental Center Strip Mall","Healthcare & Medical","UK","GBP"
"Trampoline Park - USA","Entertainment & Recreation","USA","USD"
"Atlantic Broadband #6849","Utilities & Services","AUSTRALIA","AUD"
"Business WiFi Store Center (Contactless)","Utilities & Services","AUSTRALIA","AUD"
"Fifth Third #1486 Online","Financial Services","AUSTRALIA","AUD"
"Local Church Store","Charity & Donations","INDIA","INR"
"Habitat for Humanity - AUSTRALIA","Charity & Donations","AUSTRALIA","AUD"
"Local Church - Lunch Time","Charity & Donations","CANADA","CAD"
"Pharmacy #8821 - USA (Online)","Healthcare & Medical","USA","USD"
"CVS #4864 - UK","Healthcare & Medical","UK","GBP"
"PNC Bank","Financial Services","AUSTRALIA","AUD"
"Financial Advisor Online - Afternoon","Financial Services","INDIA","INR"
"Synagogue Store - Holiday","Charity & Donations","INDIA","INR"
"MTA #8612","Transportation","UK","GBP"
"Mass General #6971","Healthcare & Medical","CANADA","CAD"
"Cable Internet Online (Online)","Utilities & Services","INDIA","INR"
"Uniqlo #5549 Online","Shopping & Retail","UK","GBP"
"Post Office Store TXN604942","Shopping & Retail","CANADA","CAD"
"Online Bank - Evening","Financial Services","CANADA","CAD"
"Cox","Utilities & Services","INDIA","INR"
"Wendy's","Food & Dining","UK","GBP"
"WMATA - CANADA Store - Holiday","Transportation","CANADA","CAD"
"BMO Harris Center","Financial Services","CANADA","CAD"
"Goodwill #5258 - INDIA Center - Weekday","Charity & Donations","INDIA","INR"
"Culver's #4193","Food & Dining","USA","USD"
"Dollar General #7430 (Contactless)","Shopping & Retail","UK","GBP"
"Uniqlo - INDIA Online","Shopping & Retail","INDIA","INR"
"Bank of America (App)","Financial Services","USA","USD"
"Reward","Income","UK","GBP"
"Von Maur - Weekend","Shopping & Retail","CANADA","CAD"
"Amazon Prime","Entertainment & Recreation","INDIA","INR"
"Concert Branch","Entertainment & Recreation","USA","USD"
"Dollar Tree","Shopping & Retail","INDIA","INR"
"FBI #2304 - USA Online - Afternoon","Government & Legal","USA","USD"
"24 Hour Fitness","Entertainment & Recreation","USA","USD"
"Jersey Mike's #7273 Online Center","Food & Dining","USA","USD"
"Pilates - Afternoon","Entertainment & Recreation","USA","USD"
"HughesNet","Utilities & Services","USA","USD"
"Service","Government & Legal","INDIA","INR"
"Cox #3760 Store","Utilities & Services","AUSTRALIA","AUD"
"County Clerk","Government & Legal","UK","GBP"
"Chevron","Transportation","USA","USD"
"Shell #7922 - AUSTRALIA","Transportation","AUSTRALIA","AUD"
"Chiropractor #2680 - Weekday","Healthcare & Medical","AUSTRALIA","AUD"
"US Bank","Financial Services","UK","GBP"
"Mobile Hotspot #1734","Utilities & Services","INDIA","INR"
"Train Store TXN503164","Transportation","UK","GBP"
"Subway #8039 - INDIA Store","Food & Dining","INDIA","INR"
"CVS","Healthcare & Medical","UK","GBP"
"Temple - AUSTRALIA TXN480733","Charity & Donations","AUSTRALIA","AUD"
"Psychiatrist - CANADA","Healthcare & Medical","CANADA","CAD"
"Rite Aid - INDIA","Shopping & Retail","INDIA","INR"
"Alaska Airlines","Transportation","UK","GBP"
"Accounting #7904 Store Hospital","Financial Services","CANADA","CAD"
"Gas Company - USA","Utilities & Services","USA","USD"
"Five Guys #9358 - Afternoon","Food & Dining","UK","GBP"
"Theme Park #1255 - Rush Hour","Entertainment & Recreation","AUSTRALIA","AUD"
"Pension #5498","Income","UK","GBP"
"Wealth Management #5198","Financial Services","USA","USD"
"Spotify #2878","Entertainment & Recreation","INDIA","INR"
"Subway - AUSTRALIA Store","Food & Dining","AUSTRALIA","AUD"
"Exxon #1129 Online","Transportation","UK","GBP"
"Taco Bell - USA","Food & Dining","USA","USD"
"Rock Climbing - CANADA Online (Cash)","Entertainment & Recreation","CANADA","CAD"
"Peter Pan #5100 - AUSTRALIA Online TXN649939","Transportation","AUSTRALIA","AUD"
"Capital Gains - INDIA","Income","INDIA","INR"
"Burlington Store (ACH)","Shopping & Retail","INDIA","INR"
"Customs - Weekend","Government & Legal","INDIA","INR"
"ASPCA","Charity & Donations","INDIA","INR"
"Barneys New York Online Residential","Shopping & Retail","CANADA","CAD"
"Offering","Charity & Donations","CANADA","CAD"
"Water Park - USA","Entertainment & Recreation","USA","USD"
"Jersey Mike's (App)","Food & Dining","CANADA","CAD"
"Santander #2324","Financial Services","USA","USD"
"Interest","Income","AUSTRALIA","AUD"
"Fifth Third #4881","Financial Services","UK","GBP"
"CIA - UK Mall","Government & Legal","UK","GBP"
"Unemployment #1108 (Bank Transfer)","Income","UK","GBP"
"Southwest Airlines #7583 Branch Hospital","Transportation","CANADA","CAD"
"WiFi Online","Utilities & Services","UK","GBP"
"Von Maur (Cash)","Shopping & Retail","AUSTRALIA","AUD"
"Medicare Branch Center Station","Government & Legal","INDIA","INR"
"Neurologist","Healthcare & Medical","INDIA","INR"
"Banking","Financial Services","UK","GBP"
"Rite Aid (Card)","Healthcare & Medical","USA","USD"
"Macy's","Shopping & Retail","USA","USD"
"Capital Gains #5069 - CANADA","Income","CANADA","CAD"
"Surgery - CANADA","Healthcare & Medical","CANADA","CAD"
"Oxfam Store Branch","Charity & Donations","INDIA","INR"
"NGO #7219 - CANADA Store Shopping Center","Charity & Donations","CANADA","CAD"
"Safeway Pharmacy #9645","Healthcare & Medical","USA","USD"
"Comerica Store - Dinner Time","Financial Services","CANADA","CAD"
"Transfer Store Online Center","Financial Services","UK","GBP"
"Parking","Transportation","CANADA","CAD"
"Enterprise #9031 Store - Afternoon","Transportation","CANADA","CAD"
"Passport","Government & Legal","INDIA","INR"
"Local Food Bank #6703","Charity & Donations","UK","GBP"
"Festival","Entertainment & Recreation","UK","GBP"
"Paramedic #1763 Store","Government & Legal","INDIA","INR"
"Apple Store #5225 - AUSTRALIA Branch TXN530363","Shopping & Retail","AUSTRALIA","AUD"
"Passport","Government & Legal","USA","USD"
"Shake Shack #3735","Food & Dining","INDIA","INR"
"County Clerk #8226 (Contactless)","Government & Legal","USA","USD"
"GoFundMe Online","Charity & Donations","AUSTRALIA","AUD"
"Cinema Online Residential","Entertainment & Recreation","UK","GBP"
"Mosque","Charity & Donations","USA","USD"
"RCN","Utilities & Services","INDIA","INR"
"Transfer Store","Financial Services","INDIA","INR"
"Clinic - Evening","Healthcare & Medical","USA","USD"
"Lord & Taylor #4334 Center","Shopping & Retail","AUSTRALIA","AUD"
"Verizon #4615 - CANADA Store Online","Utilities & Services","CANADA","CAD"
"World Vision Store","Charity & Donations","UK","GBP"
"Refund #2228","Income","USA","USD"
"First National Center","Financial Services","UK","GBP"
"Greenpeace Downtown","Charity & Donations","AUSTRALIA","AUD"
"Cable Company - CANADA (Online)","Utilities & Services","CANADA","CAD"
"Gold's Gym Online","Entertainment & Recreation","AUSTRALIA","AUD"
"Charity","Charity & Donations","UK","GBP"
"Disney+ (Online)","Entertainment & Recreation","AUSTRALIA","AUD"
"Thrifty Online","Transportation","CANADA","CAD"
"Salary - UK","Income","UK","GBP"
"Full-time #4397","Income","INDIA","INR"
"Staples - INDIA","Shopping & Retail","INDIA","INR"
"Starbucks - UK Store","Food & Dining","UK","GBP"
"Netflix - UK","Entertainment & Recreation","UK","GBP"
"Huntington Bank (Mobile)","Financial Services","CANADA","CAD"
"Retirement Airport","Financial Services","UK","GBP"
"NGO #6633 (Card)","Charity & Donations","CANADA","CAD"
"Kaiser Permanente - Morning","Healthcare & Medical","USA","USD"
"Overtime","Income","INDIA","INR"
"Charity #1629 TXN832248","Charity & Donations","UK","GBP"
"Checkers (Contactless)","Food & Dining","USA","USD"
"DMV #6318","Government & Legal","CANADA","CAD"
"Holiday Pay #3845 - CANADA - Evening","Income","CANADA","CAD"
"Kroger Pharmacy","Healthcare & Medical","USA","USD"
"Regions Bank TXN762377","Financial Services","AUSTRALIA","AUD"
"Dish","Utilities & Services","CANADA","CAD"
"Xfinity #8025 Branch (Wire)","Utilities & Services","INDIA","INR"
"Blood Test","Healthcare & Medical","USA","USD"
"Unemployment #5987 - AUSTRALIA Mall","Income","AUSTRALIA","AUD"
"White House","Government & Legal","UK","GBP"
"Children's Hospital - CANADA","Healthcare & Medical","CANADA","CAD"
"Walgreens #2687 - INDIA Online","Healthcare & Medical","INDIA","INR"
"PNC Bank Residential","Financial Services","USA","USD"
"Cardiologist - USA","Healthcare & Medical","USA","USD"
"GoFundMe #3449","Charity & Donations","UK","GBP"
"Sheriff - UK Store Mall","Government & Legal","UK","GBP"
"Spirit - CANADA - Lunch Time","Transportation","CANADA","CAD"
"BMO Harris #2195 - Night","Financial Services","UK","GBP"
"CTA","Transportation","CANADA","CAD"
"Google Fiber #2056","Utilities & Services","USA","USD"
"Full-time","Income","USA","USD"
"Online Bank #4705 - Rush Hour","Financial Services","INDIA","INR"
"Lord & Taylor","Shopping & Retail","AUSTRALIA","AUD"
"Pension Branch Strip Mall","Income","CANADA","CAD"
"Equinox","Entertainment & Recreation","UK","GBP"
"Water Company #3159 Store","Utilities & Services","CANADA","CAD"
"Emergency Room Business District","Healthcare & Medical","CANADA","CAD"
"Hardee's #8143 Store","Food & Dining","USA","USD"
"BART #5965 - AUSTRALIA Online","Transportation","AUSTRALIA","AUD"
"City Hall - CANADA","Government & Legal","CANADA","CAD"
"Barnes & Noble TXN530846","Shopping & Retail","UK","GBP"
"Panera Bread #2477","Food & Dining","UK","GBP"
"Payroll Online TXN572216","Income","CANADA","CAD"
"Greenpeace #5543 - INDIA","Charity & Donations","INDIA","INR"
"City Hall #1055","Government & Legal","INDIA","INR"
"Highway Patrol - Dinner Time","Government & Legal","INDIA","INR"
"Theater Online","Entertainment & Recreation","USA","USD"
"County Clerk - UK Station","Government & Legal","UK","GBP"
"Investment Bank - CANADA","Financial Services","CANADA","CAD"
"Freelance #6751 Online Business District","Income","UK","GBP"
"Subway Online","Food & Dining","USA","USD"
"Stock #2222 Business District","Financial Services","USA","USD"
"Baskin-Robbins","Food & Dining","AUSTRALIA","AUD"
"TSA #2068","Government & Legal","USA","USD"
"Side Hustle Store - Afternoon","Income","USA","USD"
"BoltBus","Transportation","USA","USD"
"Reward TXN966670","Income","CANADA","CAD"
"Wealth Management #9985 - AUSTRALIA","Financial Services","AUSTRALIA","AUD"
"M&T Bank - UK","Financial Services","UK","GBP"
"Budget Station","Transportation","CANADA","CAD"
"Spectrum - CANADA","Utilities & Services","CANADA","CAD"
"Peter Pan - AUSTRALIA","Transportation","AUSTRALIA","AUD"
"McDonald's #7985","Food & Dining","CANADA","CAD"
"White Castle - AUSTRALIA","Food & Dining","AUSTRALIA","AUD"
"Police Department Branch Center - Night","Government & Legal","CANADA","CAD"
"Laser Tag #2009","Entertainment & Recreation","AUSTRALIA","AUD"
"Jimmy John's","Food & Dining","INDIA","INR"
"Dillard's Store Branch","Shopping & Retail","USA","USD"
"Social Security Center","Income","UK","GBP"
"Hulu Store","Entertainment & Recreation","UK","GBP"
"Cleveland Clinic","Healthcare & Medical","AUSTRALIA","AUD"
"Car2Go","Transportation","AUSTRALIA","AUD"
"Annuity TXN675127","Income","INDIA","INR"
"White Castle","Food & Dining","UK","GBP"
"Reward - USA (Bank Transfer)","Income","USA","USD"
"MBTA - Weekday","Transportation","USA","USD"
"MARTA","Transportation","INDIA","INR"
"Blimpie - USA Online TXN250587","Food & Dining","USA","USD"
"Water Park #9223 Center","Entertainment & Recreation","AUSTRALIA","AUD"
"Santander Store Downtown","Financial Services","INDIA","INR"
"Blood Test Store Center TXN672521","Healthcare & Medical","AUSTRALIA","AUD"
"Pension","Income","AUSTRALIA","AUD"
"McDonald's","Food & Dining","CANADA","CAD"
"Verizon","Utilities & Services","UK","GBP"
"Homeless Shelter TXN674425","Charity & Donations","UK","GBP"
"WiFi Hotspot #3129","Utilities & Services","CANADA","CAD"
"Donation #6630","Charity & Donations","UK","GBP"
"Chiropractor #3172 - Dinner Time","Healthcare & Medical","CANADA","CAD"
"Domino's Store Branch Downtown","Food & Dining","INDIA","INR"
"Chiropractor","Healthcare & Medical","AUSTRALIA","AUD"
"Wealth Management Store Online","Financial Services","INDIA","INR"
"Greenpeace #7856 - Afternoon","Charity & Donations","USA","USD"
"Lab - CANADA","Healthcare & Medical","CANADA","CAD"
"Credit Union","Financial Services","UK","GBP"
"Netflix #3138 Center","Entertainment & Recreation","INDIA","INR"
"Church (ACH)","Charity & Donations","INDIA","INR"
"Side Hustle","Income","USA","USD"
"Greyhound","Transportation","INDIA","INR"
"BoltBus #8259 - CANADA Hospital","Transportation","CANADA","CAD"
"Bookkeeping - AUSTRALIA (Contactless)","Financial Services","AUSTRALIA","AUD"
"Police Department - UK Online","Government & Legal","UK","GBP"
"Chevron #2474 Store Online","Transportation","USA","USD"
"H&M - CANADA Store","Shopping & Retail","CANADA","CAD"
"OfficeMax - INDIA Online TXN440493","Shopping & Retail","INDIA","INR"
"Consolidated Communications #8869 - INDIA Store - Lunch Time","Utilities & Services","INDIA","INR"
"Satellite Internet - INDIA Station","Utilities & Services","INDIA","INR"
"Temple #7847","Charity & Donations","UK","GBP"
"Sephora #3136","Shopping & Retail","USA","USD"
"Internet Provider #2095 - CANADA","Utilities & Services","CANADA","CAD"
"Marshals #4059","Government & Legal","UK","GBP"
"Ski Resort - INDIA","Entertainment & Recreation","INDIA","INR"
"Rite Aid","Healthcare & Medical","USA","USD"
"Fifth Third #6083 TXN298991","Financial Services","CANADA","CAD"
"Raising Cane's TXN157940","Food & Dining","INDIA","INR"
"Greenpeace - Lunch Time","Charity & Donations","CANADA","CAD"
"NSA","Government & Legal","CANADA","CAD"
"Red Cross","Charity & Donations","CANADA","CAD"
"Hertz","Transportation","USA","USD"
"Government Store Online Residential","Government & Legal","USA","USD"
"Neurologist Store","Healthcare & Medical","CANADA","CAD"
"Phone Company","Utilities & Services","CANADA","CAD"
"Offering","Charity & Donations","INDIA","INR"
"Salary Branch","Income","UK","GBP"
"Sephora Center (Wire)","Shopping & Retail","INDIA","INR"
"Temple #2632","Charity & Donations","UK","GBP"
"Zara Store Strip Mall","Shopping & Retail","CANADA","CAD"
"United #7260","Transportation","USA","USD"
"Comcast #5813 (ACH)","Utilities & Services","INDIA","INR"
"Lyft","Transportation","CANADA","CAD"
"Sephora #4713 Online - Weekday","Shopping & Retail","USA","USD"
"Emergency Services #1495","Government & Legal","UK","GBP"
"Enterprise - INDIA","Transportation","INDIA","INR"
"Stanford Health","Healthcare & Medical","UK","GBP"
"Medicaid","Government & Legal","INDIA","INR"
"Turo #1552 - Rush Hour","Transportation","USA","USD"
"Cinemark","Entertainment & Recreation","CANADA","CAD"
"Pharmacy","Healthcare & Medical","USA","USD"
"SPCA - USA","Charity & Donations","USA","USD"
"Satellite Internet #9944","Utilities & Services","USA","USD"
"Urologist #7029 Store","Healthcare & Medical","UK","GBP"
"Veterans Organization - USA Store","Charity & Donations","USA","USD"
"Offering Campus","Charity & Donations","USA","USD"
"Windstream","Utilities & Services","UK","GBP"
"Paintball Branch Station","Entertainment & Recreation","CANADA","CAD"
"Firehouse Subs","Food & Dining","CANADA","CAD"
"Baja Fresh Mall","Food & Dining","CANADA","CAD"
"Bookkeeping","Financial Services","INDIA","INR"
"Festival #4702 Station","Entertainment & Recreation","CANADA","CAD"
"Saks Off 5th #8406 - UK","Shopping & Retail","UK","GBP"
"Go-Kart Store","Entertainment & Recreation","USA","USD"
"WWF","Charity & Donations","INDIA","INR"
"Sparklight - CANADA","Utilities & Services","CANADA","CAD"
"Greyhound #9484 Shopping Center","Transportation","USA","USD"
"Salary - AUSTRALIA","Income","AUSTRALIA","AUD"
"Pizza Hut Store","Food & Dining","AUSTRALIA","AUD"
"Windstream Store","Utilities & Services","INDIA","INR"
"Surgery","Healthcare & Medical","AUSTRALIA","AUD"
"Cleveland Clinic #5569 - Rush Hour","Healthcare & Medical","CANADA","CAD"
"Starlink - USA","Utilities & Services","USA","USD"
"Mayo Clinic TXN446361","Healthcare & Medical","CANADA","CAD"
"Insurance #9835","Financial Services","INDIA","INR"
"Jimmy John's","Food & Dining","USA","USD"
"Belk - USA","Shopping & Retail","USA","USD"
"MTA Shopping Center","Transportation","UK","GBP"
"Shell TXN851813","Transportation","INDIA","INR"
"Goodwill TXN320171","Charity & Donations","USA","USD"
"Turo #6766 Online Airport","Transportation","USA","USD"
"Hardee's","Food & Dining","UK","GBP"
"Lord & Taylor","Shopping & Retail","CANADA","CAD"
"Mosque","Charity & Donations","UK","GBP"
"Dollar #4819 - AUSTRALIA Online - Lunch Time","Transportation","AUSTRALIA","AUD"
"Senior Center #4046","Charity & Donations","CANADA","CAD"
"Credit Union #1370 Store (Wire)","Financial Services","UK","GBP"
"Rental Income #2193","Income","INDIA","INR"
"Concert - UK Store (Cash)","Entertainment & Recreation","UK","GBP"
"Border Patrol TXN719941","Government & Legal","AUSTRALIA","AUD"
"Johns Hopkins - UK Store - Night","Healthcare & Medical","UK","GBP"
"Tax - AUSTRALIA","Government & Legal","AUSTRALIA","AUD"
"Investment (Online)","Financial Services","CANADA","CAD"
"Investment Bank","Financial Services","CANADA","CAD"
"Belk #8159 Branch","Shopping & Retail","AUSTRALIA","AUD"
"Border Patrol #5246 TXN447616","Government & Legal","USA","USD"
"Cinemark","Entertainment & Recreation","UK","GBP"
"Bojangles Store","Food & Dining","UK","GBP"
"Payroll #2414","Income","UK","GBP"
"Starbucks #1444","Food & Dining","INDIA","INR"
"Homeless Shelter Store TXN330737","Charity & Donations","CANADA","CAD"
"Subway Mall","Food & Dining","USA","USD"
"Insurance Online","Financial Services","INDIA","INR"
"Service","Government & Legal","UK","GBP"
"Habitat for Humanity #6384 - Holiday","Charity & Donations","AUSTRALIA","AUD"
"Allegiant #9900 - CANADA Store","Transportation","CANADA","CAD"
"Office Depot #7185","Shopping & Retail","USA","USD"
"Culver's Hospital","Food & Dining","AUSTRALIA","AUD"
"DSL Shopping Center","Utilities & Services","USA","USD"
"Dollar General Store","Shopping & Retail","CANADA","CAD"
"Humane Society Store","Charity & Donations","AUSTRALIA","AUD"
"Cox - Rush Hour","Utilities & Services","INDIA","INR"
"Greyhound #1857 - USA","Transportation","USA","USD"
"Brokerage","Financial Services","CANADA","CAD"
"Mediacom #1179 Downtown","Utilities & Services","UK","GBP"
"Religious Organization","Charity & Donations","USA","USD"
"Urologist - Rush Hour","Healthcare & Medical","INDIA","INR"
"National - AUSTRALIA","Transportation","AUSTRALIA","AUD"
"Veterans Organization Online","Charity & Donations","CANADA","CAD"
"Children's Hospital - Weekend","Healthcare & Medical","USA","USD"
"Comcast #5306 TXN775028","Utilities & Services","USA","USD"
"ATM - UK","Financial Services","UK","GBP"
"Red Cross Online (Mobile)","Charity & Donations","UK","GBP"
"Taxi Online","Transportation","USA","USD"
"Frontier","Utilities & Services","AUSTRALIA","AUD"
"Church #3128 - USA Online","Charity & Donations","USA","USD"
"Barneys New York Online","Shopping & Retail","UK","GBP"
"Best Buy #8095 - Afternoon","Shopping & Retail","UK","GBP"
"DSL Campus","Utilities & Services","USA","USD"
"Shake Shack #3845 - Holiday","Food & Dining","AUSTRALIA","AUD"
"Maven","Transportation","CANADA","CAD"
"Moe's Southwest Grill #3529 Mall","Food & Dining","INDIA","INR"
"Legal - CANADA Online (Cash)","Government & Legal","CANADA","CAD"
"Cable One #2028","Utilities & Services","INDIA","INR"
"Contract Work","Income","AUSTRALIA","AUD"
"Bowling Alley #1849 Store - Weekday","Entertainment & Recreation","CANADA","CAD"
"Chipotle #7343 (ACH)","Food & Dining","USA","USD"
"Allegiant #7855","Transportation","AUSTRALIA","AUD"
"McDonald's #5054 - UK Hospital","Food & Dining","UK","GBP"
"Mediacom","Utilities & Services","INDIA","INR"
"Regal","Entertainment & Recreation","UK","GBP"
"Parking #7499","Transportation","CANADA","CAD"
"Golf Course Store Online","Entertainment & Recreation","UK","GBP"
"Transfer #9498 (App)","Financial Services","CANADA","CAD"
"Broadband (Wire)","Utilities & Services","UK","GBP"
"BMO Harris Store","Financial Services","AUSTRALIA","AUD"
"Train","Transportation","CANADA","CAD"
"Yoga Studio #5780 TXN161229","Entertainment & Recreation","USA","USD"
"Target - Morning","Food & Dining","USA","USD"
"TJ Maxx #7092 Store","Shopping & Retail","AUSTRALIA","AUD"
"Yoga Studio #3641 - INDIA Store","Entertainment & Recreation","INDIA","INR"
"Refund - AUSTRALIA - Weekend","Income","AUSTRALIA","AUD"
"Social Security Online Hospital","Government & Legal","CANADA","CAD"
"Chick-fil-A #2707 (Bank Transfer)","Food & Dining","CANADA","CAD"
"Uber - Weekend","Transportation","AUSTRALIA","AUD"
"Zaxby's","Food & Dining","USA","USD"
"Notary Online Residential","Government & Legal","CANADA","CAD"
"Cable One Branch","Utilities & Services","INDIA","INR"
"Dollar Tree #3157 - AUSTRALIA","Shopping & Retail","AUSTRALIA","AUD"
"Synagogue Store","Charity & Donations","UK","GBP"
"Oxfam","Charity & Donations","INDIA","INR"
"Business WiFi Airport","Utilities & Services","AUSTRALIA","AUD"
"Ulta - UK Strip Mall","Shopping & Retail","UK","GBP"
"Crunch Fitness #3032 - Lunch Time","Entertainment & Recreation","USA","USD"
"Cedars-Sinai TXN675278","Healthcare & Medical","UK","GBP"
"Kaiser Permanente - CANADA - Evening","Healthcare & Medical","CANADA","CAD"
"Sparklight - AUSTRALIA","Utilities & Services","AUSTRALIA","AUD"
"Target","Shopping & Retail","CANADA","CAD"
"Greenpeace Store","Charity & Donations","UK","GBP"
"Whataburger","Food & Dining","AUSTRALIA","AUD"
"Carnival - Evening","Entertainment & Recreation","USA","USD"
"Chiropractor - INDIA Mall","Healthcare & Medical","INDIA","INR"
"Potbelly #1226 Store","Food & Dining","USA","USD"
"CIA - INDIA","Government & Legal","INDIA","INR"
"Office Depot","Shopping & Retail","AUSTRALIA","AUD"
"Office Depot Store","Shopping & Retail","CANADA","CAD"
"Overtime - CANADA Online Center","Income","CANADA","CAD"
"Investment Bank Store - Weekday","Financial Services","AUSTRALIA","AUD"
"FBI #2284","Government & Legal","UK","GBP"
"Cable Company #7476 Airport","Utilities & Services","UK","GBP"
"Dollar General","Shopping & Retail","USA","USD"
"Marshals - AUSTRALIA Business District","Government & Legal","AUSTRALIA","AUD"
"MARTA #8002 - INDIA","Transportation","INDIA","INR"
"DEA #1746","Government & Legal","INDIA","INR"
"Sparklight - USA Store","Utilities & Services","USA","USD"
"Arby's","Food & Dining","CANADA","CAD"
"Youth Organization - INDIA Store Shopping Center","Charity & Donations","INDIA","INR"
"Notary","Government & Legal","UK","GBP"
"Huntington Bank #6024 Store","Financial Services","AUSTRALIA","AUD"
"Religious Organization #6115 - UK","Charity & Donations","UK","GBP"
"Subway","Food & Dining","AUSTRALIA","AUD"
"Macy's Store TXN348779","Shopping & Retail","INDIA","INR"
"Local Food Bank Strip Mall","Charity & Donations","INDIA","INR"
"Marshalls #1976 Station","Shopping & Retail","AUSTRALIA","AUD"
"FBI","Government & Legal","UK","GBP"
"SunTrust","Financial Services","AUSTRALIA","AUD"
"Service Store Center TXN520761","Government & Legal","AUSTRALIA","AUD"
"Bank of America - UK","Financial Services","UK","GBP"
"Dermatologist Online Center","Healthcare & Medical","UK","GBP"
"Saks Off 5th #6057 Online - Holiday","Shopping & Retail","CANADA","CAD"
"Paintball Branch","Entertainment & Recreation","CANADA","CAD"
"Rite Aid (Card)","Shopping & Retail","USA","USD"
"Credit Union - Rush Hour","Financial Services","UK","GBP"
"WWF Online","Charity & Donations","UK","GBP"
"Arby's (Bank Transfer)","Food & Dining","UK","GBP"
"Reimbursement #3824","Income","USA","USD"
"Reimbursement (Wire)","Income","AUSTRALIA","AUD"
"Children's Hospital Store","Healthcare & Medical","UK","GBP"
"Children's Hospital Campus","Healthcare & Medical","AUSTRALIA","AUD"
"Cane's Online - Morning","Food & Dining","AUSTRALIA","AUD"
"Doctors Without Borders #6213 Mall","Charity & Donations","INDIA","INR"
"Cinemark TXN643298","Entertainment & Recreation","AUSTRALIA","AUD"
"GoFundMe #8450","Charity & Donations","UK","GBP"
"Walgreens - Morning","Healthcare & Medical","CANADA","CAD"
"Zoo (Digital Wallet)","Entertainment & Recreation","CANADA","CAD"
"Red Cross #1175","Charity & Donations","UK","GBP"
"Trampoline Park Online","Entertainment & Recreation","INDIA","INR"
"Loan (Card)","Financial Services","UK","GBP"
"Cable One","Utilities & Services","AUSTRALIA","AUD"
"Humane Society - INDIA","Charity & Donations","INDIA","INR"
"ASPCA Store","Charity & Donations","USA","USD"
"Bowling Alley #6324 (Digital Wallet)","Entertainment & Recreation","AUSTRALIA","AUD"
"Fifth Third (Contactless)","Financial Services","INDIA","INR"
"Train","Transportation","AUSTRALIA","AUD"
"Consolidated Communications Store","Utilities & Services","AUSTRALIA","AUD"
"Southwest Airlines #2988 Store","Transportation","INDIA","INR"
"Internet Provider TXN490480","Utilities & Services","AUSTRALIA","AUD"
"Bergdorf Goodman (ACH)","Shopping & Retail","USA","USD"
"Wendy's - Rush Hour","Food & Dining","AUSTRALIA","AUD"
"Visa TXN320468","Government & Legal","AUSTRALIA","AUD"
"Surgery","Healthcare & Medical","CANADA","CAD"
"Temple TXN255821","Charity & Donations","AUSTRALIA","AUD"
"Gift #6700 Residential","Charity & Donations","CANADA","CAD"
"X-Ray Strip Mall","Healthcare & Medical","CANADA","CAD"
"Mobile Store Online Business District","Utilities & Services","INDIA","INR"
"Comerica Online","Financial Services","INDIA","INR"
"Capital Gains","Income","CANADA","CAD"
"Cleveland Clinic - USA","Healthcare & Medical","USA","USD"
"CIA #4437","Government & Legal","USA","USD"
"Cox - AUSTRALIA","Utilities & Services","AUSTRALIA","AUD"
"Credit Store Branch","Income","UK","GBP"
"WOW Online - Morning","Utilities & Services","CANADA","CAD"
"Bookkeeping - INDIA Store","Financial Services","INDIA","INR"
"ATM","Financial Services","USA","USD"
"Netflix","Entertainment & Recreation","CANADA","CAD"
"Accounting","Financial Services","USA","USD"
"Legal","Government & Legal","AUSTRALIA","AUD"
"Municipal Building #3949","Government & Legal","INDIA","INR"
"Office Depot","Shopping & Retail","UK","GBP"
"Optimum (ACH)","Utilities & Services","AUSTRALIA","AUD"
"Budget","Transportation","CANADA","CAD"
"Cable One #3704 Store TXN598949","Utilities & Services","USA","USD"
"Amazon Prime #2675 (Digital Wallet)","Entertainment & Recreation","USA","USD"
"OfficeMax Online","Shopping & Retail","UK","GBP"
"Gym Hospital","Entertainment & Recreation","INDIA","INR"
"Noodles & Company - INDIA","Food & Dining","INDIA","INR"
"Five Guys Center TXN599250","Food & Dining","AUSTRALIA","AUD"
"Accounting - USA Store","Financial Services","USA","USD"
"IRS Center","Government & Legal","CANADA","CAD"
"Greenpeace","Charity & Donations","CANADA","CAD"
"Chiropractor - CANADA Online","Healthcare & Medical","CANADA","CAD"
"National Parks #1140","Charity & Donations","AUSTRALIA","AUD"
"Retirement - UK Store","Financial Services","UK","GBP"
"Frontier #8593 Store","Transportation","INDIA","INR"
"Freelance Station","Income","CANADA","CAD"
"Reimbursement - UK Online","Income","UK","GBP"
"Fire Department","Government & Legal","AUSTRALIA","AUD"
"WOW #9480","Utilities & Services","USA","USD"
"T-Mobile #5732 Center TXN258228","Utilities & Services","INDIA","INR"
"YouTube Store - Evening","Entertainment & Recreation","CANADA","CAD"
"Cold Stone Creamery Center","Food & Dining","AUSTRALIA","AUD"
"Convention Center","Entertainment & Recreation","USA","USD"
"Rite Aid Store - Weekend","Healthcare & Medical","UK","GBP"
"Psychiatrist Store","Healthcare & Medical","AUSTRALIA","AUD"
"Mayo Clinic Center","Healthcare & Medical","CANADA","CAD"
"Nordstrom #7219 - USA","Shopping & Retail","USA","USD"
"Mutual Fund - Weekday","Financial Services","CANADA","CAD"
"Animal Shelter","Charity & Donations","UK","GBP"
"Ambulance #7783","Government & Legal","INDIA","INR"
"Saks Off 5th","Shopping & Retail","UK","GBP"
"Dollar TXN380925","Transportation","UK","GBP"
"Online Bank","Financial Services","INDIA","INR"
"Mobile","Utilities & Services","AUSTRALIA","AUD"
"Tax Store","Government & Legal","USA","USD"
"County Clerk #2125 Store","Government & Legal","USA","USD"
"LA Fitness Center TXN900030","Entertainment & Recreation","UK","GBP"
"Cox Online Center","Utilities & Services","AUSTRALIA","AUD"
"Equinox Store","Entertainment & Recreation","UK","GBP"
"Refund Store Center - Weekend","Income","CANADA","CAD"
"Overtime #4280 - CANADA","Income","CANADA","CAD"
"Jack in the Box #9035 - UK (Wire)","Food & Dining","UK","GBP"
"Emergency Services","Government & Legal","INDIA","INR"
"Convention Center Store","Entertainment & Recreation","USA","USD"
"Habitat for Humanity - INDIA","Charity & Donations","INDIA","INR"
"Pure Barre - USA","Entertainment & Recreation","USA","USD"
"GameStop - Dinner Time","Shopping & Retail","USA","USD"
"Verizon (Online)","Utilities & Services","UK","GBP"
"Gynecologist - CANADA Store","Healthcare & Medical","CANADA","CAD"
"PNC Bank - Night","Financial Services","INDIA","INR"
"Potbelly - UK","Food & Dining","UK","GBP"
"SPCA Online","Charity & Donations","USA","USD"
"Starbucks","Food & Dining","INDIA","INR"
"State Police Online (Online)","Government & Legal","AUSTRALIA","AUD"
"Barnes & Noble Online","Shopping & Retail","CANADA","CAD"
"Tennis Court Store Branch - Weekday","Entertainment & Recreation","INDIA","INR"
"Cedars-Sinai","Healthcare & Medical","USA","USD"
"Comcast - AUSTRALIA","Utilities & Services","AUSTRALIA","AUD"
"Water Company #4399 - Night","Utilities & Services","INDIA","INR"
"Online Bank - INDIA","Financial Services","INDIA","INR"
"Consulting (Mobile)","Income","AUSTRALIA","AUD"
"Full-time Station","Income","UK","GBP"
"CVS - CANADA Center","Shopping & Retail","CANADA","CAD"
"Target Store Mall","Food & Dining","UK","GBP"
"Legal - UK Hospital","Government & Legal","UK","GBP"
"Chick-fil-A Online TXN601349","Food & Dining","UK","GBP"
"M&T Bank","Financial Services","USA","USD"
"Quiznos #4607 Store","Food & Dining","USA","USD"
"UCLA Medical #8006 - Lunch Time","Healthcare & Medical","USA","USD"
"Cox Online - Morning","Utilities & Services","INDIA","INR"
"Surgery","Healthcare & Medical","UK","GBP"
"Sprint Online Shopping Center","Utilities & Services","UK","GBP"
"Disney+ #2069 - USA","Entertainment & Recreation","USA","USD"
"Consulting #2319","Income","CANADA","CAD"
"Atlantic Broadband #3193","Utilities & Services","UK","GBP"
"Southwest Airlines #9228","Transportation","CANADA","CAD"
"Paramedic TXN396538","Government & Legal","UK","GBP"
"Occupational Therapy","Healthcare & Medical","USA","USD"
"FedEx Office - UK Store","Shopping & Retail","UK","GBP"
"Windstream Center Downtown","Utilities & Services","USA","USD"
"Donation","Charity & Donations","USA","USD"
"Paramedic #3244 Store","Government & Legal","AUSTRALIA","AUD"
"License - USA","Government & Legal","USA","USD"
"Wendy's #6964 - AUSTRALIA Store Online (Bank Transfer)","Food & Dining","AUSTRALIA","AUD"
"World Vision Campus","Charity & Donations","UK","GBP"
"Walgreens (App)","Shopping & Retail","CANADA","CAD"
"Income - CANADA","Income","CANADA","CAD"
"Banking - UK Branch","Financial Services","UK","GBP"
"Sixt - USA Store Center","Transportation","USA","USD"
"Red Cross #9565","Charity & Donations","UK","GBP"
"DirecTV #7600 TXN597890","Utilities & Services","USA","USD"
"Mass General #9653 Store","Healthcare & Medical","UK","GBP"
"Capital One #6108","Financial Services","UK","GBP"
"Big Lots","Shopping & Retail","UK","GBP"
"Reimbursement #8294 - INDIA","Income","INDIA","INR"
"H&M","Shopping & Retail","INDIA","INR"
"Permit","Government & Legal","CANADA","CAD"
"Salary Store","Income","UK","GBP"
"Lyft Online","Transportation","AUSTRALIA","AUD"
"Social Security TXN719479","Income","INDIA","INR"
"Home Depot #8159 Center","Shopping & Retail","CANADA","CAD"
"Charter #9176 (App)","Utilities & Services","INDIA","INR"
"Direct Deposit TXN453278","Income","INDIA","INR"
"Safeway Pharmacy #4158 - CANADA Hospital","Healthcare & Medical","CANADA","CAD"
"DSL Center","Utilities & Services","INDIA","INR"
"Escape Room Store","Entertainment & Recreation","UK","GBP"
"Best Buy #1397","Shopping & Retail","UK","GBP"
"Town Hall Branch","Government & Legal","AUSTRALIA","AUD"
"Pharmacy","Healthcare & Medical","USA","USD"
"Regions Bank","Financial Services","CANADA","CAD"
"Royalty","Income","CANADA","CAD"
"Cane's Center Strip Mall","Food & Dining","CANADA","CAD"
"Pharmacy - CANADA Online - Evening","Healthcare & Medical","CANADA","CAD"
"SPCA - UK","Charity & Donations","UK","GBP"
"Stock - Holiday","Financial Services","INDIA","INR"
"Cane's #5440 - AUSTRALIA Store (Wire)","Food & Dining","AUSTRALIA","AUD"
"Homeless Shelter - USA","Charity & Donations","USA","USD"
"Bowling Alley Store (Contactless)","Entertainment & Recreation","UK","GBP"
"Cox #4079 - Morning","Utilities & Services","USA","USD"
"UNICEF - AUSTRALIA (Card)","Charity & Donations","AUSTRALIA","AUD"
"Dairy Queen","Food & Dining","USA","USD"
"Wage Branch Downtown","Income","INDIA","INR"
"Jimmy John's TXN691915","Food & Dining","CANADA","CAD"
"Sick Pay #4070 - Night","Income","UK","GBP"
"Orthopedist #9569 (ACH)","Healthcare & Medical","CANADA","CAD"
"Gig Work - Afternoon","Income","UK","GBP"
"Licensing #8900 TXN367303","Income","AUSTRALIA","AUD"
"Disability #5119","Income","INDIA","INR"
"Toll #5893 Store","Transportation","INDIA","INR"
"Salary","Income","AUSTRALIA","AUD"
"Saks Off 5th #2264 - USA","Shopping & Retail","USA","USD"
"Enterprise Downtown","Transportation","AUSTRALIA","AUD"
"IRS #5708 Store","Government & Legal","INDIA","INR"
"Cable Company - USA","Utilities & Services","USA","USD"
"UPS Store #2385","Shopping & Retail","AUSTRALIA","AUD"
"Gym - AUSTRALIA","Entertainment & Recreation","AUSTRALIA","AUD"
"Macy's - Afternoon","Shopping & Retail","CANADA","CAD"
"Bergdorf Goodman #5483","Shopping & Retail","CANADA","CAD"
"Bloomingdale's","Shopping & Retail","USA","USD"
"Fundraising (Contactless)","Charity & Donations","UK","GBP"
"BoltBus","Transportation","UK","GBP"
"Water Company (Card)","Utilities & Services","INDIA","INR"
"Urologist Center TXN494338","Healthcare & Medical","AUSTRALIA","AUD"
"Electric Company - USA","Utilities & Services","USA","USD"
"Clinic Store","Healthcare & Medical","UK","GBP"
"Contract Work - UK","Income","UK","GBP"
"Tax #8512 Store - Dinner Time","Government & Legal","CANADA","CAD"
"Notary","Government & Legal","INDIA","INR"
"Cedars-Sinai Online","Healthcare & Medical","INDIA","INR"
"Sheriff","Government & Legal","CANADA","CAD"
"World Vision","Charity & Donations","AUSTRALIA","AUD"
"Capitol Store","Government & Legal","CANADA","CAD"
"ATF Center","Government & Legal","INDIA","INR"
"Sixt - USA Branch Strip Mall","Transportation","USA","USD"
"Tax Preparation","Financial Services","USA","USD"
"DMV Online","Government & Legal","UK","GBP"
"Southwest Airlines Residential","Transportation","AUSTRALIA","AUD"
"Children's Hospital Store - Holiday","Healthcare & Medical","CANADA","CAD"
"Full-time (ACH)","Income","INDIA","INR"
"Senate - UK","Government & Legal","UK","GBP"
"Nordstrom Rack #2643","Shopping & Retail","USA","USD"
"Escape Room Store - Evening","Entertainment & Recreation","UK","GBP"
"Insurance #9963 Store","Financial Services","UK","GBP"
"Santander","Financial Services","AUSTRALIA","AUD"
"M&T Bank Hospital","Financial Services","CANADA","CAD"
"Audubon Society #5231 Business District","Charity & Donations","CANADA","CAD"
"Occupational Therapy Branch","Healthcare & Medical","INDIA","INR"
"Concert Hospital","Entertainment & Recreation","INDIA","INR"
"Banking Store Online","Financial Services","AUSTRALIA","AUD"
"PETA (App)","Charity & Donations","AUSTRALIA","AUD"
"ATF Center","Government & Legal","AUSTRALIA","AUD"
"WOW #2261","Utilities & Services","UK","GBP"
"Payroll - CANADA","Income","CANADA","CAD"
"Secret Service - CANADA","Government & Legal","CANADA","CAD"
"Festival - CANADA Branch","Entertainment & Recreation","CANADA","CAD"
"Nature Conservancy #3671 Hospital","Charity & Donations","CANADA","CAD"
"Chase #2304 - USA","Financial Services","USA","USD"
"Social Security - Morning","Income","CANADA","CAD"
"Children's Hospital #2556","Healthcare & Medical","INDIA","INR"
"AMC","Entertainment & Recreation","USA","USD"
"DART Business District","Transportation","AUSTRALIA","AUD"
"Transfer Store - Holiday","Financial Services","CANADA","CAD"
"Oxfam","Charity & Donations","CANADA","CAD"
"Consulting","Income","USA","USD"
"Regions Bank - INDIA","Financial Services","INDIA","INR"
"PETA #2716","Charity & Donations","INDIA","INR"
"Von Maur #8855","Shopping & Retail","CANADA","CAD"
"Dividend","Income","INDIA","INR"
"Ulta #8867 Store","Shopping & Retail","CANADA","CAD"
"Wealth Management #3707","Financial Services","CANADA","CAD"
"Cable Internet #1673 - UK Online Shopping Center","Utilities & Services","UK","GBP"
"Metro (Bank Transfer)","Transportation","USA","USD"
"Immigration #5841","Government & Legal","CANADA","CAD"
"CVS (Digital Wallet)","Healthcare & Medical","USA","USD"
"Kroger Pharmacy - UK Downtown","Healthcare & Medical","UK","GBP"
"Walmart #4828 (Digital Wallet)","Shopping & Retail","AUSTRALIA","AUD"
"24 Hour Fitness #1437","Entertainment & Recreation","CANADA","CAD"
"Spirit","Transportation","CANADA","CAD"
"Fire Department Online","Government & Legal","INDIA","INR"
"Dollar Tree #8696 Store","Shopping & Retail","CANADA","CAD"
"Disability #5212 - INDIA","Income","INDIA","INR"
"Chipotle","Food & Dining","USA","USD"
"Emergency Room - UK","Healthcare & Medical","UK","GBP"
"Verizon - Dinner Time","Utilities & Services","USA","USD"
"Gig Work #9302 Store","Income","CANADA","CAD"
"Turo","Transportation","USA","USD"
"WiFi #8828 Airport","Utilities & Services","AUSTRALIA","AUD"
"Potbelly - USA TXN540458","Food & Dining","USA","USD"
"Animal Shelter","Charity & Donations","UK","GBP"
"County Clerk Hospital","Government & Legal","UK","GBP"
"Jersey Mike's - CANADA Campus","Food & Dining","CANADA","CAD"
"OfficeMax Downtown","Shopping & Retail","INDIA","INR"
"Water Park - CANADA Hospital","Entertainment & Recreation","CANADA","CAD"
"Medicaid - USA Downtown","Government & Legal","USA","USD"
"Church Online Center (Contactless)","Charity & Donations","USA","USD"
"Nature Conservancy - UK","Charity & Donations","UK","GBP"
"Consulting Mall","Income","USA","USD"
"Rental Income Branch","Income","INDIA","INR"
"Quiznos","Food & Dining","AUSTRALIA","AUD"
"Occupational Therapy Branch","Healthcare & Medical","UK","GBP"
"Cable Internet #7502","Utilities & Services","CANADA","CAD"
"Animal Shelter #5371","Charity & Donations","CANADA","CAD"
"HSBC","Financial Services","UK","GBP"
"Gold's Gym Store","Entertainment & Recreation","USA","USD"
"Orange Theory (ACH)","Entertainment & Recreation","USA","USD"
"Cane's","Food & Dining","CANADA","CAD"
"CVS Online","Healthcare & Medical","UK","GBP"
"Public WiFi #9461 - USA Store Online - Lunch Time","Utilities & Services","USA","USD"
"Baja Fresh","Food & Dining","CANADA","CAD"
"Alaska Airlines #1883 (ACH)","Transportation","CANADA","CAD"
"Walmart Pharmacy #3645 Online","Healthcare & Medical","CANADA","CAD"
"Pharmacy - AUSTRALIA","Healthcare & Medical","AUSTRALIA","AUD"
"Disney+ - INDIA Downtown","Entertainment & Recreation","INDIA","INR"
"Licensing #2019","Income","USA","USD"
"Doctors Without Borders","Charity & Donations","INDIA","INR"
"Theater Store Branch","Entertainment & Recreation","AUSTRALIA","AUD"
"Chase Store","Financial Services","UK","GBP"
"Animal Shelter #7122","Charity & Donations","USA","USD"
"Reward Branch","Income","USA","USD"
"Target #6427 Center TXN200434","Food & Dining","UK","GBP"
"County Clerk TXN950848","Government & Legal","CANADA","CAD"
"Hospital TXN159880","Healthcare & Medical","INDIA","INR"
"Consulting TXN719051","Income","INDIA","INR"
"United Way","Charity & Donations","INDIA","INR"
"Viasat (Mobile)","Utilities & Services","INDIA","INR"
"Banking - INDIA Online","Financial Services","INDIA","INR"
"Dillard's","Shopping & Retail","AUSTRALIA","AUD"
"UCSF Medical","Healthcare & Medical","UK","GBP"
"Regions Bank #3832 - Evening","Financial Services","USA","USD"
"CenturyLink - UK Campus","Utilities & Services","UK","GBP"
"Rental Income #1703","Income","UK","GBP"
"SunTrust - UK - Dinner Time","Financial Services","UK","GBP"
"Loan","Financial Services","INDIA","INR"
"Cable One","Utilities & Services","AUSTRALIA","AUD"
"Laser Tag #5051 - UK","Entertainment & Recreation","UK","GBP"
"Brokerage #9654","Financial Services","AUSTRALIA","AUD"
"Whataburger","Food & Dining","AUSTRALIA","AUD"
"Suddenlink #3980 Airport","Utilities & Services","USA","USD"
"Fitness Store","Entertainment & Recreation","INDIA","INR"
"Paramedic #4878 Online Center","Government & Legal","INDIA","INR"
"Five Guys #9784","Food & Dining","CANADA","CAD"
"Lord & Taylor","Shopping & Retail","CANADA","CAD"
"Charity #1544 - INDIA TXN656075","Charity & Donations","INDIA","INR"
"Hulu","Entertainment & Recreation","INDIA","INR"
"Yoga Studio Online TXN999885","Entertainment & Recreation","CANADA","CAD"
"Amtrak - AUSTRALIA Downtown","Transportation","AUSTRALIA","AUD"
"Cable Company #9534 Store","Utilities & Services","USA","USD"
"White House - USA","Government & Legal","USA","USD"
"Dollar General","Shopping & Retail","AUSTRALIA","AUD"
"Fiber","Utilities & Services","AUSTRALIA","AUD"
"Rite Aid Airport","Healthcare & Medical","INDIA","INR"
"Notary #4183 - UK","Government & Legal","UK","GBP"
"Salvation Army #1851","Charity & Donations","CANADA","CAD"
"Ski Resort Online","Entertainment & Recreation","UK","GBP"
"Deposit","Income","AUSTRALIA","AUD"
"Business WiFi","Utilities & Services","AUSTRALIA","AUD"
"County Clerk","Government & Legal","CANADA","CAD"
"Dollar General Store","Shopping & Retail","USA","USD"
"Wendy's","Food & Dining","INDIA","INR"
"Youth Organization","Charity & Donations","AUSTRALIA","AUD"
"Sephora #5412 Online","Shopping & Retail","AUSTRALIA","AUD"
"Viasat - CANADA","Utilities & Services","CANADA","CAD"
"Ulta Shopping Center","Shopping & Retail","USA","USD"
"Swimming Pool #3763 Online","Entertainment & Recreation","INDIA","INR"
"Contract Work TXN821234","Income","AUSTRALIA","AUD"
"Panda Express #4010 (Cash)","Food & Dining","AUSTRALIA","AUD"
"Goodwill TXN389167","Charity & Donations","UK","GBP"
"Go-Kart #7575 Online","Entertainment & Recreation","INDIA","INR"
"WOW - Rush Hour","Utilities & Services","INDIA","INR"
"Quiznos #5087 (Wire)","Food & Dining","CANADA","CAD"
"Permit #8643 Store (Bank Transfer)","Government & Legal","USA","USD"
"Theater Online Branch","Entertainment & Recreation","UK","GBP"
"Consulting","Income","AUSTRALIA","AUD"
"Royalty Online","Income","AUSTRALIA","AUD"
"Jack in the Box - Morning","Food & Dining","INDIA","INR"
"Target #6107","Shopping & Retail","UK","GBP"
"Paternity Leave - Evening","Income","AUSTRALIA","AUD"
"Royalty - USA (Online)","Income","USA","USD"
"Chevron - UK","Transportation","UK","GBP"
"FlixBus #1663 - INDIA","Transportation","INDIA","INR"
"Visa #1947 - Night","Government & Legal","UK","GBP"
"Museum Branch TXN395835","Entertainment & Recreation","UK","GBP"
"Mutual Fund","Financial Services","INDIA","INR"
"Digital Bank - Weekend","Financial Services","CANADA","CAD"
"Border Patrol Store Campus","Government & Legal","UK","GBP"
"AMC #2229 TXN839289","Entertainment & Recreation","AUSTRALIA","AUD"
"PNC Bank","Financial Services","CANADA","CAD"
"County Clerk #9465 - INDIA Online Center Campus","Government & Legal","INDIA","INR"
"In-N-Out - AUSTRALIA Store","Food & Dining","AUSTRALIA","AUD"
"Uniqlo Center TXN515084","Shopping & Retail","INDIA","INR"
"Laser Tag","Entertainment & Recreation","INDIA","INR"
"Investment #2631","Financial Services","INDIA","INR"
"Trader Joe's","Food & Dining","UK","GBP"
"Registration #1549 - USA Branch","Government & Legal","USA","USD"
"Temple (Wire)","Charity & Donations","INDIA","INR"
"Federal Building","Government & Legal","CANADA","CAD"
"Hospital #3928 Downtown","Healthcare & Medical","CANADA","CAD"
"Trampoline Park Branch","Entertainment & Recreation","AUSTRALIA","AUD"
"Comerica","Financial Services","AUSTRALIA","AUD"
"Bookkeeping - INDIA Branch - Morning","Financial Services","INDIA","INR"
"Zipcar","Transportation","INDIA","INR"
"Viasat","Utilities & Services","INDIA","INR"
"BB&T #7854 (Digital Wallet)","Financial Services","CANADA","CAD"
"Firehouse Subs - Lunch Time","Food & Dining","AUSTRALIA","AUD"
"Annuity","Income","UK","GBP"
"PNC Bank","Financial Services","UK","GBP"
"SoulCycle Business District","Entertainment & Recreation","CANADA","CAD"
"EMS Store","Government & Legal","INDIA","INR"
"Burlington - AUSTRALIA Store","Shopping & Retail","AUSTRALIA","AUD"
"Loan Campus","Financial Services","USA","USD"
"Cable Company","Utilities & Services","INDIA","INR"
"Dental Store Online","Healthcare & Medical","CANADA","CAD"
"Panera Bread #4753 - UK","Food & Dining","UK","GBP"
"Tennis Court","Entertainment & Recreation","USA","USD"
"Five Guys #7696","Food & Dining","INDIA","INR"
"Hardee's","Food & Dining","AUSTRALIA","AUD"
"Brigham and Women's - UK","Healthcare & Medical","UK","GBP"
"Local Church #8057 Store","Charity & Donations","USA","USD"
"Gynecologist - UK Center","Healthcare & Medical","UK","GBP"
"White House - Weekend","Government & Legal","USA","USD"
"Theater - Lunch Time","Entertainment & Recreation","CANADA","CAD"
"Saks Off 5th #6816","Shopping & Retail","USA","USD"
"Potbelly (Bank Transfer)","Food & Dining","CANADA","CAD"
"Verizon #1476 - UK","Utilities & Services","UK","GBP"
"YouTube Store - Night","Entertainment & Recreation","USA","USD"
"Electric Company - INDIA","Utilities & Services","INDIA","INR"
"Royalty - AUSTRALIA","Income","AUSTRALIA","AUD"
"Red Cross Online","Charity & Donations","INDIA","INR"
"Retirement - INDIA Branch","Financial Services","INDIA","INR"
"Chevron #6886 Strip Mall","Transportation","USA","USD"
"Temple","Charity & Donations","INDIA","INR"
"White Castle","Food & Dining","INDIA","INR"
"Post Office - UK Business District","Government & Legal","UK","GBP"
"Charity TXN456501","Charity & Donations","CANADA","CAD"
"7-Eleven #8363 Station","Transportation","UK","GBP"
"Amnesty International Campus","Charity & Donations","CANADA","CAD"
"BB&T #8600 - INDIA Branch TXN287170","Financial Services","INDIA","INR"
"GameStop Station","Shopping & Retail","UK","GBP"
"Sparklight #7619 Store Online","Utilities & Services","USA","USD"
"Paintball #5636 Store","Entertainment & Recreation","UK","GBP"
"Raising Cane's TXN392747","Food & Dining","CANADA","CAD"
"Turo #6939 Branch","Transportation","AUSTRALIA","AUD"
"Amtrak Online","Transportation","INDIA","INR"
"Homeless Shelter - Evening","Charity & Donations","INDIA","INR"
"CVS Store Campus","Shopping & Retail","USA","USD"
"Burger King Online","Food & Dining","UK","GBP"
"Panera Bread #7993","Food & Dining","AUSTRALIA","AUD"
"Highway Patrol","Government & Legal","UK","GBP"
"Psychiatrist","Healthcare & Medical","CANADA","CAD"
"Temple #4951","Charity & Donations","INDIA","INR"
"Permit - USA Center - Morning","Government & Legal","USA","USD"
"Shake Shack - Rush Hour","Food & Dining","INDIA","INR"
"Broadband","Utilities & Services","INDIA","INR"
"Taxi - INDIA Online","Transportation","INDIA","INR"
"Planet Fitness Online - Dinner Time","Entertainment & Recreation","AUSTRALIA","AUD"
"Tennis Court","Entertainment & Recreation","USA","USD"
"Mass General - CANADA TXN433375","Healthcare & Medical","CANADA","CAD"
"Paternity Leave #5762 - AUSTRALIA - Evening","Income","AUSTRALIA","AUD"
"SPCA Business District","Charity & Donations","INDIA","INR"
"Baskin-Robbins #4823 - CANADA - Dinner Time","Food & Dining","CANADA","CAD"
"Goodwill","Charity & Donations","USA","USD"
"White House #6814","Government & Legal","USA","USD"
"Burlington #5006 - Weekday","Shopping & Retail","UK","GBP"
"NYU Langone #3934 Store","Healthcare & Medical","UK","GBP"
"MRI - CANADA Branch","Healthcare & Medical","CANADA","CAD"
"Xfinity","Utilities & Services","USA","USD"
"Police Department Store (Wire)","Government & Legal","AUSTRALIA","AUD"
"Highway Patrol Store (Mobile)","Government & Legal","AUSTRALIA","AUD"
"Taxi","Transportation","INDIA","INR"
"Congress","Government & Legal","AUSTRALIA","AUD"
"Annuity","Income","UK","GBP"
"Consulting Online Branch","Income","INDIA","INR"
"Credit Store Online","Income","USA","USD"
"Secret Service Mall","Government & Legal","USA","USD"
"Gift","Charity & Donations","USA","USD"
"National Parks - INDIA","Charity & Donations","INDIA","INR"
"Rite Aid - Night","Healthcare & Medical","CANADA","CAD"
"Starbucks #5979 - UK (Online)","Food & Dining","UK","GBP"
"TJ Maxx","Shopping & Retail","INDIA","INR"
"State Police - AUSTRALIA","Government & Legal","AUSTRALIA","AUD"
"Southwest Airlines - UK","Transportation","UK","GBP"
"Raising Cane's Branch","Food & Dining","CANADA","CAD"
"TD Bank - INDIA Branch","Financial Services","INDIA","INR"
"Whole Foods","Food & Dining","USA","USD"
"Verizon","Utilities & Services","USA","USD"
"Peter Pan","Transportation","CANADA","CAD"
"Qdoba","Food & Dining","CANADA","CAD"
"Quiznos","Food & Dining","CANADA","CAD"
"Dollar - Weekend","Transportation","AUSTRALIA","AUD"
"Hulu (Online)","Entertainment & Recreation","AUSTRALIA","AUD"
"Offering","Charity & Donations","INDIA","INR"
"Verizon - CANADA Online","Utilities & Services","CANADA","CAD"
"Nordstrom Rack Online","Shopping & Retail","UK","GBP"
"Charter - UK Store","Utilities & Services","UK","GBP"
"Full-time #6729 Online","Income","UK","GBP"
"HSBC Branch","Financial Services","USA","USD"
"eBay - Lunch Time","Shopping & Retail","CANADA","CAD"
"Temple - AUSTRALIA Branch","Charity & Donations","AUSTRALIA","AUD"
"Megabus","Transportation","USA","USD"
"Federal Building Store TXN793043","Government & Legal","CANADA","CAD"
"SEPTA - Evening","Transportation","AUSTRALIA","AUD"
"Regions Bank TXN794559","Financial Services","INDIA","INR"
"DEA #8238","Government & Legal","INDIA","INR"
"Walmart Supercenter","Food & Dining","USA","USD"
"Donation Online","Charity & Donations","INDIA","INR"
"Ambulance","Government & Legal","USA","USD"
"Cable Company","Utilities & Services","USA","USD"
"Starlink Mall","Utilities & Services","CANADA","CAD"
"DART","Transportation","INDIA","INR"
"United - UK Store Hospital","Transportation","UK","GBP"
"Insurance #3647 - UK Branch","Financial Services","UK","GBP"
"Gift #2254 Hospital","Charity & Donations","UK","GBP"
"JetBlue","Transportation","AUSTRALIA","AUD"
"Fair - USA Branch","Entertainment & Recreation","USA","USD"
"Uber","Transportation","AUSTRALIA","AUD"
"Dunkin' Donuts TXN724752","Food & Dining","UK","GBP"
"Audubon Society #9249 - Rush Hour","Charity & Donations","USA","USD"
"Mr. Sub #1398 - Holiday","Food & Dining","AUSTRALIA","AUD"
"Wealth Management #8165","Financial Services","CANADA","CAD"
"Interest TXN212580","Income","UK","GBP"
"Five Guys","Food & Dining","AUSTRALIA","AUD"
"TD Bank TXN188154","Financial Services","UK","GBP"
"H&M Center","Shopping & Retail","AUSTRALIA","AUD"
"Frontier","Utilities & Services","AUSTRALIA","AUD"
"UPS Store","Shopping & Retail","AUSTRALIA","AUD"
"Johns Hopkins","Healthcare & Medical","UK","GBP"
"Maternity Leave Online","Income","AUSTRALIA","AUD"
"Credit Union Store","Financial Services","CANADA","CAD"
"Senate Store","Government & Legal","USA","USD"
"Paintball #6405","Entertainment & Recreation","UK","GBP"
"Investment Bank","Financial Services","CANADA","CAD"
"Fitness","Entertainment & Recreation","UK","GBP"
"Direct Deposit Store","Income","INDIA","INR"
"Car2Go","Transportation","USA","USD"
"Mutual Fund #3550","Financial Services","CANADA","CAD"
"Southwest Airlines #8051 - UK","Transportation","UK","GBP"
"Viasat - AUSTRALIA Online - Evening","Utilities & Services","AUSTRALIA","AUD"
"Comcast #6946 Store TXN490364","Utilities & Services","AUSTRALIA","AUD"
"Raising Cane's","Food & Dining","USA","USD"
"Paintball Branch","Entertainment & Recreation","INDIA","INR"
"Dollar - AUSTRALIA - Weekday","Transportation","AUSTRALIA","AUD"
"Panda Express - AUSTRALIA Store","Food & Dining","AUSTRALIA","AUD"
"Santander #4205 Online (Wire)","Financial Services","USA","USD"
"Trampoline Park #6775 Online - Afternoon","Entertainment & Recreation","USA","USD"
"Electric Company Store (App)","Utilities & Services","USA","USD"
"Fundraising Store Branch","Charity & Donations","UK","GBP"
"Saks Fifth Avenue - UK - Night","Shopping & Retail","UK","GBP"
"Family Dollar Branch","Shopping & Retail","AUSTRALIA","AUD"
"Swimming Pool TXN432791","Entertainment & Recreation","INDIA","INR"
"Dental","Healthcare & Medical","UK","GBP"
"Notary","Government & Legal","AUSTRALIA","AUD"
"Electric Company #6908 - CANADA","Utilities & Services","CANADA","CAD"
"Blimpie #6276","Food & Dining","INDIA","INR"
"T-Mobile (App)","Utilities & Services","USA","USD"
"WMATA","Transportation","CANADA","CAD"
"White Castle #6163","Food & Dining","CANADA","CAD"
"Anytime Fitness","Entertainment & Recreation","CANADA","CAD"
"Baja Fresh - AUSTRALIA","Food & Dining","AUSTRALIA","AUD"
"Freelance - Afternoon","Income","UK","GBP"
"Full-time #9235 Store","Income","CANADA","CAD"
"Commission - UK","Income","UK","GBP"
"Cardiologist #3048 Branch","Healthcare & Medical","CANADA","CAD"
"Uber Online - Weekend","Transportation","UK","GBP"
"Local Food Bank","Charity & Donations","UK","GBP"
"Culver's","Food & Dining","INDIA","INR"
"Paintball #2983 TXN595158","Entertainment & Recreation","AUSTRALIA","AUD"
"Payroll","Income","INDIA","INR"
"Yoga Studio - Night","Entertainment & Recreation","INDIA","INR"
"Wage - USA Online (Bank Transfer)","Income","USA","USD"
"Walgreens Center TXN426439","Healthcare & Medical","AUSTRALIA","AUD"
"Royalty","Income","INDIA","INR"
"Sparklight #8104 Store","Utilities & Services","AUSTRALIA","AUD"
"NYU Langone #5616 - USA Online","Healthcare & Medical","USA","USD"
"Walmart","Shopping & Retail","USA","USD"
"Taco Bell - CANADA","Food & Dining","CANADA","CAD"
"Paternity Leave #1936 Online","Income","CANADA","CAD"
"Dollar Tree","Shopping & Retail","AUSTRALIA","AUD"
"Big Lots - Weekday","Shopping & Retail","USA","USD"
"Cedars-Sinai","Healthcare & Medical","USA","USD"
"Laser Tag Campus","Entertainment & Recreation","INDIA","INR"
"Gold's Gym","Entertainment & Recreation","UK","GBP"
"Fair #3116 Store Strip Mall","Entertainment & Recreation","CANADA","CAD"
"Gig Work - UK Store","Income","UK","GBP"
"MTA TXN355184","Transportation","AUSTRALIA","AUD"
"Shake Shack","Food & Dining","UK","GBP"
"BP #4452 - USA Center","Transportation","USA","USD"
"Xfinity #3768 - AUSTRALIA Business District","Utilities & Services","AUSTRALIA","AUD"
"Part-time (ACH)","Income","CANADA","CAD"
"Hertz - UK","Transportation","UK","GBP"
"Walk-in Clinic Mall","Healthcare & Medical","INDIA","INR"
"Franchise Online (ACH)","Income","USA","USD"
"Regions Bank","Financial Services","AUSTRALIA","AUD"
"Cashback (Digital Wallet)","Income","INDIA","INR"
"Satellite Internet - CANADA Online","Utilities & Services","CANADA","CAD"
"Offering","Charity & Donations","UK","GBP"
"Train Online TXN278603","Transportation","USA","USD"
"Cardiologist #2608 Branch","Healthcare & Medical","CANADA","CAD"
"Satellite Internet - Dinner Time","Utilities & Services","UK","GBP"
"Saks Off 5th","Shopping & Retail","AUSTRALIA","AUD"
"Rally's TXN615915","Food & Dining","USA","USD"
"Gift","Charity & Donations","USA","USD"
"Synagogue #7632","Charity & Donations","USA","USD"
"Municipal Building","Government & Legal","UK","GBP"
"Spotify #2435","Entertainment & Recreation","CANADA","CAD"
"Veterans Organization","Charity & Donations","INDIA","INR"
"Staples - AUSTRALIA","Shopping & Retail","AUSTRALIA","AUD"
"24 Hour Fitness #2880 Online (App)","Entertainment & Recreation","UK","GBP"
"Macy's","Shopping & Retail","UK","GBP"
"Best Buy #7876 - Morning","Shopping & Retail","AUSTRALIA","AUD"
"Synagogue","Charity & Donations","AUSTRALIA","AUD"
"Doctors Without Borders","Charity & Donations","AUSTRALIA","AUD"
"Chick-fil-A Branch","Food & Dining","INDIA","INR"
"Concert","Entertainment & Recreation","CANADA","CAD"
"Festival (ACH)","Entertainment & Recreation","INDIA","INR"
"Holiday Pay - AUSTRALIA","Income","AUSTRALIA","AUD"
"Amazon Prime - UK (ACH)","Entertainment & Recreation","UK","GBP"
"In-N-Out #3571","Food & Dining","UK","GBP"
"Sparklight - UK Store","Utilities & Services","UK","GBP"
"MARTA - INDIA","Transportation","INDIA","INR"
"Swimming Pool #5723","Entertainment & Recreation","INDIA","INR"
"Spirit Store","Transportation","CANADA","CAD"
"Whole Foods Center Hospital","Food & Dining","USA","USD"
"Adidas - AUSTRALIA","Shopping & Retail","AUSTRALIA","AUD"
"BMO Harris #7657 - CANADA","Financial Services","CANADA","CAD"
"Payroll Center - Holiday","Income","INDIA","INR"
"Habitat for Humanity","Charity & Donations","UK","GBP"
"Comerica #7509","Financial Services","CANADA","CAD"
"CrossFit - CANADA Store","Entertainment & Recreation","CANADA","CAD"
"Verizon #4942 Store (Contactless)","Utilities & Services","AUSTRALIA","AUD"
"WOW TXN625587","Utilities & Services","CANADA","CAD"
"Dermatologist - Morning","Healthcare & Medical","AUSTRALIA","AUD"
"Interest (Bank Transfer)","Income","INDIA","INR"
"Permit (Cash)","Government & Legal","INDIA","INR"
"Tax #4318 - USA Branch TXN288745","Government & Legal","USA","USD"
"Gift #8171 Branch Center (App)","Charity & Donations","CANADA","CAD"
"NGO","Charity & Donations","USA","USD"
"Insurance Store Online","Financial Services","INDIA","INR"
"FBI - UK - Rush Hour","Government & Legal","UK","GBP"
"Popeyes","Food & Dining","UK","GBP"
"Fitness - USA Branch","Entertainment & Recreation","USA","USD"
"Moe's Southwest Grill TXN642564","Food & Dining","INDIA","INR"
"Children's Hospital #5933 Online TXN833058","Healthcare & Medical","INDIA","INR"
"Peter Pan #2232 Store","Transportation","UK","GBP"
"Amnesty International - UK - Dinner Time","Charity & Donations","UK","GBP"
"Audubon Society Store - Evening","Charity & Donations","CANADA","CAD"
"Primary Care TXN160627","Healthcare & Medical","INDIA","INR"
"Rite Aid Branch","Healthcare & Medical","INDIA","INR"
"BMO Harris - CANADA","Financial Services","CANADA","CAD"
"Pharmacy","Healthcare & Medical","UK","GBP"
"United Way - CANADA","Charity & Donations","CANADA","CAD"
"Transfer #5889 - UK Store","Financial Services","UK","GBP"
"Occupational Therapy #9064 - INDIA (Digital Wallet)","Healthcare & Medical","INDIA","INR"
"Deposit - USA Store","Income","USA","USD"
"Chase - USA Store","Financial Services","USA","USD"
"Escape Room","Entertainment & Recreation","AUSTRALIA","AUD"
"Bojangles","Food & Dining","UK","GBP"
"NYU Langone - Weekend","Healthcare & Medical","AUSTRALIA","AUD"
"TSA","Government & Legal","INDIA","INR"
"Bookkeeping","Financial Services","INDIA","INR"
"Chiropractor #5032 - INDIA (Wire)","Healthcare & Medical","INDIA","INR"
"Delta #2705 Store","Transportation","INDIA","INR"
"Atlantic Broadband #4369 - USA - Dinner Time","Utilities & Services","USA","USD"
"Contract Work (Mobile)","Income","USA","USD"
"Viasat","Utilities & Services","AUSTRALIA","AUD"
"Wells Fargo #9215","Financial Services","AUSTRALIA","AUD"
"Barneys New York #2724 Store","Shopping & Retail","UK","GBP"
"Lowe's #3617 - CANADA","Shopping & Retail","CANADA","CAD"
"Orange Theory #4475 Online Campus","Entertainment & Recreation","USA","USD"
"Taxi #3384","Transportation","USA","USD"
"Exxon Shopping Center","Transportation","CANADA","CAD"
"Regions Bank #5486","Financial Services","USA","USD"
"Allegiant #4606 Online","Transportation","INDIA","INR"
"Apple Store #3614","Shopping & Retail","AUSTRALIA","AUD"
"Red Cross #2970 - INDIA Airport","Charity & Donations","INDIA","INR"
"Water Company","Utilities & Services","USA","USD"
"Xfinity - Weekday","Utilities & Services","UK","GBP"
"IKEA #8202 - Holiday","Shopping & Retail","CANADA","CAD"
"NSA","Government & Legal","AUSTRALIA","AUD"
"Contract Work #8611 Online - Weekend","Income","CANADA","CAD"
"Direct Deposit Online - Night","Income","USA","USD"
"Franchise Store Center Residential","Income","UK","GBP"
"Panda Express #4497","Food & Dining","UK","GBP"
"Cinema Hospital","Entertainment & Recreation","INDIA","INR"
"Retirement #5774 (Mobile)","Financial Services","AUSTRALIA","AUD"
"Home Depot Store (Digital Wallet)","Shopping & Retail","INDIA","INR"
"Shell #2678","Transportation","CANADA","CAD"
"Five Guys","Food & Dining","USA","USD"
"Social Security - USA","Income","USA","USD"
"SunTrust","Financial Services","UK","GBP"
"City Hall Online","Government & Legal","CANADA","CAD"
"Mayo Clinic Store","Healthcare & Medical","INDIA","INR"
"KeyBank #2566 Store - Night","Financial Services","USA","USD"
"X-Ray Store TXN133397","Healthcare & Medical","CANADA","CAD"
"Huntington Bank (Online)","Financial Services","AUSTRALIA","AUD"
"State Police - Afternoon","Government & Legal","INDIA","INR"
"ATM","Financial Services","AUSTRALIA","AUD"
"Belk - USA","Shopping & Retail","USA","USD"
"Cold Stone Creamery - USA - Lunch Time","Food & Dining","USA","USD"
"Nature Conservancy #2639","Charity & Donations","AUSTRALIA","AUD"
"Comerica - Evening","Financial Services","INDIA","INR"
"Avis","Transportation","USA","USD"
"Five Guys - CANADA - Weekday","Food & Dining","CANADA","CAD"
"Theater Online Station","Entertainment & Recreation","USA","USD"
"Pension #3894 Center (Wire)","Income","CANADA","CAD"
"Arcade #2428 - Weekend","Entertainment & Recreation","CANADA","CAD"
"Rite Aid #8153","Shopping & Retail","CANADA","CAD"
"Budget TXN141723","Transportation","INDIA","INR"
"Online Bank - USA","Financial Services","USA","USD"
"Apple Store #5262","Shopping & Retail","UK","GBP"
"Home Depot #2130 - UK Branch Mall","Shopping & Retail","UK","GBP"
"Arby's #5310 Store (ACH)","Food & Dining","INDIA","INR"
"Local Food Bank - AUSTRALIA","Charity & Donations","AUSTRALIA","AUD"
"WiFi #5025 Store Strip Mall","Utilities & Services","CANADA","CAD"
"Mortgage - UK Store","Financial Services","UK","GBP"
"Business WiFi - INDIA (Bank Transfer)","Utilities & Services","INDIA","INR"
"Kroger Pharmacy - Night","Healthcare & Medical","USA","USD"
"Brigham and Women's (Cash)","Healthcare & Medical","INDIA","INR"
"Local Food Bank TXN102304","Charity & Donations","CANADA","CAD"
"Jack in the Box Center","Food & Dining","AUSTRALIA","AUD"
"Frontier #2919 TXN928594","Utilities & Services","CANADA","CAD"
"Audubon Society Store (Wire)","Charity & Donations","USA","USD"
"Cleveland Clinic #5902","Healthcare & Medical","AUSTRALIA","AUD"
"Part-time - UK","Income","UK","GBP"
"Cinemark #7924","Entertainment & Recreation","CANADA","CAD"
"Parking #3661 Store - Morning","Transportation","AUSTRALIA","AUD"
"Spirit #5800","Transportation","UK","GBP"
"Potbelly TXN759585","Food & Dining","USA","USD"
"City Hall #5478 - Night","Government & Legal","CANADA","CAD"
"Temple Shopping Center","Charity & Donations","AUSTRALIA","AUD"
"Highway Patrol - CANADA","Government & Legal","CANADA","CAD"
"Reward","Income","UK","GBP"
"Full-time - INDIA","Income","INDIA","INR"
"Dillard's - USA","Shopping & Retail","USA","USD"
"Tax #4318 - USA Branch","Government & Legal","USA","USD"
"AT&T #9971","Utilities & Services","INDIA","INR"
"Anytime Fitness #9449 - UK Store","Entertainment & Recreation","UK","GBP"
"RCN TXN250179","Utilities & Services","CANADA","CAD"
"NSA","Government & Legal","UK","GBP"
"Starlink #1696 Station","Utilities & Services","UK","GBP"
"Loan #5753 Store","Financial Services","INDIA","INR"
"Wage - UK - Weekend","Income","UK","GBP"
"Gym #4524","Entertainment & Recreation","USA","USD"
"Google Fiber #4432 - CANADA Branch Center","Utilities & Services","CANADA","CAD"
"Pension (App)","Income","CANADA","CAD"
"Sheriff - INDIA Store","Government & Legal","INDIA","INR"
"Fiber #4893 Store","Utilities & Services","UK","GBP"
"Shell","Transportation","AUSTRALIA","AUD"
"T-Mobile #9496 Store","Utilities & Services","INDIA","INR"
"Amnesty International","Charity & Donations","AUSTRALIA","AUD"
"RCN","Utilities & Services","UK","GBP"
"Netflix #1871 Store","Entertainment & Recreation","AUSTRALIA","AUD"
"Audubon Society","Charity & Donations","UK","GBP"
"Accounting Center","Financial Services","INDIA","INR"
"Visa Online","Government & Legal","CANADA","CAD"
"First National #7489 Store Business District","Financial Services","AUSTRALIA","AUD"
"Family Dollar","Shopping & Retail","INDIA","INR"
"Spirit","Transportation","USA","USD"
"Mr. Sub","Food & Dining","UK","GBP"
"Gas Company - UK Store","Utilities & Services","UK","GBP"
"Taxi","Transportation","USA","USD"
"Windstream #8812","Utilities & Services","USA","USD"
"Qdoba","Food & Dining","UK","GBP"
"T-Mobile Online","Utilities & Services","AUSTRALIA","AUD"
"Chipotle #3136 Mall","Food & Dining","USA","USD"
"Getaround","Transportation","UK","GBP"
"Chipotle","Food & Dining","INDIA","INR"
"Goodwill Branch","Charity & Donations","USA","USD"
"National","Transportation","USA","USD"
"MRI (Online)","Healthcare & Medical","INDIA","INR"
"Homeless Shelter - AUSTRALIA Branch","Charity & Donations","AUSTRALIA","AUD"
"NYU Langone - USA Store Online","Healthcare & Medical","USA","USD"
"ATF - UK Online","Government & Legal","UK","GBP"
"AMC #2323","Entertainment & Recreation","CANADA","CAD"
"National Parks","Charity & Donations","AUSTRALIA","AUD"
"Banking #4525 - Dinner Time","Financial Services","AUSTRALIA","AUD"
"CenturyLink Branch TXN633055","Utilities & Services","AUSTRALIA","AUD"
"Lowe's #7913 Store - Rush Hour","Shopping & Retail","UK","GBP"
"US Bank #5435 TXN396597","Financial Services","USA","USD"
"Children's Hospital #1413 Online","Healthcare & Medical","AUSTRALIA","AUD"
"Jimmy John's - AUSTRALIA","Food & Dining","AUSTRALIA","AUD"
"Walgreens #5340","Healthcare & Medical","AUSTRALIA","AUD"
"MRI - AUSTRALIA Store - Holiday","Healthcare & Medical","AUSTRALIA","AUD"
"Whole Foods Airport","Food & Dining","AUSTRALIA","AUD"
"Payroll","Income","CANADA","CAD"
"Red Cross","Charity & Donations","INDIA","INR"
"Mobile Online","Utilities & Services","AUSTRALIA","AUD"
"Allegiant #1403 - INDIA","Transportation","INDIA","INR"
"Charter","Utilities & Services","INDIA","INR"
"Gym","Entertainment & Recreation","CANADA","CAD"
"National Parks","Charity & Donations","USA","USD"
"WOW - UK Center","Utilities & Services","UK","GBP"
"WWF #1898 - Afternoon","Charity & Donations","AUSTRALIA","AUD"
"DART #2652","Transportation","AUSTRALIA","AUD"
"NYU Langone #8723 Store Center","Healthcare & Medical","UK","GBP"
"Psychiatrist - USA","Healthcare & Medical","USA","USD"
"Enterprise Airport","Transportation","INDIA","INR"
"Five Guys - INDIA","Food & Dining","INDIA","INR"
"Disney+ #5466","Entertainment & Recreation","USA","USD"
"Cedars-Sinai Residential","Healthcare & Medical","UK","GBP"
"HSBC #9147 Online - Lunch Time","Financial Services","INDIA","INR"
"Festival - Night","Entertainment & Recreation","UK","GBP"
"Windstream - UK","Utilities & Services","UK","GBP"
"Cedars-Sinai #4329 TXN808799","Healthcare & Medical","AUSTRALIA","AUD"
"Goodwill #9331 Store","Charity & Donations","AUSTRALIA","AUD"
"Festival","Entertainment & Recreation","CANADA","CAD"
"Moe's Southwest Grill #3415","Food & Dining","CANADA","CAD"
"Cashback - Lunch Time","Income","USA","USD"
"Reimbursement Online","Income","AUSTRALIA","AUD"
"Walmart Pharmacy","Healthcare & Medical","INDIA","INR"
"FBI #4615 (Mobile)","Government & Legal","AUSTRALIA","AUD"
"Children's Hospital #4866","Healthcare & Medical","USA","USD"
"Cane's - CANADA Store (Cash)","Food & Dining","CANADA","CAD"
"Part-time Online Center - Night","Income","CANADA","CAD"
"Hawaiian Airlines","Transportation","UK","GBP"
"Zara (Cash)","Shopping & Retail","AUSTRALIA","AUD"
"Rally's #8824 - CANADA","Food & Dining","CANADA","CAD"
"City Hall","Government & Legal","CANADA","CAD"
"NYU Langone","Healthcare & Medical","CANADA","CAD"
"Alamo","Transportation","CANADA","CAD"
"Gym #6129 - AUSTRALIA","Entertainment & Recreation","AUSTRALIA","AUD"
"Capital Gains - INDIA (Wire)","Income","INDIA","INR"
"White House #5965","Government & Legal","INDIA","INR"
"Cold Stone Creamery #8918 - INDIA Store - Weekday","Food & Dining","INDIA","INR"
"HughesNet Online","Utilities & Services","UK","GBP"
"Turo","Transportation","INDIA","INR"
"Audubon Society (ACH)","Charity & Donations","USA","USD"
"T-Mobile","Utilities & Services","CANADA","CAD"
"Bloomingdale's Store","Shopping & Retail","INDIA","INR"
"eBay - AUSTRALIA Center TXN920658","Shopping & Retail","AUSTRALIA","AUD"
"Credit Store","Income","CANADA","CAD"
"Sierra Club","Charity & Donations","INDIA","INR"
"Payroll Online Residential","Income","AUSTRALIA","AUD"
"Nike","Shopping & Retail","INDIA","INR"
"Bank #1059 Business District","Financial Services","AUSTRALIA","AUD"
"Emergency Services Store Online Residential","Government & Legal","INDIA","INR"
"Belk #4808 TXN891851","Shopping & Retail","USA","USD"
"Amnesty International","Charity & Donations","CANADA","CAD"
"AMC","Entertainment & Recreation","USA","USD"
"Stanford Health Store","Healthcare & Medical","UK","GBP"
"Swimming Pool Center (App)","Entertainment & Recreation","INDIA","INR"
"Uber #3262 - AUSTRALIA","Transportation","AUSTRALIA","AUD"
"Social Security #4411 - USA","Income","USA","USD"
"Von Maur - Afternoon","Shopping & Retail","AUSTRALIA","AUD"
"BP - INDIA","Transportation","INDIA","INR"
"GoFundMe","Charity & Donations","AUSTRALIA","AUD"
"Bookkeeping Downtown","Financial Services","INDIA","INR"
"Commission","Income","USA","USD"
"Alaska Airlines - AUSTRALIA - Night","Transportation","AUSTRALIA","AUD"
"Loan","Financial Services","AUSTRALIA","AUD"
"Dillard's Store Hospital","Shopping & Retail","UK","GBP"
"Capital Gains","Income","AUSTRALIA","AUD"
"Staples Store Online","Shopping & Retail","AUSTRALIA","AUD"
"Ulta Store TXN532145","Shopping & Retail","USA","USD"
"Mayo Clinic #9757 (Wire)","Healthcare & Medical","UK","GBP"
"Oxfam Online","Charity & Donations","CANADA","CAD"
"Business WiFi","Utilities & Services","UK","GBP"
"Loan #6596","Financial Services","AUSTRALIA","AUD"
"Sierra Club - CANADA","Charity & Donations","CANADA","CAD"
"Taxi","Transportation","AUSTRALIA","AUD"
"Cable Internet - INDIA - Evening","Utilities & Services","INDIA","INR"
"Brigham and Women's","Healthcare & Medical","USA","USD"
"X-Ray TXN425887","Healthcare & Medical","AUSTRALIA","AUD"
"Five Guys","Food & Dining","UK","GBP"
"Car2Go #4753","Transportation","INDIA","INR"
"Capitol","Government & Legal","INDIA","INR"
"NYU Langone","Healthcare & Medical","UK","GBP"
"Royalty #3157 Store","Income","CANADA","CAD"
"Tennis Court #8506","Entertainment & Recreation","CANADA","CAD"
"Oxfam Mall","Charity & Donations","CANADA","CAD"
"Tax - USA - Dinner Time","Government & Legal","USA","USD"
"T-Mobile Online","Utilities & Services","INDIA","INR"
"Tennis Court - CANADA Downtown","Entertainment & Recreation","CANADA","CAD"
"Panera Bread #7420","Food & Dining","UK","GBP"
"Go-Kart Store","Entertainment & Recreation","USA","USD"
"Bowling Alley","Entertainment & Recreation","AUSTRALIA","AUD"
"KFC Store","Food & Dining","AUSTRALIA","AUD"
"Go-Kart","Entertainment & Recreation","USA","USD"
"PNC Bank Online Residential","Financial Services","INDIA","INR"
"Mount Sinai Store","Healthcare & Medical","INDIA","INR"
"Delta #9357","Transportation","AUSTRALIA","AUD"
"Carnival - USA Store","Entertainment & Recreation","USA","USD"
"WiFi","Utilities & Services","CANADA","CAD"
"Insurance","Financial Services","CANADA","CAD"
"Mini Golf #4187 - AUSTRALIA Branch - Night","Entertainment & Recreation","AUSTRALIA","AUD"
"CrossFit","Entertainment & Recreation","CANADA","CAD"
"Nordstrom Rack Online TXN262966","Shopping & Retail","CANADA","CAD"
"Humane Society #3514 TXN188670","Charity & Donations","UK","GBP"
"Specialist #7728","Healthcare & Medical","UK","GBP"
"Mortgage #5605 Online Strip Mall","Financial Services","INDIA","INR"
"Notary - Holiday","Government & Legal","UK","GBP"
"Car2Go #8710 Mall","Transportation","INDIA","INR"
"Bank of America Online (Digital Wallet)","Financial Services","AUSTRALIA","AUD"
"Fitness #1624","Entertainment & Recreation","CANADA","CAD"
"YouTube (Mobile)","Entertainment & Recreation","AUSTRALIA","AUD"
"Gas Company Store - Evening","Utilities & Services","USA","USD"
"Optimum Online","Utilities & Services","UK","GBP"
"Five Guys #9903","Food & Dining","INDIA","INR"
"Lab Airport","Healthcare & Medical","UK","GBP"
"Rock Climbing - CANADA Store","Entertainment & Recreation","CANADA","CAD"
"MBTA (Bank Transfer)","Transportation","UK","GBP"
"Convention Center","Entertainment & Recreation","AUSTRALIA","AUD"
"ATF - INDIA Center Airport","Government & Legal","INDIA","INR"
"Government","Government & Legal","INDIA","INR"
"Family Dollar","Shopping & Retail","UK","GBP"
"Megabus Online","Transportation","AUSTRALIA","AUD"
"Cable Internet","Utilities & Services","AUSTRALIA","AUD"
"Tax Preparation - Rush Hour","Financial Services","UK","GBP"
"Theater","Entertainment & Recreation","UK","GBP"
"National Parks","Charity & Donations","USA","USD"
"Dunkin' Donuts Branch Residential","Food & Dining","INDIA","INR"
"County Clerk Store (Contactless)","Government & Legal","CANADA","CAD"
"Family Dollar - USA","Shopping & Retail","USA","USD"
"eBay Store Shopping Center","Shopping & Retail","AUSTRALIA","AUD"
"Social Security - Night","Government & Legal","INDIA","INR"
"Sparklight Store","Utilities & Services","USA","USD"
"Interest #5838 - Evening","Income","AUSTRALIA","AUD"
"Stock #6177 - CANADA Branch - Holiday","Financial Services","CANADA","CAD"
"Fiber #9684 TXN272478","Utilities & Services","INDIA","INR"
"Visa #4523 Store Business District","Government & Legal","INDIA","INR"
"Brigham and Women's Online","Healthcare & Medical","USA","USD"
"Citibank #2059","Financial Services","USA","USD"
"Homeless Shelter #1122 - Evening","Charity & Donations","INDIA","INR"
"KeyBank","Financial Services","UK","GBP"
"Office Depot Center","Shopping & Retail","UK","GBP"
"Burger King - USA - Lunch Time","Food & Dining","USA","USD"
"WiFi #8606 Residential","Utilities & Services","UK","GBP"
"EMS #8896 - Holiday","Government & Legal","INDIA","INR"
"Loan #5530","Financial Services","UK","GBP"
"Sparklight #5709 TXN147762","Utilities & Services","CANADA","CAD"
"Convention Center","Entertainment & Recreation","UK","GBP"
"Retirement - CANADA","Financial Services","CANADA","CAD"
"ASPCA Shopping Center","Charity & Donations","UK","GBP"
"Family Dollar #2248 (Online)","Shopping & Retail","INDIA","INR"
"Neurologist","Healthcare & Medical","USA","USD"
"Zipcar Store Strip Mall","Transportation","INDIA","INR"
"Nature Conservancy Online","Charity & Donations","USA","USD"
"Kickstarter - AUSTRALIA (Digital Wallet)","Charity & Donations","AUSTRALIA","AUD"
"Mayo Clinic Strip Mall","Healthcare & Medical","AUSTRALIA","AUD"
"Mortgage Center","Financial Services","UK","GBP"
"Cold Stone Creamery","Food & Dining","UK","GBP"
"Paramedic (Cash)","Government & Legal","AUSTRALIA","AUD"
"UCLA Medical Store TXN856666","Healthcare & Medical","INDIA","INR"
"Panda Express - INDIA Store","Food & Dining","INDIA","INR"
"Sixt Online Station","Transportation","INDIA","INR"
"ATM - CANADA Online - Dinner Time","Financial Services","CANADA","CAD"
"Pension (Mobile)","Income","USA","USD"
"County Clerk - CANADA Store","Government & Legal","CANADA","CAD"
"DirecTV","Utilities & Services","AUSTRALIA","AUD"
"Brokerage #5391","Financial Services","INDIA","INR"
"Doctors Without Borders - AUSTRALIA","Charity & Donations","AUSTRALIA","AUD"
"TD Bank - CANADA (App)","Financial Services","CANADA","CAD"
"Disability #6082 (Contactless)","Income","INDIA","INR"
"Theme Park","Entertainment & Recreation","UK","GBP"
"Trampoline Park Airport","Entertainment & Recreation","AUSTRALIA","AUD"
"Credit - USA Center Residential","Income","USA","USD"
"Adidas","Shopping & Retail","INDIA","INR"
"Fire Department - USA","Government & Legal","USA","USD"
"Fitness Online","Entertainment & Recreation","INDIA","INR"
"ATF - INDIA Store - Weekend","Government & Legal","INDIA","INR"
"Staples","Shopping & Retail","CANADA","CAD"
"Netflix Store","Entertainment & Recreation","INDIA","INR"
"Pilates #2607","Entertainment & Recreation","AUSTRALIA","AUD"
"Chase - INDIA (Digital Wallet)","Financial Services","INDIA","INR"
"Annuity #8931 - UK Center","Income","UK","GBP"
"BP #7844","Transportation","INDIA","INR"
"Senate","Government & Legal","CANADA","CAD"
"UPS Store","Shopping & Retail","INDIA","INR"
"Turo","Transportation","UK","GBP"
"YouTube - Weekday","Entertainment & Recreation","USA","USD"
"Firehouse Subs Branch","Food & Dining","USA","USD"
"ReachNow","Transportation","INDIA","INR"
"Donation Online (Card)","Charity & Donations","AUSTRALIA","AUD"
"Dillard's Store","Shopping & Retail","UK","GBP"
"Comcast #5532","Utilities & Services","USA","USD"
"Cable One Shopping Center","Utilities & Services","AUSTRALIA","AUD"
"DART","Transportation","AUSTRALIA","AUD"
"Retirement Planning - UK Store Center","Financial Services","UK","GBP"
"MARTA #3429","Transportation","AUSTRALIA","AUD"
"Laser Tag","Entertainment & Recreation","INDIA","INR"
"MBTA #9024","Transportation","INDIA","INR"
"Walgreens Store","Shopping & Retail","UK","GBP"
"Post Office","Government & Legal","USA","USD"
"Alamo - AUSTRALIA Downtown","Transportation","AUSTRALIA","AUD"
"Viasat Branch","Utilities & Services","UK","GBP"
"Refund Mall","Income","INDIA","INR"
"CVS","Shopping & Retail","INDIA","INR"
"Pizza Hut - CANADA Residential","Food & Dining","CANADA","CAD"
"Emergency Services","Government & Legal","INDIA","INR"
"Psychiatrist - Weekend","Healthcare & Medical","CANADA","CAD"
"CenturyLink","Utilities & Services","CANADA","CAD"
"Accounting - INDIA Store","Financial Services","INDIA","INR"
"Doctors Without Borders","Charity & Donations","USA","USD"
"Local Church Store","Charity & Donations","UK","GBP"
"Kaiser Permanente - USA","Healthcare & Medical","USA","USD"
"Orange Theory","Entertainment & Recreation","AUSTRALIA","AUD"
"Cleveland Clinic Online","Healthcare & Medical","USA","USD"
"Financial Advisor Store TXN632343","Financial Services","INDIA","INR"
"Church #7297 Online","Charity & Donations","AUSTRALIA","AUD"
"Paramedic","Government & Legal","INDIA","INR"
"Fifth Third TXN266082","Financial Services","AUSTRALIA","AUD"
"Children's Hospital","Healthcare & Medical","USA","USD"
"Paintball - USA Store (Contactless)","Entertainment & Recreation","USA","USD"
"Blood Test","Healthcare & Medical","UK","GBP"
"Firehouse Subs #8505 Center Airport","Food & Dining","UK","GBP"
"DSL","Utilities & Services","INDIA","INR"
"Southwest Airlines - Afternoon","Transportation","INDIA","INR"
"Big Lots #3965","Shopping & Retail","UK","GBP"
"Jack in the Box #7927 Store","Food & Dining","USA","USD"
"Train - UK","Transportation","UK","GBP"
"Mosque #5213","Charity & Donations","CANADA","CAD"
"Maternity Leave #8112","Income","UK","GBP"
"Side Hustle #5349 Store - Afternoon","Income","AUSTRALIA","AUD"
"Zipcar - INDIA","Transportation","INDIA","INR"
"Nordstrom Rack TXN802583","Shopping & Retail","UK","GBP"
"Lab - Night","Healthcare & Medical","INDIA","INR"
"Gift #9772","Charity & Donations","UK","GBP"
"Contract Work","Income","CANADA","CAD"
"Neurologist","Healthcare & Medical","INDIA","INR"
"Cane's Center","Food & Dining","INDIA","INR"
"Contract Work #6128 Store","Income","USA","USD"
"Neiman Marcus - Night","Shopping & Retail","USA","USD"
"Bowling Alley #7188 Branch Business District","Entertainment & Recreation","INDIA","INR"
"Dermatologist Airport","Healthcare & Medical","AUSTRALIA","AUD"
"MTA Shopping Center","Transportation","INDIA","INR"
"Costco","Shopping & Retail","AUSTRALIA","AUD"
"Golf Course #7116 Store Branch","Entertainment & Recreation","UK","GBP"
"GoFundMe - INDIA","Charity & Donations","INDIA","INR"
"Jack in the Box Store Online - Weekend","Food & Dining","AUSTRALIA","AUD"
"Freelance TXN493907","Income","UK","GBP"
"Alamo #7464 Online","Transportation","AUSTRALIA","AUD"
"Veterans Organization","Charity & Donations","AUSTRALIA","AUD"
"AMC Store","Entertainment & Recreation","INDIA","INR"
"Southwest Airlines - CANADA","Transportation","CANADA","CAD"
"Regions Bank - UK","Financial Services","UK","GBP"
"Vacation Pay #5146 Store","Income","UK","GBP"
"Goodwill - INDIA","Charity & Donations","INDIA","INR"
"Phone Company Campus","Utilities & Services","CANADA","CAD"
"Lab Online","Healthcare & Medical","USA","USD"
"Ski Resort","Entertainment & Recreation","CANADA","CAD"
"Hulu","Entertainment & Recreation","INDIA","INR"
"GameStop - Evening","Shopping & Retail","UK","GBP"
"Full-time - USA Branch","Income","USA","USD"
"Allegiant Store","Transportation","UK","GBP"
"Chiropractor Online Airport","Healthcare & Medical","UK","GBP"
"Medicare Airport","Government & Legal","USA","USD"
"Consolidated Communications - CANADA Center - Weekend","Utilities & Services","CANADA","CAD"
"United Way Online","Charity & Donations","AUSTRALIA","AUD"
"HSBC","Financial Services","USA","USD"
"FBI (Cash)","Government & Legal","INDIA","INR"
"Royalty #1321","Income","UK","GBP"
"Enterprise #8373","Transportation","AUSTRALIA","AUD"
"Burger King","Food & Dining","AUSTRALIA","AUD"
"TSA - CANADA Airport","Government & Legal","CANADA","CAD"
"Target Store","Food & Dining","UK","GBP"
"Hawaiian Airlines - INDIA Online Airport","Transportation","INDIA","INR"
"Museum - USA Hospital","Entertainment & Recreation","USA","USD"
"HughesNet Business District","Utilities & Services","CANADA","CAD"
"Consulting","Income","INDIA","INR"
"Red Cross","Charity & Donations","INDIA","INR"
"Zara - Morning","Shopping & Retail","USA","USD"
"Quiznos #8981 - USA Branch","Food & Dining","USA","USD"
"KFC #2962","Food & Dining","CANADA","CAD"
"Brigham and Women's","Healthcare & Medical","USA","USD"
"Santander #2894 Shopping Center","Financial Services","UK","GBP"
"HSBC - INDIA","Financial Services","INDIA","INR"
"Spotify - CANADA Online Branch","Entertainment & Recreation","CANADA","CAD"
"Disney+ - USA","Entertainment & Recreation","USA","USD"
"Mayo Clinic - Dinner Time","Healthcare & Medical","UK","GBP"
"NGO - CANADA Store","Charity & Donations","CANADA","CAD"
"Cinemark - AUSTRALIA","Entertainment & Recreation","AUSTRALIA","AUD"
"Trader Joe's Shopping Center","Food & Dining","UK","GBP"
"Salary Online Center","Income","UK","GBP"
"FBI #4870 Store","Government & Legal","USA","USD"
"Transfer #7027","Financial Services","CANADA","CAD"
"Fundraising #8823 Online TXN310604","Charity & Donations","UK","GBP"
"Reward","Income","CANADA","CAD"
"Full-time - UK","Income","UK","GBP"
"Contract Work Online Branch Shopping Center","Income","CANADA","CAD"
"Maternity Leave","Income","CANADA","CAD"
"Tax","Government & Legal","UK","GBP"
"Chipotle #8525","Food & Dining","CANADA","CAD"
"Church TXN491520","Charity & Donations","INDIA","INR"
"TD Bank","Financial Services","CANADA","CAD"
"Town Hall - INDIA Online (Contactless)","Government & Legal","INDIA","INR"
"Mass General Downtown","Healthcare & Medical","USA","USD"
"Greyhound #3549","Transportation","AUSTRALIA","AUD"
"Paramedic - Morning","Government & Legal","INDIA","INR"
"Uniqlo","Shopping & Retail","USA","USD"
"Hulu - Dinner Time","Entertainment & Recreation","AUSTRALIA","AUD"
"Convention Center","Entertainment & Recreation","CANADA","CAD"
"BMO Harris #4140 Online TXN432859","Financial Services","UK","GBP"
"Ross #2223 Online","Shopping & Retail","USA","USD"
"PNC Bank #3005 - AUSTRALIA Center - Night","Financial Services","AUSTRALIA","AUD"
"Lyft - USA (Bank Transfer)","Transportation","USA","USD"
"Walgreens","Healthcare & Medical","INDIA","INR"
"Sparklight - AUSTRALIA","Utilities & Services","AUSTRALIA","AUD"
"Social Security #8366","Income","AUSTRALIA","AUD"
"GameStop","Shopping & Retail","USA","USD"
"Wendy's #1052","Food & Dining","UK","GBP"
"MBTA Branch TXN821252","Transportation","USA","USD"
"CenturyLink Online Branch","Utilities & Services","USA","USD"
"IRS Online (Digital Wallet)","Government & Legal","CANADA","CAD"
"Surgery #6641 TXN538060","Healthcare & Medical","AUSTRALIA","AUD"
"Hospital - UK Store (Card)","Healthcare & Medical","UK","GBP"
"Arcade - Dinner Time","Entertainment & Recreation","UK","GBP"
"HSBC #4836","Financial Services","CANADA","CAD"
"Comcast #8793","Utilities & Services","AUSTRALIA","AUD"
"Mediacom #6167","Utilities & Services","UK","GBP"
"Lowe's #5022 - Dinner Time","Shopping & Retail","UK","GBP"
"White House (Mobile)","Government & Legal","AUSTRALIA","AUD"
"City Hall","Government & Legal","USA","USD"
"Raising Cane's","Food & Dining","UK","GBP"
"Nordstrom","Shopping & Retail","AUSTRALIA","AUD"
"Sparklight #2275","Utilities & Services","UK","GBP"
"Subway Store","Food & Dining","INDIA","INR"
"Taco Bell - AUSTRALIA TXN704257","Food & Dining","AUSTRALIA","AUD"
"Southwest Airlines - Dinner Time","Transportation","UK","GBP"
"Homeless Shelter - UK","Charity & Donations","UK","GBP"
"Brigham and Women's #8506","Healthcare & Medical","USA","USD"
"Primary Care Center - Lunch Time","Healthcare & Medical","UK","GBP"
"Fifth Third Store TXN243522","Financial Services","INDIA","INR"
"Dental Store Shopping Center","Healthcare & Medical","AUSTRALIA","AUD"
"Commission","Income","AUSTRALIA","AUD"
"United #8236","Transportation","INDIA","INR"
"Fire Department #7684","Government & Legal","USA","USD"
"Alaska Airlines - INDIA Store","Transportation","INDIA","INR"
"Fundraising Store - Morning","Charity & Donations","UK","GBP"
"Walmart Supercenter Branch","Food & Dining","USA","USD"
"Bonus","Income","INDIA","INR"
"Mount Sinai #6534","Healthcare & Medical","UK","GBP"
"Bonus #8310 Branch","Income","AUSTRALIA","AUD"
"Car2Go #6190 - AUSTRALIA Store Campus","Transportation","AUSTRALIA","AUD"
"Fire Department #2513","Government & Legal","USA","USD"
"Frontier - USA Store Online","Transportation","USA","USD"
"National Parks #5043 (Digital Wallet)","Charity & Donations","AUSTRALIA","AUD"
"Clinic #7656 Online","Healthcare & Medical","INDIA","INR"
"Ross","Shopping & Retail","INDIA","INR"
"Payroll","Income","INDIA","INR"
"Dollar #5080 - AUSTRALIA - Afternoon","Transportation","AUSTRALIA","AUD"
"Jack in the Box Store Online","Food & Dining","AUSTRALIA","AUD"
"Cedars-Sinai #9374","Healthcare & Medical","INDIA","INR"
"First National Center","Financial Services","INDIA","INR"
"HSBC Center - Dinner Time","Financial Services","INDIA","INR"
"Suddenlink Store - Evening","Utilities & Services","USA","USD"
"WMATA","Transportation","CANADA","CAD"
"Sparklight #8209 Store Online Center","Utilities & Services","CANADA","CAD"
"Moe's Southwest Grill","Food & Dining","USA","USD"
"Culver's (Bank Transfer)","Food & Dining","USA","USD"
"Franchise","Income","UK","GBP"
"Whataburger Campus","Food & Dining","INDIA","INR"
"TSA - USA Airport","Government & Legal","USA","USD"
"Dividend TXN721218","Income","UK","GBP"
"World Vision #2792 Store","Charity & Donations","CANADA","CAD"
"Federal Building #8411","Government & Legal","AUSTRALIA","AUD"
"Alaska Airlines - AUSTRALIA","Transportation","AUSTRALIA","AUD"
"Digital Bank - Weekend","Financial Services","AUSTRALIA","AUD"
"Potbelly Online TXN831507","Food & Dining","CANADA","CAD"
"United","Transportation","INDIA","INR"
"County Clerk #4925 Center Residential","Government & Legal","UK","GBP"
"ASPCA - CANADA (App)","Charity & Donations","CANADA","CAD"
"Kaiser Permanente #7484 - AUSTRALIA","Healthcare & Medical","AUSTRALIA","AUD"
"Nordstrom Store Center","Shopping & Retail","INDIA","INR"
"Permit #2925","Government & Legal","CANADA","CAD"
"Anytime Fitness Store","Entertainment & Recreation","INDIA","INR"
"Rite Aid #8294 Center","Healthcare & Medical","USA","USD"
"Nike #9141","Shopping & Retail","UK","GBP"
"Marshals (App)","Government & Legal","USA","USD"
"DEA #2865 - USA","Government & Legal","USA","USD"
"Dividend","Income","USA","USD"
"Amazon Prime","Entertainment & Recreation","USA","USD"
"Paintball","Entertainment & Recreation","USA","USD"
"Mediacom Store","Utilities & Services","UK","GBP"
"Cane's TXN410305","Food & Dining","UK","GBP"
"Swimming Pool Branch - Evening","Entertainment & Recreation","UK","GBP"
"Rite Aid","Healthcare & Medical","USA","USD"
"Netflix Online","Entertainment & Recreation","AUSTRALIA","AUD"
"Local Church - Dinner Time","Charity & Donations","USA","USD"
"MARTA - USA Center","Transportation","USA","USD"
"Goodwill - Weekend","Charity & Donations","USA","USD"
"Dollar","Transportation","AUSTRALIA","AUD"
"Amazon Prime Center","Entertainment & Recreation","UK","GBP"
"Occupational Therapy #3856","Healthcare & Medical","UK","GBP"
"Dental #5951 - INDIA","Healthcare & Medical","INDIA","INR"
"Interest #5882","Income","INDIA","INR"
"Fire Department - CANADA","Government & Legal","CANADA","CAD"
"Visa","Government & Legal","USA","USD"
"Rental Income TXN466411","Income","USA","USD"
"Commission #2372 - AUSTRALIA - Holiday","Income","AUSTRALIA","AUD"
"OfficeMax (Mobile)","Shopping & Retail","USA","USD"
"Government - Holiday","Government & Legal","UK","GBP"
"Johns Hopkins","Healthcare & Medical","CANADA","CAD"
"Lab Store - Holiday","Healthcare & Medical","USA","USD"
"Urologist","Healthcare & Medical","INDIA","INR"
"Offering - Holiday","Charity & Donations","USA","USD"
"Electric Company Online","Utilities & Services","UK","GBP"
"Arcade Online TXN739840","Entertainment & Recreation","USA","USD"
"CVS - Afternoon","Shopping & Retail","INDIA","INR"
"In-N-Out","Food & Dining","CANADA","CAD"
"SunTrust (Card)","Financial Services","UK","GBP"
"Retirement Mall","Financial Services","UK","GBP"
"Tax #4295 Store","Government & Legal","USA","USD"
"Transfer Store","Financial Services","CANADA","CAD"
"Stanford Health","Healthcare & Medical","USA","USD"
"Concert","Entertainment & Recreation","AUSTRALIA","AUD"
"KeyBank Store Branch Airport","Financial Services","AUSTRALIA","AUD"
"Kroger Pharmacy Store TXN647439","Healthcare & Medical","USA","USD"
"IKEA #3498 Business District","Shopping & Retail","AUSTRALIA","AUD"
"Megabus #8436 - AUSTRALIA Online - Morning","Transportation","AUSTRALIA","AUD"
"Ski Resort Branch Center","Entertainment & Recreation","UK","GBP"
"Getaround Store Center","Transportation","AUSTRALIA","AUD"
"Jack in the Box","Food & Dining","CANADA","CAD"
"Metro #3503 - Dinner Time","Transportation","INDIA","INR"
"Go-Kart","Entertainment & Recreation","USA","USD"
"City Hall Branch Campus","Government & Legal","AUSTRALIA","AUD"
"Spectrum Campus","Utilities & Services","AUSTRALIA","AUD"
"Annuity Residential","Income","INDIA","INR"
"Consulting Campus","Income","AUSTRALIA","AUD"
"Secret Service","Government & Legal","INDIA","INR"
"Von Maur","Shopping & Retail","INDIA","INR"
"EMS Store","Government & Legal","UK","GBP"
"Optimum","Utilities & Services","USA","USD"
"Social Security","Government & Legal","USA","USD"
"YouTube","Entertainment & Recreation","CANADA","CAD"
"Target","Food & Dining","UK","GBP"
"FBI #5307 - UK Online Branch (Wire)","Government & Legal","UK","GBP"
"Getaround #5914 - AUSTRALIA","Transportation","AUSTRALIA","AUD"
"WWF Online (Online)","Charity & Donations","UK","GBP"
"Medicare #4165 - UK Branch","Government & Legal","UK","GBP"
"Gift Campus","Charity & Donations","INDIA","INR"
"Gold's Gym #2315","Entertainment & Recreation","INDIA","INR"
"Escape Room #4101 Store","Entertainment & Recreation","CANADA","CAD"
"Cane's","Food & Dining","UK","GBP"
"Target #8258 Residential","Shopping & Retail","CANADA","CAD"
"Hertz Store Online","Transportation","USA","USD"
"Phone Company Online","Utilities & Services","CANADA","CAD"
"Lyft","Transportation","INDIA","INR"
"AMC #1618","Entertainment & Recreation","INDIA","INR"
"Saks Fifth Avenue #8679 - CANADA","Shopping & Retail","CANADA","CAD"
"Oxfam","Charity & Donations","UK","GBP"
"Salary Online","Income","CANADA","CAD"
"Fire Department #7646 Shopping Center","Government & Legal","AUSTRALIA","AUD"
"Animal Shelter","Charity & Donations","USA","USD"
"Internet Provider Online","Utilities & Services","USA","USD"
"Cane's - UK","Food & Dining","UK","GBP"
"Viasat Store","Utilities & Services","INDIA","INR"
"Cable One","Utilities & Services","AUSTRALIA","AUD"
"Frontier Shopping Center","Utilities & Services","INDIA","INR"
"Overtime - AUSTRALIA Store","Income","AUSTRALIA","AUD"
"Sprint - CANADA","Utilities & Services","CANADA","CAD"
"Chick-fil-A Store Hospital","Food & Dining","UK","GBP"
"Gig Work #1812 TXN941535","Income","UK","GBP"
"CVS","Shopping & Retail","USA","USD"
"Pizza Hut Campus","Food & Dining","UK","GBP"
"LA Fitness Center","Entertainment & Recreation","USA","USD"
"Occupational Therapy","Healthcare & Medical","CANADA","CAD"
"Whole Foods Online","Food & Dining","AUSTRALIA","AUD"
"Enterprise #7141 Hospital","Transportation","USA","USD"
"Charter","Utilities & Services","USA","USD"
"Payroll #8207","Income","UK","GBP"
"Mobile Hotspot Store","Utilities & Services","AUSTRALIA","AUD"
"Ross Center","Shopping & Retail","CANADA","CAD"
"Reward - UK Branch Campus","Income","UK","GBP"
"Wendy's - INDIA","Food & Dining","INDIA","INR"
"Overtime #2301","Income","INDIA","INR"
"Hertz - Dinner Time","Transportation","AUSTRALIA","AUD"
"Credit Union #2662 - USA","Financial Services","USA","USD"
"Cane's","Food & Dining","INDIA","INR"
"PETA #1952 - INDIA Branch","Charity & Donations","INDIA","INR"
"Audubon Society - CANADA","Charity & Donations","CANADA","CAD"
"Budget - Lunch Time","Transportation","USA","USD"
"Culver's","Food & Dining","USA","USD"
"Social Security #7226 - USA","Income","USA","USD"
"Rally's #7500 - UK","Food & Dining","UK","GBP"
"Ambulance (Contactless)","Government & Legal","UK","GBP"
"Children's Hospital Store","Healthcare & Medical","AUSTRALIA","AUD"
"UCSF Medical","Healthcare & Medical","USA","USD"
"Jimmy John's #3527 Center","Food & Dining","UK","GBP"
"Clinic Station","Healthcare & Medical","AUSTRALIA","AUD"
"Kaiser Permanente - Holiday","Healthcare & Medical","INDIA","INR"
"Festival","Entertainment & Recreation","CANADA","CAD"
"GameStop Online","Shopping & Retail","USA","USD"
"WOW - AUSTRALIA TXN610728","Utilities & Services","AUSTRALIA","AUD"
"Public WiFi Online TXN170508","Utilities & Services","AUSTRALIA","AUD"
"Reward Center","Income","AUSTRALIA","AUD"
"Wells Fargo Store","Financial Services","AUSTRALIA","AUD"
"Cable One - AUSTRALIA","Utilities & Services","AUSTRALIA","AUD"
"NSA Branch","Government & Legal","USA","USD"
"Neurologist Store Online","Healthcare & Medical","CANADA","CAD"
"Barnes & Noble","Shopping & Retail","INDIA","INR"
"Contract Work","Income","AUSTRALIA","AUD"
"Freelance - Lunch Time","Income","AUSTRALIA","AUD"
"Online Bank","Financial Services","UK","GBP"
"Chevron Store Branch","Transportation","AUSTRALIA","AUD"
"Local Food Bank #3933 - Weekday","Charity & Donations","CANADA","CAD"
"Alaska Airlines - INDIA Store","Transportation","INDIA","INR"
"Interest #1264 - Holiday","Income","UK","GBP"
"Rental Income Online Strip Mall","Income","AUSTRALIA","AUD"
"Mayo Clinic - INDIA TXN110648","Healthcare & Medical","INDIA","INR"
"Business WiFi #3659 - Evening","Utilities & Services","INDIA","INR"
"Domino's - AUSTRALIA TXN799816","Food & Dining","AUSTRALIA","AUD"
"Go-Kart Center","Entertainment & Recreation","UK","GBP"
"Peter Pan - Rush Hour","Transportation","CANADA","CAD"
"Mayo Clinic","Healthcare & Medical","CANADA","CAD"
"Physical Therapy","Healthcare & Medical","CANADA","CAD"
"Pizza Hut #3634 - INDIA Store - Night","Food & Dining","INDIA","INR"
"Arby's","Food & Dining","CANADA","CAD"
"OfficeMax","Shopping & Retail","USA","USD"
"Insurance Airport","Financial Services","CANADA","CAD"
"Chipotle Center","Food & Dining","CANADA","CAD"
"UNICEF Center","Charity & Donations","USA","USD"
"EMS Store","Government & Legal","AUSTRALIA","AUD"
"Gas Company","Utilities & Services","UK","GBP"
"Dairy Queen #6532 TXN670414","Food & Dining","UK","GBP"
"Cardiologist Store","Healthcare & Medical","UK","GBP"
"Habitat for Humanity #1575","Charity & Donations","USA","USD"
"Optimum","Utilities & Services","UK","GBP"
"Getaround #9953 Center","Transportation","INDIA","INR"
"Baja Fresh #4757","Food & Dining","UK","GBP"
"Apple Store Online","Shopping & Retail","AUSTRALIA","AUD"
"Jack in the Box Store Online - Lunch Time","Food & Dining","AUSTRALIA","AUD"
"Rally's Center","Food & Dining","INDIA","INR"
"Avis #3215 - INDIA","Transportation","INDIA","INR"
"Potbelly #1449","Food & Dining","CANADA","CAD"
"Walk-in Clinic #1503","Healthcare & Medical","INDIA","INR"
"Mobile","Utilities & Services","UK","GBP"
"Regal Online","Entertainment & Recreation","CANADA","CAD"
"Unemployment #2850 Center","Income","UK","GBP"
"Tax Preparation #2970 Store (Mobile)","Financial Services","CANADA","CAD"
"Regions Bank - UK","Financial Services","UK","GBP"
"Carl's Jr #6768","Food & Dining","CANADA","CAD"
"Taxi","Transportation","USA","USD"
"Tennis Court #8792 Center","Entertainment & Recreation","USA","USD"
"AT&T TXN356262","Utilities & Services","CANADA","CAD"
"Johns Hopkins Store TXN683619","Healthcare & Medical","UK","GBP"
"Primary Care Store","Healthcare & Medical","CANADA","CAD"
"Goodwill TXN344591","Charity & Donations","INDIA","INR"
"Cashback","Income","USA","USD"
"Yoga Studio #5189","Entertainment & Recreation","USA","USD"
"Maternity Leave TXN572987","Income","INDIA","INR"
"SPCA #7570","Charity & Donations","AUSTRALIA","AUD"
"Verizon Store - Evening","Utilities & Services","INDIA","INR"
"Franchise","Income","USA","USD"
"SPCA - Night","Charity & Donations","INDIA","INR"
"Bank of America Center","Financial Services","UK","GBP"
"Ulta #3621","Shopping & Retail","UK","GBP"
"MRI #2685 Online","Healthcare & Medical","AUSTRALIA","AUD"
"Salary Store","Income","UK","GBP"
"Santander #1475 Downtown","Financial Services","CANADA","CAD"
"Wealth Management","Financial Services","INDIA","INR"
"Walmart Pharmacy","Healthcare & Medical","USA","USD"
"Delta #8664","Transportation","CANADA","CAD"
"SPCA - Evening","Charity & Donations","INDIA","INR"
"Orange Theory #3525 Store - Night","Entertainment & Recreation","INDIA","INR"
"Marshalls #3058 - USA Store Branch","Shopping & Retail","USA","USD"
"SPCA - AUSTRALIA Store","Charity & Donations","AUSTRALIA","AUD"
"Holiday Pay","Income","CANADA","CAD"
"Wage","Income","USA","USD"
"Go-Kart #8650 - Weekend","Entertainment & Recreation","CANADA","CAD"
"Trader Joe's","Food & Dining","USA","USD"
"Service","Government & Legal","CANADA","CAD"
"Urgent Care Center","Healthcare & Medical","CANADA","CAD"
"Hertz #6417","Transportation","INDIA","INR"
"County Clerk","Government & Legal","INDIA","INR"
"Sierra Club - AUSTRALIA - Evening","Charity & Donations","AUSTRALIA","AUD"
"Greyhound #5270 - Dinner Time","Transportation","UK","GBP"
"Cable Internet","Utilities & Services","INDIA","INR"
"Local Food Bank Store Online - Morning","Charity & Donations","CANADA","CAD"
"Mass General Online","Healthcare & Medical","UK","GBP"
"Goodwill TXN321403","Charity & Donations","USA","USD"
"Hospital #7004","Healthcare & Medical","CANADA","CAD"
"Gas Company","Utilities & Services","USA","USD"
"Cable Company (Digital Wallet)","Utilities & Services","INDIA","INR"
"Passport","Government & Legal","UK","GBP"
"Salary #2629","Income","USA","USD"
"WWF","Charity & Donations","CANADA","CAD"
"Neiman Marcus Online Branch Center","Shopping & Retail","AUSTRALIA","AUD"
"Contract Work #9096 Online - Weekend","Income","AUSTRALIA","AUD"
"MTA","Transportation","CANADA","CAD"
"State Police Station","Government & Legal","INDIA","INR"
"ASPCA TXN238624","Charity & Donations","CANADA","CAD"
"Hawaiian Airlines #5998","Transportation","AUSTRALIA","AUD"
"Rite Aid","Shopping & Retail","AUSTRALIA","AUD"
"MRI #5966 - Rush Hour","Healthcare & Medical","USA","USD"
"PNC Bank Online","Financial Services","AUSTRALIA","AUD"
"ASPCA #3606 - AUSTRALIA Store","Charity & Donations","AUSTRALIA","AUD"
"Holiday Pay #3015","Income","CANADA","CAD"
"Satellite Internet","Utilities & Services","CANADA","CAD"
"KFC - INDIA Strip Mall","Food & Dining","INDIA","INR"
"Allegiant #7561 - AUSTRALIA - Weekday","Transportation","AUSTRALIA","AUD"
"Frontier (Contactless)","Utilities & Services","AUSTRALIA","AUD"
"Income #5258","Income","AUSTRALIA","AUD"
"WiFi Hotspot Store Shopping Center","Utilities & Services","INDIA","INR"
"Olive Garden Online","Food & Dining","USA","USD"
"Dish","Utilities & Services","UK","GBP"
"BP #4234 - Dinner Time","Transportation","AUSTRALIA","AUD"
"Local Food Bank - Weekday","Charity & Donations","AUSTRALIA","AUD"
"Brigham and Women's #5021","Healthcare & Medical","CANADA","CAD"
"GoFundMe #1992 - USA","Charity & Donations","USA","USD"
"Medicare #7904","Government & Legal","UK","GBP"
"Festival","Entertainment & Recreation","USA","USD"
"Side Hustle","Income","CANADA","CAD"
"Uber Store","Transportation","AUSTRALIA","AUD"
"Zaxby's #1792","Food & Dining","USA","USD"
"Office Depot Store - Weekend","Shopping & Retail","UK","GBP"
"Transfer - AUSTRALIA TXN783337","Financial Services","AUSTRALIA","AUD"
"Sparklight - AUSTRALIA Online TXN685053","Utilities & Services","AUSTRALIA","AUD"
"Metro Center","Transportation","UK","GBP"
"Sephora","Shopping & Retail","USA","USD"
"WiFi Hotspot TXN454694","Utilities & Services","USA","USD"
"Humane Society #9569","Charity & Donations","AUSTRALIA","AUD"
"Dollar Tree #4853 (ACH)","Shopping & Retail","CANADA","CAD"
"Salvation Army","Charity & Donations","USA","USD"
"Insurance #7026 - Holiday","Financial Services","CANADA","CAD"
"Getaround Center","Transportation","CANADA","CAD"
"Retirement Planning","Financial Services","USA","USD"
"Court Downtown","Government & Legal","CANADA","CAD"
"Car2Go #1779 TXN776559","Transportation","USA","USD"
"Popeyes #9424 Store - Weekday","Food & Dining","INDIA","INR"
"Mortgage","Financial Services","USA","USD"
"Clinic #1139 - Afternoon","Healthcare & Medical","USA","USD"
"Gold's Gym #1547 - INDIA (Card)","Entertainment & Recreation","INDIA","INR"
"Jimmy John's","Food & Dining","CANADA","CAD"
"ReachNow","Transportation","USA","USD"
"Border Patrol","Government & Legal","CANADA","CAD"
"Income","Income","CANADA","CAD"
"WWF #8227","Charity & Donations","CANADA","CAD"
"Vacation Pay TXN120511","Income","AUSTRALIA","AUD"
"WiFi Hotspot","Utilities & Services","INDIA","INR"
"Specialist #6158 - UK","Healthcare & Medical","UK","GBP"
"Panda Express #1243 (Bank Transfer)","Food & Dining","INDIA","INR"
"Mediacom Branch (Card)","Utilities & Services","USA","USD"
"Brokerage Campus","Financial Services","UK","GBP"
"DMV Branch (Bank Transfer)","Government & Legal","USA","USD"
"Tennis Court - CANADA Store","Entertainment & Recreation","CANADA","CAD"
"DSL Center Campus","Utilities & Services","UK","GBP"
"UCLA Medical Business District","Healthcare & Medical","INDIA","INR"
"ATM #4878 Online TXN368056","Financial Services","CANADA","CAD"
"Reimbursement","Income","UK","GBP"
"Popeyes","Food & Dining","UK","GBP"
"Train Branch","Transportation","INDIA","INR"
"H&M","Shopping & Retail","USA","USD"
"Water Company - USA (App)","Utilities & Services","USA","USD"
"Spectrum - CANADA - Night","Utilities & Services","CANADA","CAD"
"WMATA (Cash)","Transportation","AUSTRALIA","AUD"
"Pediatrician","Healthcare & Medical","CANADA","CAD"
"Sick Pay #1220 - AUSTRALIA TXN352559","Income","AUSTRALIA","AUD"
"FedEx Office","Shopping & Retail","USA","USD"
"Temple","Charity & Donations","CANADA","CAD"
"WiFi - AUSTRALIA","Utilities & Services","AUSTRALIA","AUD"
"Sierra Club #7437 Station","Charity & Donations","INDIA","INR"
"Salvation Army Residential","Charity & Donations","AUSTRALIA","AUD"
"eBay #2783","Shopping & Retail","USA","USD"
"Frontier #5601","Transportation","UK","GBP"
"Gynecologist - UK TXN875360","Healthcare & Medical","UK","GBP"
"Mobile Center - Weekend","Utilities & Services","INDIA","INR"
"BP Store","Transportation","INDIA","INR"
"Freelance #6473","Income","INDIA","INR"
"Alaska Airlines Branch","Transportation","UK","GBP"
"Delta","Transportation","AUSTRALIA","AUD"
"Unemployment - INDIA - Weekend","Income","INDIA","INR"
"Windstream","Utilities & Services","INDIA","INR"
"Olive Garden - INDIA TXN387628","Food & Dining","INDIA","INR"
"BB&T #2694 - CANADA","Financial Services","CANADA","CAD"
"Mini Golf Store (Digital Wallet)","Entertainment & Recreation","INDIA","INR"
"MTA - AUSTRALIA","Transportation","AUSTRALIA","AUD"
"Medicare","Government & Legal","INDIA","INR"
"Community Bank - AUSTRALIA","Financial Services","AUSTRALIA","AUD"
"Church Online Branch Shopping Center","Charity & Donations","USA","USD"
"IKEA","Shopping & Retail","UK","GBP"
"Shake Shack #6775","Food & Dining","UK","GBP"
"Business WiFi #7627 - INDIA - Dinner Time","Utilities & Services","INDIA","INR"
"Pilates - INDIA Station","Entertainment & Recreation","INDIA","INR"
"Dunkin' Donuts #3586 - UK","Food & Dining","UK","GBP"
"Shell Store - Afternoon","Transportation","INDIA","INR"
"Theme Park Store","Entertainment & Recreation","CANADA","CAD"
"Pizza Hut","Food & Dining","USA","USD"
"Humane Society #6389 - Evening","Charity & Donations","UK","GBP"
"Public WiFi Center Strip Mall","Utilities & Services","AUSTRALIA","AUD"
"Kickstarter","Charity & Donations","UK","GBP"
"CVS - CANADA","Healthcare & Medical","CANADA","CAD"
"Comcast #3467","Utilities & Services","CANADA","CAD"
"Cinemark #1423 Mall","Entertainment & Recreation","INDIA","INR"
"Primary Care (Mobile)","Healthcare & Medical","UK","GBP"
"Baskin-Robbins Online","Food & Dining","UK","GBP"
"City Hall #7849 - Weekday","Government & Legal","CANADA","CAD"
"Budget (Online)","Transportation","INDIA","INR"
"Best Buy","Shopping & Retail","INDIA","INR"
"CIA","Government & Legal","AUSTRALIA","AUD"
"Permit Store","Government & Legal","UK","GBP"
"Fundraising - Lunch Time","Charity & Donations","CANADA","CAD"
"Church #6491 Online","Charity & Donations","AUSTRALIA","AUD"
"RCN - Weekend","Utilities & Services","CANADA","CAD"
"Dunkin' Donuts Store Online - Evening","Food & Dining","CANADA","CAD"
"Reward - AUSTRALIA Residential","Income","AUSTRALIA","AUD"
"Capital One Center","Financial Services","UK","GBP"
"Brokerage #4155","Financial Services","CANADA","CAD"
"Medicare","Government & Legal","AUSTRALIA","AUD"
"Nordstrom Rack #7127 Station","Shopping & Retail","CANADA","CAD"
"Turo Online TXN783456","Transportation","USA","USD"
"Chiropractor - INDIA","Healthcare & Medical","INDIA","INR"
"Family Dollar (Mobile)","Shopping & Retail","CANADA","CAD"
"Equinox #1414","Entertainment & Recreation","AUSTRALIA","AUD"
"Emergency Room","Healthcare & Medical","AUSTRALIA","AUD"
"Panda Express #6286","Food & Dining","CANADA","CAD"
"BMO Harris","Financial Services","AUSTRALIA","AUD"
"TSA","Government & Legal","USA","USD"
"SoulCycle #3598 - CANADA Store Online","Entertainment & Recreation","CANADA","CAD"
"Temple - Morning","Charity & Donations","CANADA","CAD"
"Credit Union - USA","Financial Services","USA","USD"
"Orange Theory - UK","Entertainment & Recreation","UK","GBP"
"Satellite Internet #9205 (ACH)","Utilities & Services","USA","USD"
"Franchise #9758","Income","INDIA","INR"
"UCLA Medical (Digital Wallet)","Healthcare & Medical","INDIA","INR"
"OfficeMax","Shopping & Retail","UK","GBP"
"Lowe's - UK","Shopping & Retail","UK","GBP"
"County Clerk","Government & Legal","USA","USD"
"Immigration Store","Government & Legal","CANADA","CAD"
"Lord & Taylor #7489","Shopping & Retail","USA","USD"
"Frontier #6963","Utilities & Services","UK","GBP"
"Primary Care Store","Healthcare & Medical","UK","GBP"
"Starlink - AUSTRALIA Store","Utilities & Services","AUSTRALIA","AUD"
"Dividend TXN979009","Income","USA","USD"
"Saks Off 5th Store Online","Shopping & Retail","USA","USD"
"TD Bank Branch","Financial Services","CANADA","CAD"
"Blood Test","Healthcare & Medical","AUSTRALIA","AUD"
"Equinox Store Branch - Night","Entertainment & Recreation","CANADA","CAD"
"Regions Bank - CANADA","Financial Services","CANADA","CAD"
"Netflix #4080 Store TXN156075","Entertainment & Recreation","AUSTRALIA","AUD"
"Neurologist - INDIA","Healthcare & Medical","INDIA","INR"
"Alamo #4685 Store","Transportation","AUSTRALIA","AUD"
"KeyBank - CANADA Store","Financial Services","CANADA","CAD"
"Safeway Store Online","Food & Dining","INDIA","INR"
"License - UK Store","Government & Legal","UK","GBP"
"Sephora Strip Mall","Shopping & Retail","CANADA","CAD"
"Walmart Supercenter Store","Food & Dining","CANADA","CAD"
"Netflix (Mobile)","Entertainment & Recreation","UK","GBP"
"Marshals - Holiday","Government & Legal","UK","GBP"
"NYU Langone #7358 - USA Branch","Healthcare & Medical","USA","USD"
"Synagogue #1015 - CANADA Store","Charity & Donations","CANADA","CAD"
"NYU Langone #9587 TXN244639","Healthcare & Medical","AUSTRALIA","AUD"
"Offering TXN983219","Charity & Donations","CANADA","CAD"
"Rite Aid - UK Downtown","Shopping & Retail","UK","GBP"
"Broadband Mall","Utilities & Services","AUSTRALIA","AUD"
"Brokerage Hospital","Financial Services","INDIA","INR"
"World Vision Online","Charity & Donations","AUSTRALIA","AUD"
"Zoo","Entertainment & Recreation","USA","USD"
"TD Bank Online","Financial Services","AUSTRALIA","AUD"
"Domino's #9762 - Weekend","Food & Dining","CANADA","CAD"
"Wells Fargo","Financial Services","UK","GBP"
"SEPTA Campus","Transportation","INDIA","INR"
"Sheriff Store TXN877713","Government & Legal","UK","GBP"
"Taxi","Transportation","UK","GBP"
"Citibank Center","Financial Services","INDIA","INR"
"Swimming Pool","Entertainment & Recreation","UK","GBP"
"OfficeMax #4926","Shopping & Retail","USA","USD"
"Charity","Charity & Donations","AUSTRALIA","AUD"
"Orthopedist #9145","Healthcare & Medical","INDIA","INR"
"Panera Bread","Food & Dining","USA","USD"
"WWF #7643 Store - Dinner Time","Charity & Donations","CANADA","CAD"
"CIA Branch","Government & Legal","INDIA","INR"
"Avis Strip Mall","Transportation","CANADA","CAD"
"NYU Langone","Healthcare & Medical","INDIA","INR"
"Nike TXN295602","Shopping & Retail","USA","USD"
"Checkers #6913","Food & Dining","INDIA","INR"
"WiFi - Rush Hour","Utilities & Services","AUSTRALIA","AUD"
"GoFundMe (App)","Charity & Donations","USA","USD"
"PNC Bank #5860","Financial Services","UK","GBP"
"Blood Test","Healthcare & Medical","USA","USD"
"Town Hall - USA","Government & Legal","USA","USD"
"DMV","Government & Legal","INDIA","INR"
"UNICEF #7766 Branch","Charity & Donations","AUSTRALIA","AUD"
"Safeway #9374 Airport","Food & Dining","USA","USD"
"Mosque - Weekday","Charity & Donations","UK","GBP"
"Walmart Pharmacy Branch","Healthcare & Medical","AUSTRALIA","AUD"
"Part-time Store Online Center","Income","AUSTRALIA","AUD"
"Rental Income - UK","Income","UK","GBP"
"WMATA #7859","Transportation","AUSTRALIA","AUD"
"Mr. Sub","Food & Dining","USA","USD"
"SoulCycle - Holiday","Entertainment & Recreation","AUSTRALIA","AUD"
"Macy's Store","Shopping & Retail","USA","USD"
"Gas Company","Utilities & Services","UK","GBP"
"Festival - Weekend","Entertainment & Recreation","UK","GBP"
"Social Security - INDIA","Government & Legal","INDIA","INR"
"MRI #4921 Store","Healthcare & Medical","USA","USD"
"White House","Government & Legal","UK","GBP"
"Social Security Airport","Income","INDIA","INR"
"Retirement Store","Financial Services","USA","USD"
"WiFi #2370 Online","Utilities & Services","CANADA","CAD"
"Whole Foods - AUSTRALIA - Morning","Food & Dining","AUSTRALIA","AUD"
"Subway Store","Food & Dining","USA","USD"
"White House #3126 - UK - Weekend","Government & Legal","UK","GBP"
"Cleveland Clinic #4110 - UK - Holiday","Healthcare & Medical","UK","GBP"
"Macy's #8555 Online - Dinner Time","Shopping & Retail","INDIA","INR"
"Humane Society - Morning","Charity & Donations","CANADA","CAD"
"Pilates","Entertainment & Recreation","CANADA","CAD"
"Netflix","Entertainment & Recreation","AUSTRALIA","AUD"
"RCN Online Campus","Utilities & Services","UK","GBP"
"Paternity Leave Online","Income","CANADA","CAD"
"Laser Tag (Card)","Entertainment & Recreation","INDIA","INR"
"Contract Work - AUSTRALIA - Night","Income","AUSTRALIA","AUD"
"Congress - Rush Hour","Government & Legal","UK","GBP"
"SEPTA Center","Transportation","UK","GBP"
"Jersey Mike's (Contactless)","Food & Dining","USA","USD"
"Salary","Income","USA","USD"
"United Online","Transportation","AUSTRALIA","AUD"
"Licensing Downtown","Income","INDIA","INR"
"Golf Course - UK Store Online Mall","Entertainment & Recreation","UK","GBP"
"Getaround Store TXN723686","Transportation","USA","USD"
"Shake Shack #5309 Branch","Food & Dining","UK","GBP"
"Bank #9425","Financial Services","USA","USD"
"Direct Deposit - UK (Cash)","Income","UK","GBP"
"Mount Sinai","Healthcare & Medical","USA","USD"
"Bonus Online","Income","UK","GBP"
"Senior Center Store","Charity & Donations","INDIA","INR"
"Walmart Pharmacy","Healthcare & Medical","AUSTRALIA","AUD"
"Theme Park (Online)","Entertainment & Recreation","CANADA","CAD"
"Income - Rush Hour","Income","USA","USD"
"Five Guys Online (Digital Wallet)","Food & Dining","AUSTRALIA","AUD"
"Target TXN666377","Shopping & Retail","UK","GBP"
"Senate","Government & Legal","UK","GBP"
"WOW - UK","Utilities & Services","UK","GBP"
"DEA Store Campus","Government & Legal","AUSTRALIA","AUD"
"T-Mobile","Utilities & Services","INDIA","INR"
"Potbelly - UK - Evening","Food & Dining","UK","GBP"
"CenturyLink #4693","Utilities & Services","INDIA","INR"
"Town Hall Store - Evening","Government & Legal","CANADA","CAD"
"City Hall Store","Government & Legal","INDIA","INR"
"Wealth Management Store","Financial Services","AUSTRALIA","AUD"
"eBay Online","Shopping & Retail","CANADA","CAD"
"Walk-in Clinic TXN943509","Healthcare & Medical","UK","GBP"
"Phone Company - AUSTRALIA","Utilities & Services","AUSTRALIA","AUD"
"Gym Online","Entertainment & Recreation","UK","GBP"
"White Castle - AUSTRALIA","Food & Dining","AUSTRALIA","AUD"
"Wage #6994","Income","UK","GBP"
"Digital Bank","Financial Services","CANADA","CAD"
"Crunch Fitness Station","Entertainment & Recreation","INDIA","INR"
"Amazon #8159 TXN361198","Shopping & Retail","INDIA","INR"
"Baja Fresh #3797 Online (Digital Wallet)","Food & Dining","AUSTRALIA","AUD"
"Investment Bank","Financial Services","INDIA","INR"
"Marshals #7814","Government & Legal","CANADA","CAD"
"Congress Store","Government & Legal","UK","GBP"
"Orthopedist Online Branch","Healthcare & Medical","UK","GBP"
"Community Center - UK Online - Dinner Time","Charity & Donations","UK","GBP"
"Dunkin' Donuts","Food & Dining","CANADA","CAD"
"Part-time","Income","USA","USD"
"Payroll Store","Income","CANADA","CAD"
"Disability Store Station","Income","USA","USD"
"Tax Preparation - INDIA","Financial Services","INDIA","INR"
"Wendy's (ACH)","Food & Dining","CANADA","CAD"
"AT&T Residential","Utilities & Services","INDIA","INR"
"Megabus - Holiday","Transportation","USA","USD"
"Firehouse Subs","Food & Dining","AUSTRALIA","AUD"
"Lord & Taylor Online","Shopping & Retail","INDIA","INR"
"Franchise","Income","CANADA","CAD"
"UNICEF","Charity & Donations","USA","USD"
"Fifth Third #9770 - CANADA Store Hospital","Financial Services","CANADA","CAD"
"Neurologist","Healthcare & Medical","USA","USD"
"Annuity #3790","Income","INDIA","INR"
"Santander","Financial Services","UK","GBP"
"RCN #6244 - Weekend","Utilities & Services","UK","GBP"
"BB&T #1592 - INDIA","Financial Services","INDIA","INR"
"Von Maur #8630 - INDIA","Shopping & Retail","INDIA","INR"
"Court","Government & Legal","INDIA","INR"
"Municipal Building Online - Lunch Time","Government & Legal","UK","GBP"
"Shake Shack #6756","Food & Dining","CANADA","CAD"
"National #8148 - AUSTRALIA Store","Transportation","AUSTRALIA","AUD"
"Amnesty International #4287 - USA","Charity & Donations","USA","USD"
"White House","Government & Legal","UK","GBP"
"Medicare #6878","Government & Legal","AUSTRALIA","AUD"
"Police Department #9274 - Lunch Time","Government & Legal","CANADA","CAD"
"Marshals Store Online (App)","Government & Legal","AUSTRALIA","AUD"
"Arcade #9587 Store Center","Entertainment & Recreation","UK","GBP"
"Moe's Southwest Grill #6688 Store","Food & Dining","INDIA","INR"
"Cashback #7129 - USA - Afternoon","Income","USA","USD"
"Atlantic Broadband","Utilities & Services","AUSTRALIA","AUD"
"Wells Fargo","Financial Services","AUSTRALIA","AUD"
"Kroger Pharmacy - INDIA","Healthcare & Medical","INDIA","INR"
"Jack in the Box","Food & Dining","INDIA","INR"
"Temple Store","Charity & Donations","UK","GBP"
"Subway - USA Online - Holiday","Food & Dining","USA","USD"
"Windstream - USA","Utilities & Services","USA","USD"
"Viasat","Utilities & Services","INDIA","INR"
"Hawaiian Airlines #3686 - INDIA Airport","Transportation","INDIA","INR"
"DART","Transportation","AUSTRALIA","AUD"
"Budget - CANADA TXN225054","Transportation","CANADA","CAD"
"Cane's Online Center","Food & Dining","CANADA","CAD"
"Burlington #6929 (Bank Transfer)","Shopping & Retail","INDIA","INR"
"Lyft #4818","Transportation","CANADA","CAD"
"TJ Maxx #4035","Shopping & Retail","USA","USD"
"Adidas #5055 - UK","Shopping & Retail","UK","GBP"
"CVS","Healthcare & Medical","USA","USD"
"Municipal Building","Government & Legal","INDIA","INR"
"MARTA","Transportation","AUSTRALIA","AUD"
"Comerica #6915","Financial Services","UK","GBP"
"Theater #5726","Entertainment & Recreation","UK","GBP"
"Rock Climbing","Entertainment & Recreation","UK","GBP"
"Shake Shack Branch","Food & Dining","UK","GBP"
"Arby's Hospital","Food & Dining","AUSTRALIA","AUD"
"World Vision - INDIA","Charity & Donations","INDIA","INR"
"License #3842","Government & Legal","UK","GBP"
"Charter (Contactless)","Utilities & Services","USA","USD"
"MRI #2297 - AUSTRALIA Store","Healthcare & Medical","AUSTRALIA","AUD"
"Post Office","Shopping & Retail","INDIA","INR"
"Popeyes","Food & Dining","AUSTRALIA","AUD"
"NYU Langone Store","Healthcare & Medical","USA","USD"
"Sephora Store","Shopping & Retail","UK","GBP"
"Senior Center #8586 Store","Charity & Donations","UK","GBP"
"Amazon Prime Center - Evening","Entertainment & Recreation","AUSTRALIA","AUD"
"Digital Bank Store Online","Financial Services","USA","USD"
"Kickstarter #2378","Charity & Donations","UK","GBP"
"SunTrust #4611","Financial Services","INDIA","INR"
"Dillard's #6276","Shopping & Retail","AUSTRALIA","AUD"
"Fire Department","Government & Legal","USA","USD"
"Stanford Health","Healthcare & Medical","UK","GBP"
"Direct Deposit Branch","Income","USA","USD"
"Saks Off 5th Strip Mall","Shopping & Retail","USA","USD"
"Rally's Online","Food & Dining","CANADA","CAD"
"Licensing - UK Online","Income","UK","GBP"
"Train #8062 Online TXN794544","Transportation","UK","GBP"
"Synagogue","Charity & Donations","AUSTRALIA","AUD"
"Spirit - USA - Dinner Time","Transportation","USA","USD"
"Costco","Shopping & Retail","UK","GBP"
"Starbucks #3264 Store","Food & Dining","AUSTRALIA","AUD"
"Retirement","Financial Services","UK","GBP"
"Bergdorf Goodman Online","Shopping & Retail","INDIA","INR"
"Unemployment #8206 Store - Weekend","Income","CANADA","CAD"
"Zoo","Entertainment & Recreation","CANADA","CAD"
"Dairy Queen - UK Store","Food & Dining","UK","GBP"
"T-Mobile","Utilities & Services","UK","GBP"
"Fifth Third #4875","Financial Services","INDIA","INR"
"Cardiologist Station","Healthcare & Medical","INDIA","INR"
"FedEx Office","Shopping & Retail","USA","USD"
"Office Depot - USA - Holiday","Shopping & Retail","USA","USD"
"TSA (App)","Government & Legal","CANADA","CAD"
"Royalty","Income","INDIA","INR"
"United #6868 - CANADA (Digital Wallet)","Transportation","CANADA","CAD"
"Sheriff #8254 - Morning","Government & Legal","AUSTRALIA","AUD"
"Digital Bank Store","Financial Services","AUSTRALIA","AUD"
"Suddenlink #8148 Online Center - Weekday","Utilities & Services","USA","USD"
"White Castle #9498 - UK","Food & Dining","UK","GBP"
"Jack in the Box Online (Contactless)","Food & Dining","CANADA","CAD"
"Sparklight #3227","Utilities & Services","USA","USD"
"Side Hustle Branch","Income","USA","USD"
"Exxon","Transportation","UK","GBP"
"Laser Tag - INDIA","Entertainment & Recreation","INDIA","INR"
"Rally's Shopping Center","Food & Dining","UK","GBP"
"TJ Maxx #5634 - UK TXN342188","Shopping & Retail","UK","GBP"
"Local Food Bank #7656 Store","Charity & Donations","AUSTRALIA","AUD"
"CVS","Shopping & Retail","USA","USD"
"Sheriff #5119","Government & Legal","UK","GBP"
"MARTA","Transportation","INDIA","INR"
"Hulu","Entertainment & Recreation","UK","GBP"
"Nike #1388 - AUSTRALIA","Shopping & Retail","AUSTRALIA","AUD"
"Gold's Gym","Entertainment & Recreation","USA","USD"
"Wendy's Online","Food & Dining","CANADA","CAD"
"Emergency Room (ACH)","Healthcare & Medical","USA","USD"
"Interest","Income","CANADA","CAD"
"Clinic","Healthcare & Medical","UK","GBP"
"License","Government & Legal","USA","USD"
"Credit - USA","Income","USA","USD"
"FlixBus Branch","Transportation","CANADA","CAD"
"Adidas Store","Shopping & Retail","UK","GBP"
"Olive Garden - UK","Food & Dining","UK","GBP"
"Saks Off 5th Branch","Shopping & Retail","UK","GBP"
"Investment #6973 Store","Financial Services","UK","GBP"
"Veterans Organization #1416","Charity & Donations","INDIA","INR"
"White Castle - INDIA Store","Food & Dining","INDIA","INR"
"Bergdorf Goodman Store TXN970132","Shopping & Retail","UK","GBP"
"Rite Aid Store","Healthcare & Medical","CANADA","CAD"
"Online Bank Store - Morning","Financial Services","INDIA","INR"
"Water Company - USA Campus","Utilities & Services","USA","USD"
"Eye Care #5498 Online","Healthcare & Medical","UK","GBP"
"Lord & Taylor #3403 - AUSTRALIA","Shopping & Retail","AUSTRALIA","AUD"
"Community Center #9583","Charity & Donations","CANADA","CAD"
"Macy's (Cash)","Shopping & Retail","UK","GBP"
"World Vision - UK - Evening","Charity & Donations","UK","GBP"
"Lord & Taylor Store (App)","Shopping & Retail","CANADA","CAD"
"Satellite Internet #1770 - CANADA Online (Wire)","Utilities & Services","CANADA","CAD"
"Deposit Branch","Income","AUSTRALIA","AUD"
"Nike - Lunch Time","Shopping & Retail","UK","GBP"
"Rental Income #1971","Income","USA","USD"
"Hulu","Entertainment & Recreation","USA","USD"
"ASPCA","Charity & Donations","INDIA","INR"
"Neurologist #4286 - AUSTRALIA - Afternoon","Healthcare & Medical","AUSTRALIA","AUD"
"Museum #8251","Entertainment & Recreation","CANADA","CAD"
"Medicaid #1398","Government & Legal","USA","USD"
"Franchise #8940","Income","USA","USD"
"Southwest Airlines","Transportation","INDIA","INR"
"Cinema","Entertainment & Recreation","CANADA","CAD"
"LA Fitness - INDIA Store Campus","Entertainment & Recreation","INDIA","INR"
"Cashback #5151","Income","INDIA","INR"
"Post Office - Morning","Government & Legal","USA","USD"
"TD Bank #7420 TXN141799","Financial Services","UK","GBP"
"Dish Online","Utilities & Services","AUSTRALIA","AUD"
"UPS Store #2111 Center - Holiday","Shopping & Retail","CANADA","CAD"
"City Hall #3795","Government & Legal","USA","USD"
"Audubon Society Online Mall","Charity & Donations","CANADA","CAD"
"Frontier","Transportation","USA","USD"
"Paramedic","Government & Legal","CANADA","CAD"
"McDonald's Online TXN485547","Food & Dining","AUSTRALIA","AUD"
"FlixBus - Night","Transportation","UK","GBP"
"Disney+ - Weekday","Entertainment & Recreation","CANADA","CAD"
"Surgery","Healthcare & Medical","INDIA","INR"
"Parking","Transportation","USA","USD"
"Rite Aid #7155 Branch - Morning","Healthcare & Medical","CANADA","CAD"
"CVS - UK TXN681288","Shopping & Retail","UK","GBP"
"DART","Transportation","AUSTRALIA","AUD"
"Accounting - AUSTRALIA Center - Morning","Financial Services","AUSTRALIA","AUD"
"Bowling Alley","Entertainment & Recreation","CANADA","CAD"
"Municipal Building Store","Government & Legal","CANADA","CAD"
"Community Bank #5339","Financial Services","INDIA","INR"
"Escape Room (Digital Wallet)","Entertainment & Recreation","CANADA","CAD"
"Walgreens","Shopping & Retail","USA","USD"
"Secret Service #7037","Government & Legal","UK","GBP"
"Theater #6366","Entertainment & Recreation","USA","USD"
"Local Church","Charity & Donations","USA","USD"
"TJ Maxx","Shopping & Retail","INDIA","INR"
"Amazon Prime Store","Entertainment & Recreation","AUSTRALIA","AUD"
"Hospital","Healthcare & Medical","USA","USD"
"MARTA Branch","Transportation","USA","USD"
"Potbelly Center - Dinner Time","Food & Dining","UK","GBP"
"Capital One #2054","Financial Services","USA","USD"
"Marshalls","Shopping & Retail","USA","USD"
"Target - INDIA","Food & Dining","INDIA","INR"
"Red Cross (Online)","Charity & Donations","AUSTRALIA","AUD"
"Whataburger #1299 Center - Holiday","Food & Dining","UK","GBP"
"SoulCycle","Entertainment & Recreation","UK","GBP"
"Taxi - INDIA","Transportation","INDIA","INR"
"Sixt #2421 - UK Online","Transportation","UK","GBP"
"Marshalls - USA Center - Lunch Time","Shopping & Retail","USA","USD"
"Sephora TXN241418","Shopping & Retail","USA","USD"
"Adidas Store","Shopping & Retail","INDIA","INR"
"Consolidated Communications #9883 Hospital","Utilities & Services","INDIA","INR"
"US Bank - UK Store (Wire)","Financial Services","UK","GBP"
"Exxon #6223","Transportation","UK","GBP"
"Speech Therapy Branch","Healthcare & Medical","INDIA","INR"
"Charity","Charity & Donations","AUSTRALIA","AUD"
"LA Fitness Online","Entertainment & Recreation","AUSTRALIA","AUD"
"Jersey Mike's (Cash)","Food & Dining","CANADA","CAD"
"Payroll Store - Night","Income","USA","USD"
"Big Lots Online","Shopping & Retail","CANADA","CAD"
"NYU Langone #1867 (Cash)","Healthcare & Medical","INDIA","INR"
"MBTA Store","Transportation","AUSTRALIA","AUD"
"Comerica #2232 - UK Store","Financial Services","UK","GBP"
"Taco Bell","Food & Dining","UK","GBP"
"Bojangles TXN238511","Food & Dining","CANADA","CAD"
"Rally's - UK Online Station","Food & Dining","UK","GBP"
"SunTrust #1803 - CANADA - Afternoon","Financial Services","CANADA","CAD"
"Local Food Bank #2745 Center Strip Mall","Charity & Donations","INDIA","INR"
"Lord & Taylor #8013 Online - Night","Shopping & Retail","USA","USD"
"IKEA","Shopping & Retail","AUSTRALIA","AUD"
"Macy's","Shopping & Retail","UK","GBP"
"Bergdorf Goodman #9239 Online","Shopping & Retail","USA","USD"
"Dermatologist TXN101307","Healthcare & Medical","UK","GBP"
"Swimming Pool Campus","Entertainment & Recreation","UK","GBP"
"Government #4262 Store Online Branch","Government & Legal","CANADA","CAD"
"PNC Bank - AUSTRALIA","Financial Services","AUSTRALIA","AUD"
"Investment #2111 - CANADA Center","Financial Services","CANADA","CAD"
"Avis #4468 Business District","Transportation","AUSTRALIA","AUD"
"Target - UK","Food & Dining","UK","GBP"
"WiFi TXN522845","Utilities & Services","USA","USD"
"Court Online Campus","Government & Legal","AUSTRALIA","AUD"
"Financial Advisor (Online)","Financial Services","INDIA","INR"
"Cedars-Sinai #5770 Store","Healthcare & Medical","INDIA","INR"
"Specialist","Healthcare & Medical","UK","GBP"
"Eye Care","Healthcare & Medical","CANADA","CAD"
"AMC - CANADA Airport","Entertainment & Recreation","CANADA","CAD"
"Side Hustle Online","Income","AUSTRALIA","AUD"
"United - AUSTRALIA Campus","Transportation","AUSTRALIA","AUD"
"Go-Kart #7750 Store","Entertainment & Recreation","UK","GBP"
"Town Hall #7506 Store - Rush Hour","Government & Legal","UK","GBP"
"SPCA - CANADA - Rush Hour","Charity & Donations","CANADA","CAD"
"Convention Center - Weekend","Entertainment & Recreation","INDIA","INR"
"Orange Theory #8383 Store","Entertainment & Recreation","INDIA","INR"
"Primary Care - CANADA Store","Healthcare & Medical","CANADA","CAD"
"DART #6161","Transportation","INDIA","INR"
"Synagogue #2824 Store - Night","Charity & Donations","USA","USD"
"Physical Therapy","Healthcare & Medical","INDIA","INR"
"Highway Patrol - AUSTRALIA Branch","Government & Legal","AUSTRALIA","AUD"
"Bank of America Online","Financial Services","USA","USD"
"Nordstrom - Afternoon","Shopping & Retail","INDIA","INR"
"Credit Union","Financial Services","INDIA","INR"
"X-Ray (ACH)","Healthcare & Medical","USA","USD"
"Subway #5695 Store Center","Food & Dining","INDIA","INR"
"Noodles & Company (Online)","Food & Dining","AUSTRALIA","AUD"
"Income #3565","Income","USA","USD"
"Hawaiian Airlines #3291","Transportation","USA","USD"
"Comcast Strip Mall","Utilities & Services","UK","GBP"
"Belk Online","Shopping & Retail","AUSTRALIA","AUD"
"Orange Theory Store","Entertainment & Recreation","CANADA","CAD"
"Cashback #6134 - USA Store Online","Income","USA","USD"
"Rental Income - AUSTRALIA Online - Morning","Income","AUSTRALIA","AUD"
"Big Lots Center TXN129356","Shopping & Retail","UK","GBP"
"Paintball #6006","Entertainment & Recreation","CANADA","CAD"
"Fitness - AUSTRALIA TXN748327","Entertainment & Recreation","AUSTRALIA","AUD"
"Adidas (App)","Shopping & Retail","INDIA","INR"
"NSA Store","Government & Legal","USA","USD"
"Adidas #3174","Shopping & Retail","INDIA","INR"
"CTA Store Online","Transportation","UK","GBP"
"United","Transportation","AUSTRALIA","AUD"
"UCLA Medical TXN141425","Healthcare & Medical","UK","GBP"
"Audubon Society #3635","Charity & Donations","AUSTRALIA","AUD"
"Hospital Online (Card)","Healthcare & Medical","AUSTRALIA","AUD"
"Pizza Hut #1178","Food & Dining","CANADA","CAD"
"SunTrust Online","Financial Services","AUSTRALIA","AUD"
"Senate Shopping Center","Government & Legal","CANADA","CAD"
"SoulCycle #2036 - USA Center - Afternoon","Entertainment & Recreation","USA","USD"
"Bojangles - CANADA Store","Food & Dining","CANADA","CAD"
"World Vision Center Airport","Charity & Donations","UK","GBP"
"Ski Resort","Entertainment & Recreation","UK","GBP"
"CVS #9821","Healthcare & Medical","INDIA","INR"
"Mortgage - UK Store","Financial Services","UK","GBP"
"Domino's #8613 - UK Online (Mobile)","Food & Dining","UK","GBP"
"Internet Provider #6386 TXN778923","Utilities & Services","CANADA","CAD"
"Golf Course Center - Dinner Time","Entertainment & Recreation","INDIA","INR"
"Cane's #4567 Online","Food & Dining","UK","GBP"
"Golf Course","Entertainment & Recreation","CANADA","CAD"
"Walgreens","Shopping & Retail","UK","GBP"
"Financial Advisor","Financial Services","CANADA","CAD"
"Sierra Club #6000 - AUSTRALIA","Charity & Donations","AUSTRALIA","AUD"
"Senate #8766","Government & Legal","AUSTRALIA","AUD"
"ASPCA - CANADA Store Online Residential","Charity & Donations","CANADA","CAD"
"Senate","Government & Legal","AUSTRALIA","AUD"
"American Airlines","Transportation","INDIA","INR"
"Macy's #7618 Branch Center Hospital","Shopping & Retail","UK","GBP"
"Toll #3961 - CANADA","Transportation","CANADA","CAD"
"Accounting","Financial Services","USA","USD"
"Greenpeace","Charity & Donations","UK","GBP"
"Crunch Fitness Store","Entertainment & Recreation","USA","USD"
"Cable One #2259","Utilities & Services","USA","USD"
"MTA #5206 - INDIA Store","Transportation","INDIA","INR"
"NGO","Charity & Donations","UK","GBP"
"24 Hour Fitness #1148","Entertainment & Recreation","INDIA","INR"
"Uniqlo (Contactless)","Shopping & Retail","USA","USD"
"Chevron Store (Contactless)","Transportation","CANADA","CAD"
"Potbelly Store Online Branch - Weekday","Food & Dining","INDIA","INR"
"Hardee's #6553 - AUSTRALIA Online","Food & Dining","AUSTRALIA","AUD"
"Theme Park #8411 Store Online Center","Entertainment & Recreation","CANADA","CAD"
"Clinic","Healthcare & Medical","USA","USD"
"Local Food Bank (Card)","Charity & Donations","AUSTRALIA","AUD"
"Humane Society","Charity & Donations","UK","GBP"
"Rite Aid #8942 Store Branch","Shopping & Retail","USA","USD"
"Lab #7185 - CANADA Branch (Cash)","Healthcare & Medical","CANADA","CAD"
"Nature Conservancy #6060 Online","Charity & Donations","USA","USD"
"Potbelly - CANADA","Food & Dining","CANADA","CAD"
"Macy's #6450","Shopping & Retail","USA","USD"
"Brokerage Online Shopping Center","Financial Services","INDIA","INR"
"Highway Patrol - UK Store","Government & Legal","UK","GBP"
"MTA","Transportation","AUSTRALIA","AUD"
"Medicaid","Government & Legal","INDIA","INR"
"Animal Shelter Strip Mall","Charity & Donations","USA","USD"
"JetBlue Online","Transportation","USA","USD"
"Immigration #8958 Hospital","Government & Legal","AUSTRALIA","AUD"
"DSL #2788","Utilities & Services","CANADA","CAD"
"Office Depot","Shopping & Retail","CANADA","CAD"
"Dividend","Income","UK","GBP"
"Licensing","Income","USA","USD"
"Cold Stone Creamery","Food & Dining","CANADA","CAD"
"Amtrak","Transportation","USA","USD"
"Financial Advisor (Card)","Financial Services","UK","GBP"
"UPS Store - AUSTRALIA","Shopping & Retail","AUSTRALIA","AUD"
"Allegiant - CANADA Store Online","Transportation","CANADA","CAD"
"Regal #7814 - INDIA","Entertainment & Recreation","INDIA","INR"
"ASPCA (Bank Transfer)","Charity & Donations","CANADA","CAD"
"McDonald's","Food & Dining","AUSTRALIA","AUD"
"Senate","Government & Legal","USA","USD"
"BB&T","Financial Services","INDIA","INR"
"Passport Center","Government & Legal","UK","GBP"
"Town Hall Residential","Government & Legal","AUSTRALIA","AUD"
"TJ Maxx - Dinner Time","Shopping & Retail","AUSTRALIA","AUD"
"Stanford Health","Healthcare & Medical","CANADA","CAD"
"Consulting - UK","Income","UK","GBP"
"Occupational Therapy #4714 - Rush Hour","Healthcare & Medical","UK","GBP"
"Pharmacy Branch","Healthcare & Medical","UK","GBP"
"Unemployment #4301 Online","Income","UK","GBP"
"Chase - Dinner Time","Financial Services","INDIA","INR"
"McDonald's #4882 Store Center","Food & Dining","INDIA","INR"
"Train Online TXN290530","Transportation","USA","USD"
"Nature Conservancy","Charity & Donations","UK","GBP"
"Financial Advisor - USA TXN579208","Financial Services","USA","USD"
"Urgent Care - UK Store","Healthcare & Medical","UK","GBP"
"CTA Online","Transportation","CANADA","CAD"
"Domino's Mall","Food & Dining","USA","USD"
"Regal","Entertainment & Recreation","UK","GBP"
"US Bank","Financial Services","AUSTRALIA","AUD"
"Convention Center Online - Night","Entertainment & Recreation","UK","GBP"
"Crunch Fitness Branch Hospital","Entertainment & Recreation","INDIA","INR"
"BART #2359 TXN239299","Transportation","UK","GBP"
"MTA TXN600957","Transportation","AUSTRALIA","AUD"
"Home Depot #6250","Shopping & Retail","UK","GBP"
"BMO Harris - AUSTRALIA Shopping Center","Financial Services","AUSTRALIA","AUD"
"Blood Test Mall","Healthcare & Medical","INDIA","INR"
"Lord & Taylor","Shopping & Retail","USA","USD"
"Salary #7866 Store Mall","Income","UK","GBP"
"Exxon","Transportation","INDIA","INR"
"Mediacom","Utilities & Services","USA","USD"
"CVS","Shopping & Retail","AUSTRALIA","AUD"
"SEPTA Branch - Evening","Transportation","AUSTRALIA","AUD"
"Regions Bank - INDIA (Online)","Financial Services","INDIA","INR"
"County Clerk #5358 Online - Afternoon","Government & Legal","USA","USD"
"Franchise (Contactless)","Income","INDIA","INR"
"Domino's - CANADA Center - Lunch Time","Food & Dining","CANADA","CAD"
"SunTrust #1295 TXN986777","Financial Services","CANADA","CAD"
"Dairy Queen Store","Food & Dining","INDIA","INR"
"Ulta - INDIA Online","Shopping & Retail","INDIA","INR"
"Brigham and Women's","Healthcare & Medical","AUSTRALIA","AUD"
"Reward","Income","CANADA","CAD"
"Satellite Internet","Utilities & Services","AUSTRALIA","AUD"
"Pure Barre Branch (ACH)","Entertainment & Recreation","AUSTRALIA","AUD"
"Taco Bell Store","Food & Dining","AUSTRALIA","AUD"
"Walgreens","Healthcare & Medical","UK","GBP"
"Viasat #1329","Utilities & Services","AUSTRALIA","AUD"
"Trampoline Park #6534 Store TXN452493","Entertainment & Recreation","AUSTRALIA","AUD"
"Red Cross #7830 Branch","Charity & Donations","CANADA","CAD"
"UCLA Medical #7222","Healthcare & Medical","CANADA","CAD"
"UPS Store - CANADA - Evening","Shopping & Retail","CANADA","CAD"
"Sixt - AUSTRALIA","Transportation","AUSTRALIA","AUD"
"Temple","Charity & Donations","AUSTRALIA","AUD"
"Metro #5999 Center","Transportation","INDIA","INR"
"DEA (Cash)","Government & Legal","USA","USD"
"Saks Off 5th Shopping Center","Shopping & Retail","UK","GBP"
"Macy's Store Hospital","Shopping & Retail","AUSTRALIA","AUD"
"Amazon Prime","Entertainment & Recreation","CANADA","CAD"
"Synagogue #8200 - Night","Charity & Donations","AUSTRALIA","AUD"
"Doctors Without Borders (ACH)","Charity & Donations","UK","GBP"
"Gynecologist Store","Healthcare & Medical","UK","GBP"
"Wealth Management - AUSTRALIA Airport","Financial Services","AUSTRALIA","AUD"
"Nordstrom Rack #8088 Online Residential","Shopping & Retail","CANADA","CAD"
"Community Center","Charity & Donations","CANADA","CAD"
"Sixt","Transportation","AUSTRALIA","AUD"
"Equinox Center","Entertainment & Recreation","UK","GBP"
"Theme Park Online Downtown","Entertainment & Recreation","INDIA","INR"
"Municipal Building - UK","Government & Legal","UK","GBP"
"BART","Transportation","USA","USD"
"Zaxby's - INDIA Store","Food & Dining","INDIA","INR"
"Toll - CANADA Store - Dinner Time","Transportation","CANADA","CAD"
"CVS","Shopping & Retail","AUSTRALIA","AUD"
"24 Hour Fitness","Entertainment & Recreation","CANADA","CAD"
"Lyft #7019 Branch","Transportation","CANADA","CAD"
"Social Security (ACH)","Income","CANADA","CAD"
"Investment #5657 Store","Financial Services","UK","GBP"
"Mutual Fund","Financial Services","UK","GBP"
"Offering - Evening","Charity & Donations","CANADA","CAD"
"Police Department","Government & Legal","INDIA","INR"
"Local Food Bank Online Center","Charity & Donations","UK","GBP"
"Sparklight #3351","Utilities & Services","AUSTRALIA","AUD"
"Panera Bread Store - Morning","Food & Dining","INDIA","INR"
"Cleveland Clinic - UK Store","Healthcare & Medical","UK","GBP"
"Red Cross #1319 Online Airport","Charity & Donations","UK","GBP"
"Hardee's","Food & Dining","USA","USD"
"Wage","Income","INDIA","INR"
"BART - USA","Transportation","USA","USD"
"Laser Tag Branch TXN890696","Entertainment & Recreation","AUSTRALIA","AUD"
"Barnes & Noble Online","Shopping & Retail","CANADA","CAD"
"Subway #4987 TXN874079","Food & Dining","CANADA","CAD"
"Fiber Center","Utilities & Services","CANADA","CAD"
"Community Bank Store Mall","Financial Services","USA","USD"
"KeyBank Store","Financial Services","USA","USD"
"Zara - CANADA","Shopping & Retail","CANADA","CAD"
"WWF #9801 Airport","Charity & Donations","CANADA","CAD"
"Laser Tag #7304 Shopping Center","Entertainment & Recreation","CANADA","CAD"
"Dollar #5585","Transportation","AUSTRALIA","AUD"
"Reimbursement","Income","AUSTRALIA","AUD"
"Oxfam - CANADA Online","Charity & Donations","CANADA","CAD"
"Adidas (Contactless)","Shopping & Retail","USA","USD"
"Charity","Charity & Donations","UK","GBP"
"Santander #1139 (Wire)","Financial Services","UK","GBP"
"US Bank #1148","Financial Services","AUSTRALIA","AUD"
"McDonald's (App)","Food & Dining","INDIA","INR"
"Surgery","Healthcare & Medical","AUSTRALIA","AUD"
"NGO #2221 Online","Charity & Donations","INDIA","INR"
"Spectrum Center","Utilities & Services","USA","USD"
"Bank of America #6304 Branch","Financial Services","INDIA","INR"
"24 Hour Fitness TXN732923","Entertainment & Recreation","USA","USD"
"American Airlines Store","Transportation","CANADA","CAD"
"US Bank #4784 - CANADA Store","Financial Services","CANADA","CAD"
"Google Fiber - Weekday","Utilities & Services","USA","USD"
"Cold Stone Creamery","Food & Dining","INDIA","INR"
"Cox","Utilities & Services","INDIA","INR"
"M&T Bank - INDIA (Card)","Financial Services","INDIA","INR"
"Senate - INDIA","Government & Legal","INDIA","INR"
"TD Bank Online Business District","Financial Services","USA","USD"
"Chiropractor","Healthcare & Medical","UK","GBP"
"Zoo Store","Entertainment & Recreation","AUSTRALIA","AUD"
"Full-time Center","Income","CANADA","CAD"
"Temple #7521 Store","Charity & Donations","INDIA","INR"
"Side Hustle #7516 Store Online","Income","USA","USD"
"Oxfam - INDIA Branch","Charity & Donations","INDIA","INR"
"FlixBus (ACH)","Transportation","AUSTRALIA","AUD"
"Lowe's","Shopping & Retail","UK","GBP"
"EMS #5334","Government & Legal","INDIA","INR"
"SEPTA","Transportation","UK","GBP"
"Hawaiian Airlines","Transportation","USA","USD"
"Train #5728 - USA Strip Mall","Transportation","USA","USD"
"Wells Fargo Store - Afternoon","Financial Services","CANADA","CAD"
"Neiman Marcus #9477 Campus","Shopping & Retail","AUSTRALIA","AUD"
"H&M #5041","Shopping & Retail","INDIA","INR"
"Dollar General #9816 - INDIA - Dinner Time","Shopping & Retail","INDIA","INR"
"Neurologist","Healthcare & Medical","CANADA","CAD"
"Cinema","Entertainment & Recreation","USA","USD"
"Dermatologist - Rush Hour","Healthcare & Medical","USA","USD"
"Gig Work","Income","CANADA","CAD"
"BP","Transportation","INDIA","INR"
"Disability Branch Residential","Income","AUSTRALIA","AUD"
"Pharmacy","Healthcare & Medical","INDIA","INR"
"Cleveland Clinic","Healthcare & Medical","UK","GBP"
"Marshalls Store","Shopping & Retail","AUSTRALIA","AUD"
"Loan #3486 (Bank Transfer)","Financial Services","CANADA","CAD"
"Quiznos","Food & Dining","CANADA","CAD"
"CenturyLink - CANADA","Utilities & Services","CANADA","CAD"
"TSA #6488 - UK Store Online Strip Mall","Government & Legal","UK","GBP"
"Transfer","Financial Services","USA","USD"
"Cane's","Food & Dining","UK","GBP"
"Allegiant Store (Cash)","Transportation","CANADA","CAD"
"Temple","Charity & Donations","AUSTRALIA","AUD"
"Paramedic #7031 Store Center","Government & Legal","AUSTRALIA","AUD"
"Full-time Store","Income","UK","GBP"
"Pure Barre","Entertainment & Recreation","AUSTRALIA","AUD"
"County Clerk Online - Morning","Government & Legal","UK","GBP"
"Maternity Leave #1609","Income","UK","GBP"
"Parking - INDIA - Weekday","Transportation","INDIA","INR"
"KFC","Food & Dining","CANADA","CAD"
"CenturyLink #2742","Utilities & Services","UK","GBP"
"Uniqlo","Shopping & Retail","INDIA","INR"
"ATM - CANADA","Financial Services","CANADA","CAD"
"Theme Park TXN910088","Entertainment & Recreation","UK","GBP"
"Internet Provider","Utilities & Services","AUSTRALIA","AUD"
"Theme Park #3979 Store Center","Entertainment & Recreation","CANADA","CAD"
"Lowe's - CANADA - Afternoon","Shopping & Retail","CANADA","CAD"
"Passport Center","Government & Legal","INDIA","INR"
"United #3709 Center - Lunch Time","Transportation","USA","USD"
"KeyBank Mall","Financial Services","INDIA","INR"
"BART TXN363707","Transportation","INDIA","INR"
"Crunch Fitness - Holiday","Entertainment & Recreation","INDIA","INR"
"Maternity Leave Branch","Income","INDIA","INR"
"Gift - USA Residential","Charity & Donations","USA","USD"
"Royalty #9462","Income","USA","USD"
"Social Security Store","Income","USA","USD"
"UCLA Medical - INDIA","Healthcare & Medical","INDIA","INR"
"Part-time #4612 - CANADA","Income","CANADA","CAD"
"Staples #9099","Shopping & Retail","CANADA","CAD"
"Best Buy Center Airport","Shopping & Retail","UK","GBP"
"Carnival - UK Online","Entertainment & Recreation","UK","GBP"
"Cable One Center (ACH)","Utilities & Services","UK","GBP"
"Rock Climbing Campus","Entertainment & Recreation","USA","USD"
"DART - Holiday","Transportation","AUSTRALIA","AUD"
"US Bank #9983 Campus","Financial Services","CANADA","CAD"
"CrossFit Residential","Entertainment & Recreation","UK","GBP"
"Congress - AUSTRALIA - Lunch Time","Government & Legal","AUSTRALIA","AUD"
"Sephora","Shopping & Retail","INDIA","INR"
"Permit Online","Government & Legal","CANADA","CAD"
"Humane Society - UK","Charity & Donations","UK","GBP"
"Cane's","Food & Dining","INDIA","INR"
"Starbucks - AUSTRALIA Online - Weekend","Food & Dining","AUSTRALIA","AUD"
"Olive Garden Residential","Food & Dining","UK","GBP"
"Jack in the Box - INDIA","Food & Dining","INDIA","INR"
"Viasat #9302 Store","Utilities & Services","CANADA","CAD"
"Amazon Downtown","Shopping & Retail","CANADA","CAD"
"Vacation Pay Store","Income","CANADA","CAD"
"Franchise Store","Income","AUSTRALIA","AUD"
"UPS Store","Shopping & Retail","AUSTRALIA","AUD"
"Jersey Mike's - Weekend","Food & Dining","USA","USD"
"Kroger Pharmacy Online","Healthcare & Medical","INDIA","INR"
"Pure Barre Hospital","Entertainment & Recreation","CANADA","CAD"
"Service - Evening","Government & Legal","AUSTRALIA","AUD"
"Direct Deposit #6041 Business District","Income","CANADA","CAD"
"Marshalls","Shopping & Retail","CANADA","CAD"
"Payroll #6189 - INDIA","Income","INDIA","INR"
"Contract Work #1359","Income","CANADA","CAD"
"Wage #5775 - Rush Hour","Income","INDIA","INR"
"Salary - UK Store","Income","UK","GBP"
"Firehouse Subs #9402","Food & Dining","CANADA","CAD"
"Credit Union Store","Financial Services","USA","USD"
"Transfer Strip Mall","Financial Services","UK","GBP"
"Donation","Charity & Donations","USA","USD"
"Customs Online","Government & Legal","INDIA","INR"
"Culver's","Food & Dining","AUSTRALIA","AUD"
"ASPCA","Charity & Donations","UK","GBP"
"Jersey Mike's","Food & Dining","AUSTRALIA","AUD"
"Alaska Airlines (Wire)","Transportation","AUSTRALIA","AUD"
"Surgery Branch","Healthcare & Medical","INDIA","INR"
"Salary","Income","AUSTRALIA","AUD"
"Orange Theory - INDIA","Entertainment & Recreation","INDIA","INR"
"Cable One - AUSTRALIA (Digital Wallet)","Utilities & Services","AUSTRALIA","AUD"
"Chase - UK Station","Financial Services","UK","GBP"
"Olive Garden","Food & Dining","AUSTRALIA","AUD"
"Exxon","Transportation","UK","GBP"
"Unemployment TXN760808","Income","USA","USD"
"Church Online Center Station","Charity & Donations","USA","USD"
"Holiday Pay","Income","CANADA","CAD"
"Church - AUSTRALIA Store - Rush Hour","Charity & Donations","AUSTRALIA","AUD"
"Blood Test #7270","Healthcare & Medical","UK","GBP"
"Specialist Store","Healthcare & Medical","CANADA","CAD"
"Commission (Contactless)","Income","INDIA","INR"
"Religious Organization Store (Digital Wallet)","Charity & Donations","UK","GBP"
"Subway - INDIA","Food & Dining","INDIA","INR"
"Immigration Center","Government & Legal","CANADA","CAD"
"NGO Store TXN800504","Charity & Donations","INDIA","INR"
"Arby's","Food & Dining","UK","GBP"
"Synagogue","Charity & Donations","AUSTRALIA","AUD"
"Unemployment TXN231943","Income","CANADA","CAD"
"Golf Course #2512 Store TXN484261","Entertainment & Recreation","AUSTRALIA","AUD"
"Pharmacy","Healthcare & Medical","UK","GBP"
"Amazon","Shopping & Retail","CANADA","CAD"
"Brigham and Women's Online Center","Healthcare & Medical","CANADA","CAD"
"Overtime #1187","Income","AUSTRALIA","AUD"
"24 Hour Fitness Online Mall","Entertainment & Recreation","UK","GBP"
"Taco Bell","Food & Dining","USA","USD"
"Shake Shack Online","Food & Dining","USA","USD"
"DirecTV #5699 - CANADA TXN640180","Utilities & Services","CANADA","CAD"
"Lab - CANADA","Healthcare & Medical","CANADA","CAD"
"Stock Online","Financial Services","UK","GBP"
"MRI Store","Healthcare & Medical","UK","GBP"
"Holiday Pay Store","Income","USA","USD"
"Red Cross #1508 - Holiday","Charity & Donations","INDIA","INR"
"Fair","Entertainment & Recreation","USA","USD"
"Digital Bank","Financial Services","INDIA","INR"
"Town Hall","Government & Legal","UK","GBP"
"State Police Online - Night","Government & Legal","USA","USD"
"BB&T - AUSTRALIA Store - Night","Financial Services","AUSTRALIA","AUD"
"Internet Provider #7450 (Digital Wallet)","Utilities & Services","UK","GBP"
"FlixBus","Transportation","CANADA","CAD"
"MARTA Store Business District","Transportation","USA","USD"
"Rite Aid Strip Mall","Shopping & Retail","INDIA","INR"
"Convention Center #9774","Entertainment & Recreation","AUSTRALIA","AUD"
"Nature Conservancy - USA TXN442319","Charity & Donations","USA","USD"
"Income - USA Strip Mall","Income","USA","USD"
"Noodles & Company #4682","Food & Dining","AUSTRALIA","AUD"
"Baja Fresh Strip Mall","Food & Dining","USA","USD"
"Salvation Army","Charity & Donations","INDIA","INR"
"Mount Sinai","Healthcare & Medical","UK","GBP"
"Royalty","Income","CANADA","CAD"
"Mutual Fund","Financial Services","INDIA","INR"
"Laser Tag - USA","Entertainment & Recreation","USA","USD"
"DirecTV - INDIA - Evening","Utilities & Services","INDIA","INR"
"Sick Pay - Rush Hour","Income","CANADA","CAD"
"First National (Digital Wallet)","Financial Services","USA","USD"
"Tax #3017","Government & Legal","INDIA","INR"
"Paintball Branch","Entertainment & Recreation","AUSTRALIA","AUD"
"Transfer #6372","Financial Services","AUSTRALIA","AUD"
"Cinemark #3323 Online","Entertainment & Recreation","AUSTRALIA","AUD"
"Electric Company","Utilities & Services","INDIA","INR"
"Hertz Store","Transportation","INDIA","INR"
"Bonus #3417 Store","Income","INDIA","INR"
"Zara #2341 - UK - Morning","Shopping & Retail","UK","GBP"
"Verizon - UK","Utilities & Services","UK","GBP"
"Registration #4212 Store","Government & Legal","UK","GBP"
"Social Security #7543 (ACH)","Income","CANADA","CAD"
"Walk-in Clinic - AUSTRALIA Store","Healthcare & Medical","AUSTRALIA","AUD"
"Spotify #8742 Branch","Entertainment & Recreation","INDIA","INR"
"Electric Company #8755 Center","Utilities & Services","USA","USD"
"SPCA","Charity & Donations","CANADA","CAD"
"Public WiFi","Utilities & Services","UK","GBP"
"Olive Garden #8659 Store - Afternoon","Food & Dining","INDIA","INR"
"Taco Bell (Digital Wallet)","Food & Dining","AUSTRALIA","AUD"
"Brigham and Women's","Healthcare & Medical","UK","GBP"
"Pediatrician - USA TXN318903","Healthcare & Medical","USA","USD"
"WiFi Hotspot - USA Store","Utilities & Services","USA","USD"
"ATM","Financial Services","INDIA","INR"
"Museum #3452 Branch - Dinner Time","Entertainment & Recreation","UK","GBP"
"NYU Langone (Online)","Healthcare & Medical","INDIA","INR"
"Wage #5308 - Lunch Time","Income","UK","GBP"
"Paintball","Entertainment & Recreation","USA","USD"
"Dollar Tree #2351 Store Hospital","Shopping & Retail","USA","USD"
"Humane Society","Charity & Donations","USA","USD"
"Local Food Bank Store TXN894970","Charity & Donations","INDIA","INR"
"Mobile Hotspot #5938","Utilities & Services","USA","USD"
"Blimpie","Food & Dining","UK","GBP"
"Amazon Prime - AUSTRALIA Online","Entertainment & Recreation","AUSTRALIA","AUD"
"Wendy's - CANADA Store Branch - Weekday","Food & Dining","CANADA","CAD"
"Museum #5002","Entertainment & Recreation","AUSTRALIA","AUD"
"Gift #4953","Charity & Donations","AUSTRALIA","AUD"
"Golf Course Mall","Entertainment & Recreation","UK","GBP"
"Banking #4404 Store","Financial Services","UK","GBP"
"Lowe's #7297 (App)","Shopping & Retail","CANADA","CAD"
"Water Park - CANADA Store","Entertainment & Recreation","CANADA","CAD"
"Dollar Tree TXN700557","Shopping & Retail","CANADA","CAD"
"Banking - Weekend","Financial Services","UK","GBP"
"Commission","Income","UK","GBP"
"Amnesty International Store","Charity & Donations","INDIA","INR"
"Donation","Charity & Donations","UK","GBP"
"HSBC - UK Residential","Financial Services","UK","GBP"
"Windstream - USA - Lunch Time","Utilities & Services","USA","USD"
"Johns Hopkins","Healthcare & Medical","UK","GBP"
"Doctors Without Borders Center","Charity & Donations","CANADA","CAD"
"Salary - INDIA","Income","INDIA","INR"
"T-Mobile Airport","Utilities & Services","USA","USD"
"UNICEF #2348 - UK Branch","Charity & Donations","UK","GBP"
"Starlink","Utilities & Services","AUSTRALIA","AUD"
"Orange Theory - Evening","Entertainment & Recreation","USA","USD"
"Online Bank - Night","Financial Services","UK","GBP"
"NYU Langone","Healthcare & Medical","INDIA","INR"
"Huntington Bank","Financial Services","USA","USD"
"Cable Company TXN882097","Utilities & Services","UK","GBP"
"ASPCA - INDIA","Charity & Donations","INDIA","INR"
"Blood Test Store - Rush Hour","Healthcare & Medical","AUSTRALIA","AUD"
"Barnes & Noble","Shopping & Retail","USA","USD"
"Children's Hospital - Morning","Healthcare & Medical","UK","GBP"
"UCLA Medical","Healthcare & Medical","AUSTRALIA","AUD"
"Holiday Pay #7617 - UK","Income","UK","GBP"
"Mobile","Utilities & Services","UK","GBP"
"Southwest Airlines","Transportation","INDIA","INR"
"Local Food Bank Store","Charity & Donations","UK","GBP"
"United Way Store - Dinner Time","Charity & Donations","USA","USD"
"Freelance (Cash)","Income","INDIA","INR"
"eBay - USA","Shopping & Retail","USA","USD"
"Community Center #8776","Charity & Donations","UK","GBP"
"Children's Hospital","Healthcare & Medical","AUSTRALIA","AUD"
"Rite Aid Business District","Shopping & Retail","AUSTRALIA","AUD"
"Overtime","Income","CANADA","CAD"
"Saks Fifth Avenue","Shopping & Retail","USA","USD"
"H&M","Shopping & Retail","CANADA","CAD"
"Southwest Airlines","Transportation","AUSTRALIA","AUD"
"Emergency Services #8264 (App)","Government & Legal","UK","GBP"
"Sephora","Shopping & Retail","UK","GBP"
"Peter Pan","Transportation","CANADA","CAD"
"Commission","Income","CANADA","CAD"
"Retirement #7484 - AUSTRALIA Online","Financial Services","AUSTRALIA","AUD"
"Target","Shopping & Retail","CANADA","CAD"
"Humane Society (Wire)","Charity & Donations","UK","GBP"
"Shell #6568 - Rush Hour","Transportation","UK","GBP"
"LA Fitness #1089","Entertainment & Recreation","UK","GBP"
"Walk-in Clinic #1661","Healthcare & Medical","USA","USD"
"Burlington TXN413297","Shopping & Retail","AUSTRALIA","AUD"
"CVS #2415 - Morning","Shopping & Retail","INDIA","INR"
"Big Lots Store - Lunch Time","Shopping & Retail","USA","USD"
"Gold's Gym (Online)","Entertainment & Recreation","UK","GBP"
"Comerica Store (App)","Financial Services","USA","USD"
"Potbelly - UK Store","Food & Dining","UK","GBP"
"Church Center TXN171262","Charity & Donations","INDIA","INR"
"Metro #7074","Transportation","INDIA","INR"
"State Police (Cash)","Government & Legal","UK","GBP"
"Dairy Queen","Food & Dining","AUSTRALIA","AUD"
"MBTA Airport","Transportation","UK","GBP"
"Deposit","Income","INDIA","INR"
"Popeyes","Food & Dining","INDIA","INR"
"T-Mobile","Utilities & Services","AUSTRALIA","AUD"
"Lord & Taylor","Shopping & Retail","INDIA","INR"
"Gym #1232 TXN271723","Entertainment & Recreation","UK","GBP"
"Costco - Evening","Shopping & Retail","INDIA","INR"
"Carnival - INDIA","Entertainment & Recreation","INDIA","INR"
"First National #5066 Store","Financial Services","CANADA","CAD"
"Social Security #2768","Income","USA","USD"
"JetBlue Store Online","Transportation","UK","GBP"
"Salary - AUSTRALIA Store","Income","AUSTRALIA","AUD"
"Ambulance Center","Government & Legal","CANADA","CAD"
"Salary - AUSTRALIA Store","Income","AUSTRALIA","AUD"
"UCLA Medical - USA Online","Healthcare & Medical","USA","USD"
"Comcast Store","Utilities & Services","USA","USD"
"ATF #5093 Store - Weekday","Government & Legal","UK","GBP"
"Hertz #4169","Transportation","AUSTRALIA","AUD"
"WiFi","Utilities & Services","AUSTRALIA","AUD"
"Disability - UK","Income","UK","GBP"
"Donation Online (Card)","Charity & Donations","USA","USD"
"BMO Harris - UK","Financial Services","UK","GBP"
"Equinox","Entertainment & Recreation","UK","GBP"
"MBTA - AUSTRALIA - Dinner Time","Transportation","AUSTRALIA","AUD"
"Mediacom #9061 - AUSTRALIA - Weekday","Utilities & Services","AUSTRALIA","AUD"
"Johns Hopkins - UK Shopping Center","Healthcare & Medical","UK","GBP"
"Retirement Planning #3276","Financial Services","CANADA","CAD"
"Chevron #6886","Transportation","USA","USD"
"Rite Aid Station","Shopping & Retail","UK","GBP"
"Commission Store","Income","UK","GBP"
"Ross #5667 - INDIA","Shopping & Retail","INDIA","INR"
"Transfer - USA","Financial Services","USA","USD"
"MRI #8675 - CANADA","Healthcare & Medical","CANADA","CAD"
"Shake Shack TXN687085","Food & Dining","UK","GBP"
"Cinemark","Entertainment & Recreation","AUSTRALIA","AUD"
"ReachNow - Night","Transportation","UK","GBP"
"Payroll","Income","INDIA","INR"
"Orange Theory Downtown","Entertainment & Recreation","UK","GBP"
"Fire Department Store","Government & Legal","USA","USD"
"Satellite Internet Business District","Utilities & Services","AUSTRALIA","AUD"
"Psychiatrist (Digital Wallet)","Healthcare & Medical","UK","GBP"
"TD Bank - USA Store","Financial Services","USA","USD"
"Audubon Society","Charity & Donations","UK","GBP"
"Laser Tag - USA","Entertainment & Recreation","USA","USD"
"BoltBus #2385 Store","Transportation","UK","GBP"
"Community Center","Charity & Donations","UK","GBP"
"Kaiser Permanente #5343 TXN826322","Healthcare & Medical","UK","GBP"
"Unemployment #6527","Income","CANADA","CAD"
"Planet Fitness - USA Station","Entertainment & Recreation","USA","USD"
"Community Bank","Financial Services","AUSTRALIA","AUD"
"Rock Climbing #4707","Entertainment & Recreation","AUSTRALIA","AUD"
"Huntington Bank Store - Dinner Time","Financial Services","UK","GBP"
"Macy's","Shopping & Retail","UK","GBP"
"GameStop - UK","Shopping & Retail","UK","GBP"
"Frontier Store","Transportation","UK","GBP"
"Deposit #4390 - INDIA","Income","INDIA","INR"
"Lyft - INDIA Store","Transportation","INDIA","INR"
"Domino's #2564","Food & Dining","AUSTRALIA","AUD"
"KeyBank Store","Financial Services","AUSTRALIA","AUD"
"NGO","Charity & Donations","AUSTRALIA","AUD"
"KFC #5718 (Digital Wallet)","Food & Dining","UK","GBP"
"Hertz Residential","Transportation","AUSTRALIA","AUD"
"Senate (Online)","Government & Legal","UK","GBP"
"Eye Care","Healthcare & Medical","CANADA","CAD"
"Crunch Fitness (Mobile)","Entertainment & Recreation","INDIA","INR"
"Thrifty - Evening","Transportation","INDIA","INR"
"Offering #8013 Online (Bank Transfer)","Charity & Donations","CANADA","CAD"
"Ambulance","Government & Legal","CANADA","CAD"
"Windstream #1423 - UK","Utilities & Services","UK","GBP"
"Google Fiber","Utilities & Services","AUSTRALIA","AUD"
"Dollar General Center TXN212905","Shopping & Retail","UK","GBP"
"Payroll","Income","INDIA","INR"
"Secret Service #2751 - Evening","Government & Legal","USA","USD"
"UCSF Medical - UK Online","Healthcare & Medical","UK","GBP"
"Bojangles","Food & Dining","INDIA","INR"
"Mount Sinai #8890 - USA","Healthcare & Medical","USA","USD"
"Disability","Income","UK","GBP"
"Trampoline Park - Dinner Time","Entertainment & Recreation","CANADA","CAD"
"Water Park #6879 - INDIA","Entertainment & Recreation","INDIA","INR"
"Five Guys (Wire)","Food & Dining","AUSTRALIA","AUD"
"Passport","Government & Legal","INDIA","INR"
"Spotify Store","Entertainment & Recreation","USA","USD"
"Speech Therapy #5344 - AUSTRALIA","Healthcare & Medical","AUSTRALIA","AUD"
"Financial Advisor","Financial Services","INDIA","INR"
"Cable Internet Center","Utilities & Services","INDIA","INR"
"Occupational Therapy Station","Healthcare & Medical","AUSTRALIA","AUD"
"Car2Go","Transportation","INDIA","INR"
"Windstream","Utilities & Services","CANADA","CAD"
"Escape Room TXN722948","Entertainment & Recreation","UK","GBP"
"Lyft #9855 - USA Branch Strip Mall","Transportation","USA","USD"
"Pilates Store - Weekend","Entertainment & Recreation","CANADA","CAD"
"Mini Golf","Entertainment & Recreation","UK","GBP"
"HughesNet Online","Utilities & Services","USA","USD"
"Frontier #3286 - INDIA - Evening","Utilities & Services","INDIA","INR"
"Sephora - Afternoon","Shopping & Retail","CANADA","CAD"
"CIA","Government & Legal","INDIA","INR"
"AT&T #6476","Utilities & Services","CANADA","CAD"
"Neurologist - UK Center","Healthcare & Medical","UK","GBP"
"Surgery #8744 TXN298152","Healthcare & Medical","UK","GBP"
"Optimum Store Hospital","Utilities & Services","CANADA","CAD"
"MRI #8825","Healthcare & Medical","USA","USD"
"Cedars-Sinai Store Online","Healthcare & Medical","USA","USD"
"Safeway Pharmacy","Healthcare & Medical","CANADA","CAD"
"NSA - Afternoon","Government & Legal","AUSTRALIA","AUD"
"Marshals #2942 Store TXN608656","Government & Legal","AUSTRALIA","AUD"
"Regions Bank","Financial Services","CANADA","CAD"
"Sheriff","Government & Legal","UK","GBP"
"Shell Online","Transportation","INDIA","INR"
"TJ Maxx Store","Shopping & Retail","CANADA","CAD"
"Investment Bank","Financial Services","USA","USD"
"Comcast - Holiday","Utilities & Services","AUSTRALIA","AUD"
"Planet Fitness #5810 Online","Entertainment & Recreation","UK","GBP"
"SPCA","Charity & Donations","USA","USD"
"Speech Therapy #5048 - Morning","Healthcare & Medical","USA","USD"
"Mediacom","Utilities & Services","USA","USD"
"ASPCA","Charity & Donations","AUSTRALIA","AUD"
"Capital One Online Branch TXN448995","Financial Services","INDIA","INR"
"Water Company - UK - Afternoon","Utilities & Services","UK","GBP"
"Google Fiber - Afternoon","Utilities & Services","CANADA","CAD"
"Paramedic","Government & Legal","UK","GBP"
"Mr. Sub #3446 - INDIA Branch","Food & Dining","INDIA","INR"
"AT&T - UK Store","Utilities & Services","UK","GBP"
"Dillard's - Holiday","Shopping & Retail","UK","GBP"
"Ulta Strip Mall","Shopping & Retail","UK","GBP"
"Chevron - Weekend","Transportation","AUSTRALIA","AUD"
"Walgreens (Card)","Shopping & Retail","CANADA","CAD"
"Dillard's Online - Weekday","Shopping & Retail","INDIA","INR"
"Burger King","Food & Dining","UK","GBP"
"Bus TXN604967","Transportation","AUSTRALIA","AUD"
"Legal","Government & Legal","CANADA","CAD"
"Dermatologist","Healthcare & Medical","CANADA","CAD"
"Tim Hortons Store","Food & Dining","CANADA","CAD"
"Burlington #1321","Shopping & Retail","CANADA","CAD"
"ATM Online","Financial Services","USA","USD"
"Frontier #3683 - UK","Utilities & Services","UK","GBP"
"Police Department #6434","Government & Legal","USA","USD"
"Ambulance - AUSTRALIA","Government & Legal","AUSTRALIA","AUD"
"Zaxby's","Food & Dining","INDIA","INR"
"Orthopedist","Healthcare & Medical","CANADA","CAD"
"Getaround #6096","Transportation","INDIA","INR"
"Thrifty","Transportation","CANADA","CAD"
"Saks Fifth Avenue Online","Shopping & Retail","AUSTRALIA","AUD"
"Domino's Online","Food & Dining","CANADA","CAD"
"Walgreens","Healthcare & Medical","INDIA","INR"
"Orthopedist - USA","Healthcare & Medical","USA","USD"
"Water Company Store","Utilities & Services","INDIA","INR"
"Veterans Organization - Weekend","Charity & Donations","INDIA","INR"
"Optimum #5643 Online","Utilities & Services","USA","USD"
"Uber #1035 Online Mall","Transportation","INDIA","INR"
"Moe's Southwest Grill","Food & Dining","INDIA","INR"
"AT&T #9229 - INDIA","Utilities & Services","INDIA","INR"
"Investment","Financial Services","UK","GBP"
"Primary Care #5359","Healthcare & Medical","INDIA","INR"
"Citibank Store","Financial Services","USA","USD"
"Blood Test #1610 - INDIA","Healthcare & Medical","INDIA","INR"
"Local Church (Online)","Charity & Donations","CANADA","CAD"
"BoltBus (App)","Transportation","CANADA","CAD"
"Contract Work #1115","Income","UK","GBP"
"Clinic Station","Healthcare & Medical","UK","GBP"
"Trampoline Park","Entertainment & Recreation","UK","GBP"
"Macy's Store","Shopping & Retail","UK","GBP"
"Brokerage","Financial Services","AUSTRALIA","AUD"
"CTA - Evening","Transportation","USA","USD"
"Salary Store","Income","AUSTRALIA","AUD"
"Golf Course Strip Mall","Entertainment & Recreation","CANADA","CAD"
"Children's Hospital TXN503716","Healthcare & Medical","AUSTRALIA","AUD"
"Urologist Store TXN692692","Healthcare & Medical","AUSTRALIA","AUD"
"Viasat","Utilities & Services","AUSTRALIA","AUD"
"Nature Conservancy Center TXN840553","Charity & Donations","USA","USD"
"Tennis Court #2306 - AUSTRALIA (Cash)","Entertainment & Recreation","AUSTRALIA","AUD"
"Taxi - INDIA","Transportation","INDIA","INR"
"Theater TXN104099","Entertainment & Recreation","AUSTRALIA","AUD"
"Reimbursement - Weekday","Income","INDIA","INR"
"24 Hour Fitness #9113 Online (ACH)","Entertainment & Recreation","INDIA","INR"
"Youth Organization #8630","Charity & Donations","UK","GBP"
"Service Branch","Government & Legal","INDIA","INR"
"Walmart","Shopping & Retail","CANADA","CAD"
"BART #9369 Business District","Transportation","AUSTRALIA","AUD"
"Dental","Healthcare & Medical","USA","USD"
"Saks Fifth Avenue","Shopping & Retail","AUSTRALIA","AUD"
"Public WiFi #8769 - INDIA","Utilities & Services","INDIA","INR"
"Investment Bank #5698","Financial Services","USA","USD"
"Satellite Internet","Utilities & Services","UK","GBP"
"Dairy Queen","Food & Dining","UK","GBP"
"Wendy's #1481","Food & Dining","AUSTRALIA","AUD"
"CrossFit - AUSTRALIA Store","Entertainment & Recreation","AUSTRALIA","AUD"
"UCLA Medical","Healthcare & Medical","USA","USD"
"AT&T #6730 - INDIA","Utilities & Services","INDIA","INR"
"Zipcar","Transportation","CANADA","CAD"
"Local Food Bank Store Branch (App)","Charity & Donations","INDIA","INR"
"CTA","Transportation","CANADA","CAD"
"Turo #7718 Store Shopping Center","Transportation","USA","USD"
"Citibank","Financial Services","AUSTRALIA","AUD"
"Community Bank Branch","Financial Services","CANADA","CAD"
"Wendy's","Food & Dining","AUSTRALIA","AUD"
"Cable Company #2954 Online - Rush Hour","Utilities & Services","INDIA","INR"
"Cleveland Clinic - UK Store Online","Healthcare & Medical","UK","GBP"
"Goodwill","Charity & Donations","UK","GBP"
"National Parks #7511 Downtown","Charity & Donations","CANADA","CAD"
"Ross","Shopping & Retail","USA","USD"
"Audubon Society","Charity & Donations","AUSTRALIA","AUD"
"Potbelly Store","Food & Dining","UK","GBP"
"Dollar - AUSTRALIA Center","Transportation","AUSTRALIA","AUD"
"Dish","Utilities & Services","CANADA","CAD"
"Viasat - UK - Morning","Utilities & Services","UK","GBP"
"Rite Aid","Shopping & Retail","CANADA","CAD"
"Hulu Shopping Center","Entertainment & Recreation","UK","GBP"
"Anytime Fitness Store","Entertainment & Recreation","USA","USD"
"Getaround","Transportation","USA","USD"
"Ambulance #4354 Store","Government & Legal","INDIA","INR"
"DMV Store","Government & Legal","INDIA","INR"
"Income #9597 - CANADA (Cash)","Income","CANADA","CAD"
"Sierra Club - Lunch Time","Charity & Donations","UK","GBP"
"Fifth Third #6376 (Contactless)","Financial Services","AUSTRALIA","AUD"
"24 Hour Fitness - CANADA Store","Entertainment & Recreation","CANADA","CAD"
"Cleveland Clinic #2115","Healthcare & Medical","AUSTRALIA","AUD"
"Greyhound TXN165918","Transportation","INDIA","INR"
"Swimming Pool #3901 Campus","Entertainment & Recreation","USA","USD"
"Goodwill #5394","Charity & Donations","INDIA","INR"
"Hertz #7764 TXN771566","Transportation","UK","GBP"
"Kickstarter Online","Charity & Donations","AUSTRALIA","AUD"
"Town Hall #2831 - INDIA","Government & Legal","INDIA","INR"
"Arby's Store Hospital","Food & Dining","UK","GBP"
"JetBlue - UK","Transportation","UK","GBP"
"Retirement Planning","Financial Services","INDIA","INR"
"Holiday Pay #2658 Store Business District","Income","CANADA","CAD"
"Metro TXN892263","Transportation","CANADA","CAD"
"Mediacom - AUSTRALIA (Online)","Utilities & Services","AUSTRALIA","AUD"
"Bonus - AUSTRALIA TXN382270","Income","AUSTRALIA","AUD"
"DirecTV Online - Afternoon","Utilities & Services","UK","GBP"
"WOW TXN915854","Utilities & Services","USA","USD"
"Paternity Leave Center","Income","AUSTRALIA","AUD"
"Royalty Store Campus","Income","UK","GBP"
"Veterans Organization Online (Cash)","Charity & Donations","AUSTRALIA","AUD"
"Psychiatrist - UK Center","Healthcare & Medical","UK","GBP"
"Dental #4534 - CANADA Store Branch","Healthcare & Medical","CANADA","CAD"
"Jimmy John's Store - Dinner Time","Food & Dining","CANADA","CAD"
"Citibank - AUSTRALIA (App)","Financial Services","AUSTRALIA","AUD"
"White Castle - INDIA - Lunch Time","Food & Dining","INDIA","INR"
"Delta #7251 Airport","Transportation","AUSTRALIA","AUD"
"Urgent Care","Healthcare & Medical","INDIA","INR"
"Target #8599 Store","Shopping & Retail","UK","GBP"
"Museum - AUSTRALIA Store","Entertainment & Recreation","AUSTRALIA","AUD"
"Charter - UK","Utilities & Services","UK","GBP"
"DSL","Utilities & Services","UK","GBP"
"Royalty #6533 (Mobile)","Income","INDIA","INR"
"Charity Branch","Charity & Donations","UK","GBP"
"Mortgage #2890 - AUSTRALIA Store","Financial Services","AUSTRALIA","AUD"
"Dillard's","Shopping & Retail","UK","GBP"
"Disney+ #2060 - CANADA Branch Center - Lunch Time","Entertainment & Recreation","CANADA","CAD"
"Phone Company - USA TXN966763","Utilities & Services","USA","USD"
"Water Park - Rush Hour","Entertainment & Recreation","AUSTRALIA","AUD"
"Gym Online","Entertainment & Recreation","UK","GBP"
"Mutual Fund Online Branch TXN500569","Financial Services","CANADA","CAD"
"Shake Shack Branch - Evening","Food & Dining","CANADA","CAD"
"Sparklight - CANADA","Utilities & Services","CANADA","CAD"
"Customs TXN269494","Government & Legal","INDIA","INR"
"Retirement TXN282059","Financial Services","INDIA","INR"
"Ski Resort Store","Entertainment & Recreation","UK","GBP"
"Escape Room Station","Entertainment & Recreation","AUSTRALIA","AUD"
"Legal","Government & Legal","USA","USD"
"Belk","Shopping & Retail","CANADA","CAD"
"Commission #3402 - Holiday","Income","AUSTRALIA","AUD"
"Mayo Clinic","Healthcare & Medical","AUSTRALIA","AUD"
"Dairy Queen Business District","Food & Dining","USA","USD"
"Taco Bell #7092","Food & Dining","INDIA","INR"
"Emergency Room Downtown","Healthcare & Medical","USA","USD"
"Bonus #2819 Branch (Contactless)","Income","CANADA","CAD"
"Psychiatrist Online","Healthcare & Medical","USA","USD"
"Mediacom #8080 - INDIA Store TXN129868","Utilities & Services","INDIA","INR"
"Annuity (Wire)","Income","USA","USD"
"US Bank #3746 Store","Financial Services","CANADA","CAD"
"MARTA Store","Transportation","AUSTRALIA","AUD"
"AT&T - Weekday","Utilities & Services","AUSTRALIA","AUD"
"Pharmacy - Afternoon","Healthcare & Medical","CANADA","CAD"
"Barnes & Noble #9129 Online - Night","Shopping & Retail","CANADA","CAD"
"Office Depot #6442 Downtown","Shopping & Retail","USA","USD"
"PNC Bank Residential","Financial Services","INDIA","INR"
"Permit #2536","Government & Legal","INDIA","INR"
"Crunch Fitness #7646 Branch","Entertainment & Recreation","USA","USD"
"Alaska Airlines Center","Transportation","USA","USD"
"Tax - CANADA","Government & Legal","CANADA","CAD"
"Bank - Night","Financial Services","UK","GBP"
"Zoo Branch Residential","Entertainment & Recreation","INDIA","INR"
"Charity Airport","Charity & Donations","USA","USD"
"UPS Store Store Online","Shopping & Retail","INDIA","INR"
"AMC #2285 Store","Entertainment & Recreation","CANADA","CAD"
"Best Buy","Shopping & Retail","CANADA","CAD"
"Deposit TXN365598","Income","UK","GBP"
"DirecTV - INDIA TXN756008","Utilities & Services","INDIA","INR"
"Saks Off 5th - AUSTRALIA TXN338509","Shopping & Retail","AUSTRALIA","AUD"
"Satellite Internet #8763 (Contactless)","Utilities & Services","INDIA","INR"
"DSL Store","Utilities & Services","AUSTRALIA","AUD"
"Bonus - Dinner Time","Income","CANADA","CAD"
"Ambulance - Morning","Government & Legal","USA","USD"
"SEPTA #3400","Transportation","USA","USD"
"Target Online","Shopping & Retail","CANADA","CAD"
"Pharmacy","Healthcare & Medical","USA","USD"
"PETA - Weekday","Charity & Donations","USA","USD"
"Tax Preparation - CANADA","Financial Services","CANADA","CAD"
"Laser Tag Store Center","Entertainment & Recreation","INDIA","INR"
"Social Security - INDIA Campus","Income","INDIA","INR"
"Burger King","Food & Dining","AUSTRALIA","AUD"
"CVS (Contactless)","Shopping & Retail","INDIA","INR"
"Amazon Prime Store Downtown","Entertainment & Recreation","INDIA","INR"
"Urgent Care","Healthcare & Medical","UK","GBP"
"DirecTV Hospital","Utilities & Services","AUSTRALIA","AUD"
"Ski Resort #3911 Online","Entertainment & Recreation","CANADA","CAD"
"Bank of America","Financial Services","INDIA","INR"
"Jimmy John's","Food & Dining","CANADA","CAD"
"Surgery #5369 - UK","Healthcare & Medical","UK","GBP"
"Barnes & Noble Store Online","Shopping & Retail","AUSTRALIA","AUD"
"Peter Pan #7863","Transportation","INDIA","INR"
"Cardiologist Store (Card)","Healthcare & Medical","CANADA","CAD"
"Dividend Online Center - Evening","Income","INDIA","INR"
"Budget","Transportation","CANADA","CAD"
"CrossFit - AUSTRALIA","Entertainment & Recreation","AUSTRALIA","AUD"
"Hulu #4176 Strip Mall","Entertainment & Recreation","UK","GBP"
"Gig Work - Weekday","Income","CANADA","CAD"
"Sick Pay","Income","UK","GBP"
"X-Ray","Healthcare & Medical","INDIA","INR"
"Jack in the Box #3548 Online Shopping Center","Food & Dining","UK","GBP"
"Sprint - INDIA Store - Weekend","Utilities & Services","INDIA","INR"
"Museum #9860","Entertainment & Recreation","CANADA","CAD"
"Pension Store","Income","AUSTRALIA","AUD"
"Bergdorf Goodman Shopping Center","Shopping & Retail","UK","GBP"
"Franchise","Income","CANADA","CAD"
"Regal","Entertainment & Recreation","INDIA","INR"
"RCN","Utilities & Services","USA","USD"
"Youth Organization - INDIA Online - Holiday","Charity & Donations","INDIA","INR"
"Water Company Store","Utilities & Services","UK","GBP"
"Trampoline Park #4232 - UK Store","Entertainment & Recreation","UK","GBP"
"Commission Online","Income","AUSTRALIA","AUD"
"Jersey Mike's - USA Online Strip Mall","Food & Dining","USA","USD"
"TD Bank #2417 (Cash)","Financial Services","INDIA","INR"
"Business WiFi Business District","Utilities & Services","UK","GBP"
"Optimum Branch Campus","Utilities & Services","AUSTRALIA","AUD"
"Municipal Building #9046 Store","Government & Legal","UK","GBP"
"Tax Preparation Online (Cash)","Financial Services","USA","USD"
"DSL - UK","Utilities & Services","UK","GBP"
"World Vision - Holiday","Charity & Donations","CANADA","CAD"
"Windstream","Utilities & Services","CANADA","CAD"
"Orange Theory - CANADA TXN273805","Entertainment & Recreation","CANADA","CAD"
"M&T Bank Store","Financial Services","INDIA","INR"
"Staples #7362 TXN931310","Shopping & Retail","UK","GBP"
"Pizza Hut #8677","Food & Dining","USA","USD"
"ATM (Digital Wallet)","Financial Services","USA","USD"
"Mortgage (App)","Financial Services","UK","GBP"
"Social Security #1041 Store Online (Cash)","Government & Legal","INDIA","INR"
"Interest","Income","USA","USD"
"Amazon Prime #1820 Airport","Entertainment & Recreation","UK","GBP"
"Big Lots","Shopping & Retail","UK","GBP"
"Dish - Weekend","Utilities & Services","CANADA","CAD"
"Walmart Supercenter - UK","Food & Dining","UK","GBP"
"Windstream - Morning","Utilities & Services","CANADA","CAD"
"Cleveland Clinic Store Center TXN431211","Healthcare & Medical","INDIA","INR"
"Immigration #1123","Government & Legal","CANADA","CAD"
"Fire Department #1114 - CANADA Online","Government & Legal","CANADA","CAD"
"ASPCA #5198 Store","Charity & Donations","USA","USD"
"Veterans Organization","Charity & Donations","AUSTRALIA","AUD"
"Barnes & Noble Branch - Night","Shopping & Retail","AUSTRALIA","AUD"
"Post Office #7833 Business District","Government & Legal","CANADA","CAD"
"Cable Company Online Center (ACH)","Utilities & Services","CANADA","CAD"
"IKEA #1088 Downtown","Shopping & Retail","UK","GBP"
"State Police","Government & Legal","CANADA","CAD"
"Credit Union #3400","Financial Services","AUSTRALIA","AUD"
"Stanford Health","Healthcare & Medical","AUSTRALIA","AUD"
"HughesNet - INDIA","Utilities & Services","INDIA","INR"
"Metro #1313","Transportation","CANADA","CAD"
"TJ Maxx #6194 (Online)","Shopping & Retail","CANADA","CAD"
"Pension #5513","Income","UK","GBP"
"Reward #5440 Business District","Income","USA","USD"
"CrossFit Store","Entertainment & Recreation","CANADA","CAD"
"Mobile - Weekend","Utilities & Services","CANADA","CAD"
"Exxon #3241","Transportation","CANADA","CAD"
"FBI #6918 Campus","Government & Legal","UK","GBP"
"Accounting #1542 Store Branch","Financial Services","UK","GBP"
"Barneys New York Online","Shopping & Retail","INDIA","INR"
"Internet Provider #9626","Utilities & Services","UK","GBP"
"Payroll","Income","USA","USD"
"Jack in the Box - AUSTRALIA","Food & Dining","AUSTRALIA","AUD"
"Adidas Store","Shopping & Retail","USA","USD"
"Deposit - Evening","Income","INDIA","INR"
"OfficeMax #9585 - Weekday","Shopping & Retail","USA","USD"
"WOW Store Online (Bank Transfer)","Utilities & Services","CANADA","CAD"
"Atlantic Broadband","Utilities & Services","USA","USD"
"Brokerage - INDIA Business District","Financial Services","INDIA","INR"
"Santander #7169 - CANADA - Rush Hour","Financial Services","CANADA","CAD"
"Comcast #1418","Utilities & Services","USA","USD"
"Post Office Online","Shopping & Retail","CANADA","CAD"
"Wells Fargo - USA Branch","Financial Services","USA","USD"
"Frontier #7819 - CANADA","Transportation","CANADA","CAD"
"Humane Society","Charity & Donations","CANADA","CAD"
"ASPCA","Charity & Donations","AUSTRALIA","AUD"
"Mediacom","Utilities & Services","USA","USD"
"Gift #3487 - INDIA Branch Strip Mall","Charity & Donations","INDIA","INR"
"Credit #2978 - AUSTRALIA Branch","Income","AUSTRALIA","AUD"
"Lord & Taylor Hospital","Shopping & Retail","CANADA","CAD"
"Consulting","Income","AUSTRALIA","AUD"
"Fifth Third Store Branch","Financial Services","INDIA","INR"
"24 Hour Fitness Shopping Center","Entertainment & Recreation","CANADA","CAD"
"Cable One #1705","Utilities & Services","INDIA","INR"
"Internet Provider #3260","Utilities & Services","INDIA","INR"
"Adidas #3307","Shopping & Retail","CANADA","CAD"
"Children's Hospital (Digital Wallet)","Healthcare & Medical","CANADA","CAD"
"Neiman Marcus Store TXN404330","Shopping & Retail","INDIA","INR"
"Reward","Income","CANADA","CAD"
"Specialist (Wire)","Healthcare & Medical","USA","USD"
"Train Branch - Holiday","Transportation","USA","USD"
"Greenpeace Residential","Charity & Donations","INDIA","INR"
"Bank #8155","Financial Services","INDIA","INR"
"Allegiant Business District","Transportation","AUSTRALIA","AUD"
"Suddenlink #6445","Utilities & Services","USA","USD"
"Paternity Leave","Income","UK","GBP"
"Dermatologist - INDIA","Healthcare & Medical","INDIA","INR"
"Ross","Shopping & Retail","INDIA","INR"
"CTA - AUSTRALIA","Transportation","AUSTRALIA","AUD"
"UPS Store","Shopping & Retail","AUSTRALIA","AUD"
"HughesNet Store","Utilities & Services","INDIA","INR"
"Raising Cane's","Food & Dining","UK","GBP"
"Hawaiian Airlines","Transportation","AUSTRALIA","AUD"
"Fair","Entertainment & Recreation","INDIA","INR"
"AMC","Entertainment & Recreation","USA","USD"
"Johns Hopkins #1547 (ACH)","Healthcare & Medical","INDIA","INR"
"Saks Off 5th #6595","Shopping & Retail","CANADA","CAD"
"Occupational Therapy #4797","Healthcare & Medical","USA","USD"
"UPS Store - UK Online TXN954110","Shopping & Retail","UK","GBP"
"Windstream","Utilities & Services","AUSTRALIA","AUD"
"Ambulance (App)","Government & Legal","AUSTRALIA","AUD"
"EMS - CANADA","Government & Legal","CANADA","CAD"
"Walgreens #7669 - AUSTRALIA (Card)","Shopping & Retail","AUSTRALIA","AUD"
"Royalty #8111 Branch Center Business District","Income","AUSTRALIA","AUD"
"Hardee's - CANADA","Food & Dining","CANADA","CAD"
"Cleveland Clinic","Healthcare & Medical","AUSTRALIA","AUD"
"Sick Pay - AUSTRALIA - Rush Hour","Income","AUSTRALIA","AUD"
"Chipotle #7727 - CANADA","Food & Dining","CANADA","CAD"
"Mutual Fund - Weekend","Financial Services","INDIA","INR"
"DirecTV Store","Utilities & Services","AUSTRALIA","AUD"
