Department Family,Entity,Date,Expense Type,Expense Area,Supplier,Transaction Number,Amount,Description
Department for Education,Core,05/03/2024,Other Costs,Operational Finance,Agile Management Solutions Ltd,CORE-PINV-074083,"4,878.20",Software Development
Department for Education,Core,05/03/2024,Other Costs,Operational Finance,Agile Management Solutions Ltd,CORE-PINV-074083,"4,878.20",Software Development
Department for Education,Core,05/03/2024,Other Costs,Operational Finance,Agile Management Solutions Ltd,CORE-PINV-074083,"4,878.20",Software Development
Department for Education,Core,05/03/2024,Other Costs,Operational Finance,Agile Management Solutions Ltd,CORE-PINV-074083,"4,878.20",Software Development
Department for Education,Core,05/03/2024,Other Costs,Operational Finance,Agile Management Solutions Ltd,CORE-PINV-074083,"4,878.20",Software Development
Department for Education,Core,05/03/2024,Other Costs,Operational Finance,Agile Management Solutions Ltd,CORE-PINV-074083,"12,195.50",Software Development
Department for Education,Core,05/03/2024,Other Costs,Operational Finance,Agile Management Solutions Ltd,CORE-PINV-074083,"12,195.50",Software Development
Department for Education,Core,05/03/2024,Other Costs,Operational Finance,Agile Management Solutions Ltd,CORE-PINV-074083,"12,195.50",Software Development
Department for Education,Core,05/03/2024,Other Costs,Operational Finance,Agile Management Solutions Ltd,CORE-PINV-074083,"56,099.30",Software Development
Department for Education,Core,06/03/2024,Other Costs,Operational Finance,Mercurius It Ltd.,CORE-PINV-074228,"55,023.90",Software Development
Department for Education,Core,05/03/2024,Other Costs,Operational Finance,Agile Management Solutions Ltd,CORE-PINV-074218,"2,439.10",Software Development
Department for Education,Core,06/03/2024,Other Costs,Operational Finance,Agile Management Solutions Ltd,CORE-PINV-074218,"7,317.30",Software Development
Department for Education,Core,06/03/2024,Other Costs,Operational Finance,Agile Management Solutions Ltd,CORE-PINV-074218,"7,317.30",Software Development
Department for Education,Core,06/03/2024,Other Costs,Operational Finance,Agile Management Solutions Ltd,CORE-PINV-074218,"14,634.60",Software Development
Department for Education,Core,06/03/2024,Other Costs,Operational Finance,Agile Management Solutions Ltd,CORE-PINV-074218,"41,464.70",Software Development
Department for Education,Core,06/03/2024,Other Costs,Operational Finance,Agile Management Solutions Ltd,CORE-PINV-074218,"53,660.20",Software Development
Department for Education,Core,12/03/2024,Other Costs,Operational Finance,Mercurius It Ltd.,CORE-PINV-074586,"22,500.00",Software Development
Department for Education,Core,12/03/2024,Other Costs,Operational Finance,Mercurius It Ltd.,CORE-PINV-074590,"22,500.00",Software Development
Department for Education,Core,28/03/2024,Other Costs,Operational Finance,Mercurius It Ltd.,CORE-PINV-076025,"22,642.00",Software Development
Department for Education,Core,28/03/2024,Other Costs,Operational Finance,Agile Management Solutions Ltd,CORE-PINV-076193,"2,400.00",Software Development
Department for Education,Core,28/03/2024,Other Costs,Operational Finance,Agile Management Solutions Ltd,CORE-PINV-076193,"7,200.00",Software Development
Department for Education,Core,28/03/2024,Other Costs,Operational Finance,Agile Management Solutions Ltd,CORE-PINV-076193,"7,200.00",Software Development
Department for Education,Core,28/03/2024,Other Costs,Operational Finance,Agile Management Solutions Ltd,CORE-PINV-076193,"14,400.00",Software Development
Department for Education,Core,28/03/2024,Other Costs,Operational Finance,Agile Management Solutions Ltd,CORE-PINV-076193,"40,800.00",Software Development
Department for Education,Core,28/03/2024,Other Costs,Operational Finance,Agile Management Solutions Ltd,CORE-PINV-076193,"52,800.00",Software Development
Department for Education,Core,28/03/2024,Other Costs,Operational Finance,Agile Management Solutions Ltd,CORE-PINV-076268,"4,800.00",Software Development
Department for Education,Core,28/03/2024,Other Costs,Operational Finance,Agile Management Solutions Ltd,CORE-PINV-076268,"4,800.00",Software Development
Department for Education,Core,28/03/2024,Other Costs,Operational Finance,Agile Management Solutions Ltd,CORE-PINV-076268,"4,800.00",Software Development
Department for Education,Core,28/03/2024,Other Costs,Operational Finance,Agile Management Solutions Ltd,CORE-PINV-076268,"4,800.00",Software Development
Department for Education,Core,28/03/2024,Other Costs,Operational Finance,Agile Management Solutions Ltd,CORE-PINV-076268,"4,800.00",Software Development
Department for Education,Core,28/03/2024,Other Costs,Operational Finance,Agile Management Solutions Ltd,CORE-PINV-076268,"12,000.00",Software Development
Department for Education,Core,28/03/2024,Other Costs,Operational Finance,Agile Management Solutions Ltd,CORE-PINV-076268,"12,000.00",Software Development
Department for Education,Core,28/03/2024,Other Costs,Operational Finance,Agile Management Solutions Ltd,CORE-PINV-076268,"12,000.00",Software Development
Department for Education,Core,28/03/2024,Other Costs,Operational Finance,Agile Management Solutions Ltd,CORE-PINV-076268,"55,200.00",Software Development
Department for Education,Core,21/03/2024,Staff - Other,Estates,Home Office,CORE-PCR-002861,"-68,835.00",Recruitment Advertising
Department for Education,Core,06/03/2024,Accommodation and Estates - Maintenance,Estates,Government Property Agency,CORE-PCR-002813,"-7,285.83",Maintenance And Repairs
Department for Education,Core,28/03/2024,Accommodation and Estates - Maintenance,Estates,Government Property Agency,CORE-PINV-076175,"778,359.76",Maintenance And Repairs
Department for Education,Core,28/03/2024,Accommodation and Estates - Other,Estates,Government Property Agency,CORE-PINV-076175,"57,691.92",Estates Management
Department for Education,Core,05/03/2024,Accommodation and Estates - Rent and Rates,Estates,Government Property Agency,CORE-PCR-002452,"-62,362.03",Rentals
Department for Education,Core,06/03/2024,Accommodation and Estates - Rent and Rates,Estates,Government Property Agency,CORE-PCR-002813,"-33,154.19",Rentals
Department for Education,Core,18/03/2024,Accommodation and Estates - Rent and Rates,Estates,Government Property Agency,CORE-PINV-075654,"111,446.79",Rentals
Department for Education,Core,22/03/2024,Accommodation and Estates - Rent and Rates,Estates,Government Property Agency,CORE-PINV-075770,"126,830.39",Rentals
Department for Education,Core,28/03/2024,Accommodation and Estates - Rent and Rates,Estates,Government Property Agency,CORE-PCR-002892,"-44,773.19",Rentals
Department for Education,Core,28/03/2024,Accommodation and Estates - Rent and Rates,Estates,Government Property Agency,CORE-PINV-076175,"269,446.91",Rentals
Department for Education,Core,28/03/2024,Accommodation and Estates - Rent and Rates,Estates,Government Property Agency,CORE-PINV-076175,"2,659,332.87",Rentals
Department for Education,Core,28/03/2024,Accommodation and Estates - Rent and Rates,Estates,Government Property Agency,CORE-PINV-076375,"59,173.27",Rentals
Department for Education,Core,28/03/2024,Other Costs,Estates,Government Property Agency,CORE-PINV-076401,"285,574.76",Gpa Fm Recharge 
Department for Education,Core,07/03/2024,Other Costs,Estates,Arcadis Llp,CORE-PCR-002798,"-37,580.65",Buildings Additions
Department for Education,Core,20/03/2024,Other Costs,Estates,Arcadis Llp,CORE-PINV-073637,"27,799.20",Building Improvements
Department for Education,Core,15/03/2024,Other Costs,Estates,Willmott Dixon Construction Limited,CORE-PINV-075012,"2,540,482.91",Building Improvements
Department for Education,Core,13/03/2024,Other Costs,Estates,Isg Construction Limited,CORE-PINV-074998,"54,884.16",Building Improvements
Department for Education,Core,22/03/2024,Other Costs,Estates,Mace Limited,CORE-PINV-075220,"26,913.55",Building Improvements
Department for Education,Core,15/03/2024,Other Goods and Services,Operational Finance,Cabinet Office,CORE-PINV-074989,"81,641.00",Professional Services
Department for Education,Core,08/03/2024,IS/IT,Commercial,Bravosolution Uk Limited,CORE-PINV-074488,"45,600.00",Systems Operations
Department for Education,Core,06/03/2024,IS/IT,Commercial,Bravosolution Uk Limited,CORE-PINV-074214,"415,500.00",Software Licences
Department for Education,Core,12/03/2024,Staff - Temporary Staff,Commercial,Alexander Mann Solutions Limited,CORE-PINV-074714,"46,495.30",Short Term And Agency Staff
Department for Education,Core,18/03/2024,Other Goods and Services,Commercial,Nexer Digital Ltd,CORE-PINV-074546,"35,512.50",Research And Evaluation
Department for Education,Core,15/03/2024,Other Goods and Services,Commercial,The Chartered Institute Of Procurement And Supply,CORE-PINV-074932,"58,800.00",Research And Evaluation
Department for Education,Core,01/03/2024,Other Goods and Services,Commercial,Government Actuarys Dept,CORE-PINV-073954,"107,874.66",Professional Services
Department for Education,Core,18/03/2024,Other Goods and Services,Commercial,Willis Limited,CORE-PINV-074978,"118,971.00",Professional Services
Department for Education,Core,11/03/2024,Other Goods and Services,Commercial,Topmark Claims Management Part Of The Davies Group,CORE-PINV-074514,"43,561.20",Professional Services
Department for Education,Core,28/03/2024,Grants Expenditure,Commercial,Suffolk County Council,CUPS0079195,"30,150.00",Capital Grants - Local Government
Department for Education,Core,28/03/2024,Grants Expenditure,Commercial,Southern Water Services Limited,CUPS0079110,"211,050.00",Capital Grants - Private Sector
Department for Education,Core,25/03/2024,Grants Expenditure,Commercial,Environment Agency,CORE-PINV-075763,"3,950,000.00",Capital Grants
Department for Education,Core,04/03/2024,Staff - Secondee,Commercial,Cabinet Office,CORE-PINV-073957,"1,919,302.89",Gco Staff Cost Q3 - October To December 2023
Department for Education,Core,05/03/2024,Staff - Secondee,Commercial,Cabinet Office,CORE-PINV-074070,"99,000.00",Gco Staff Cost Q3 - October To December 2023
Department for Education,Core,20/03/2024,Staff - Secondee,Commercial,Cabinet Office,CORE-PINV-075331,"66,348.00",Commercial Fast Stream Cost 2023-24
Department for Education,Core,18/03/2024,Staff - Bonuses,Human Resources,Edenred (Incentives And Motivation) Limited,CORE-PINV-074974,"98,915.00",Rewards And Recognition
Department for Education,Core,25/03/2024,Staff - Other,Human Resources,Duradiamond Healthcare Limited,CORE-PINV-073257,"24,544.09",Occupational Health
Department for Education,Core,07/03/2024,Staff - Other,Human Resources,Duradiamond Healthcare Limited,CORE-PCR-002795,"-24,544.09",Occupational Health
Department for Education,Core,06/03/2024,Staff - Other,Human Resources,Duradiamond Healthcare Limited,CORE-PINV-074346,"28,617.87",Occupational Health
Department for Education,Core,15/03/2024,Other Goods and Services,Customer Experience and Digital,Cognizant Worldwide Limited,CORE-PINV-074980,"188,028.00",Professional Services
Department for Education,Core,28/03/2024,IS/IT,Technology,Unify Holding Uk 1 Limited,CORE-PINV-076159,"25,463.69",Telecoms
Department for Education,Core,28/03/2024,IS/IT,Technology,Unify Holding Uk 1 Limited,CORE-PINV-076160,"25,401.02",Telecoms
Department for Education,Core,13/03/2024,Other Costs,Technology,Bechtle Ltd,CORE-PINV-065988,"99,469.80",Software Development
Department for Education,Core,20/03/2024,Other Costs,Technology,Computacenter (Uk) Limited,CORE-PINV-075438,"407,880.04",Software Development
Department for Education,Core,22/03/2024,Other Costs,Technology,Cdw Ltd,CORE-PINV-075534,"1,739,598.00",Software Development
Department for Education,Core,15/03/2024,Other Goods and Services,Customer Experience and Digital,Cognizant Worldwide Limited,CORE-PINV-074931,"60,311.16",Professional Services
Department for Education,Core,28/03/2024,Other Goods and Services,Customer Experience and Digital,I.F.F Research Limited,CORE-PINV-076089,"22,000.00",Research And Evaluation
Department for Education,Core,13/03/2024,Other Goods and Services,Customer Experience and Digital,Andigital Limited,CORE-PINV-074855,"61,785.00",Professional Services
Department for Education,Core,19/03/2024,Other Goods and Services,Customer Experience and Digital,Andigital Limited,CORE-PINV-074848,"28,512.00",Professional Services
Department for Education,Core,15/03/2024,Other Goods and Services,Customer Experience and Digital,Andigital Limited,CORE-PINV-074857,"127,425.00",Professional Services
Department for Education,Core,06/03/2024,Other Goods and Services,Customer Experience and Digital,Faculty Science Limited,CORE-PINV-073690,"68,927.38",Research And Evaluation
Department for Education,Core,08/03/2024,IS/IT,Technology,Silobreaker Limited,CORE-PINV-074320,"114,000.00",End User Software And Hardware
Department for Education,Core,01/03/2024,IS/IT,Technology,Bytes Software Services Limited,CORE-PINV-073944,"1,592,081.19",End User Software And Hardware
Department for Education,Core,28/03/2024,IS/IT,Technology,Bytes Software Services Limited,CORE-PINV-076090,"1,530,422.82",End User Software And Hardware
Department for Education,Core,12/03/2024,Other Goods and Services,Technology,Sol-Tec Limited,CORE-PINV-074702,"30,600.00",Professional Services
Department for Education,Core,28/03/2024,Other Goods and Services,Technology,Methods Business And Digital Technology Limited,CORE-PINV-070790,"167,332.80",Professional Services
Department for Education,Core,20/03/2024,Other Goods and Services,Technology,Methods Business And Digital Technology Limited,CORE-PINV-072708,"112,110.00",Professional Services
Department for Education,Core,11/03/2024,Other Goods and Services,Technology,Methods Business And Digital Technology Limited,CORE-PINV-074520,"112,986.00",Professional Services
Department for Education,Core,22/03/2024,Other Goods and Services,Technology,Methods Business And Digital Technology Limited,CORE-PINV-074603,"265,165.50",Professional Services
Department for Education,Core,25/03/2024,Other Goods and Services,Technology,Sol-Tec Limited,CORE-PINV-075001,"71,268.50",Professional Services
Department for Education,Core,12/03/2024,Other Goods and Services,Technology,Nexer Digital Ltd,CORE-PINV-074541,"42,900.00",Professional Services
Department for Education,Core,22/03/2024,Grants,SARDIS,Oecd,CUPS0079127,"295,131.19",Professional Services - Grants And Awards
Department for Education,Core,14/03/2024,Grants,SARDIS,Oecd,CUPS0079130,"58,074.89",Professional Services - Grants And Awards
Department for Education,Core,04/03/2024,Other Goods and Services,SARDIS,Ipsos (Market Research) Ltd,CORE-PINV-073945,"29,518.00",Research And Evaluation
Department for Education,Core,04/03/2024,Other Goods and Services,SARDIS,Ipsos (Market Research) Ltd,CORE-PINV-073853,"24,990.00",Research And Evaluation
Department for Education,Core,01/03/2024,Other Goods and Services,SARDIS,Centre For Enterprise Ltd,CORE-PINV-073920,"41,680.00",Research And Evaluation
Department for Education,Core,12/03/2024,Other Goods and Services,SARDIS,Pearson Education Limited,CORE-PINV-074689,"125,623.00",Research And Evaluation
Department for Education,Core,13/03/2024,Other Goods and Services,SARDIS,Pearson Education Limited,CORE-PINV-074555,"107,776.00",Research And Evaluation
Department for Education,Core,15/03/2024,Other Goods and Services,SARDIS,Ipsos (Market Research) Ltd,CORE-PINV-074973,"37,346.00",Research And Evaluation
Department for Education,Core,14/03/2024,Other Goods and Services,SARDIS,Pearson Education Limited,CORE-PINV-074964,"129,430.00",Research And Evaluation
Department for Education,Core,15/03/2024,Other Goods and Services,SARDIS,Pearson Education Limited,CORE-PINV-074962,"55,393.00",Research And Evaluation
Department for Education,Core,20/03/2024,Other Goods and Services,SARDIS,I.F.F Research Limited,CORE-PINV-075046,"69,607.00",Research And Evaluation
Department for Education,Core,19/03/2024,Other Goods and Services,SARDIS,Lse Enterprise Ltd,CORE-PINV-075147,"24,562.50",Research And Evaluation
Department for Education,Core,20/03/2024,Other Goods and Services,SARDIS,Lse Enterprise Ltd,CORE-PINV-075164,"24,562.50",Research And Evaluation
Department for Education,Core,26/03/2024,Other Goods and Services,SARDIS,Institute For Employment Studies,CORE-PINV-075720,"48,010.00",Research And Evaluation
Department for Education,Core,25/03/2024,Other Goods and Services,SARDIS,Centre For Enterprise Ltd,CORE-PINV-075780,"60,290.00",Research And Evaluation
Department for Education,Core,27/03/2024,Other Goods and Services,SARDIS,I.F.F Research Limited,CORE-PINV-074885,"27,280.00",Research And Evaluation
Department for Education,Core,27/03/2024,Other Goods and Services,SARDIS,I.F.F Research Limited,CORE-PINV-075623,"36,728.50",Research And Evaluation
Department for Education,Core,27/03/2024,Other Goods and Services,SARDIS,Kantar Public Uk Limited,CORE-PINV-076094,"83,896.71",Research And Evaluation
Department for Education,Core,28/03/2024,Other Goods and Services,SARDIS,Kantar Public Uk Limited,CORE-PINV-076092,"256,509.92",Research And Evaluation
Department for Education,Core,14/03/2024,Grants,SARDIS,Oecd,CUPS0079128,"91,568.21",Professional Services - Grants And Awards
Department for Education,Core,01/03/2024,Other Costs,SARDIS,National Foundation For Educational Research Nfer,CORE-PINV-073964,"39,677.00",Research And Development
Department for Education,Core,05/03/2024,Other Costs,SARDIS,I.F.F Research Limited,CORE-PINV-074248,"119,524.52",Research And Development
Department for Education,Core,08/03/2024,Other Costs,SARDIS,Icf Consulting Services Limited,CORE-PINV-074418,"28,034.00",Research And Development
Department for Education,Core,15/03/2024,Other Costs,SARDIS,Ecorys Uk Ltd,CORE-PINV-074996,"65,000.00",Research And Development
Department for Education,Core,19/03/2024,Other Costs,SARDIS,National Centre For Social Research,CORE-PINV-075209,"540,000.00",Research And Development
Department for Education,Core,20/03/2024,Other Costs,SARDIS,Kantar Public Uk Limited,CORE-PINV-075434,"30,000.00",Research And Development
Department for Education,Core,22/03/2024,Other Costs,SARDIS,Frontier Economics Ltd,CORE-PINV-075453,"69,125.00",Research And Development
Department for Education,Core,26/03/2024,Other Costs,SARDIS,Institute For Employment Studies,CORE-PINV-075877,"55,207.50",Research And Development
Department for Education,Core,28/03/2024,Other Costs,SARDIS,National Foundation For Educational Research Nfer,CORE-PINV-076088,"57,336.00",Research And Development
Department for Education,Core,28/03/2024,Other Costs,SARDIS,National Foundation For Educational Research Nfer,CORE-PINV-076087,"37,952.25",Research And Development
Department for Education,Core,04/03/2024,Other Costs,SARDIS,Ecorys Uk Ltd,CORE-PINV-074054,"37,908.00",Research And Development
Department for Education,Core,13/03/2024,IS/IT,Data,Bramble Hub Limited,CORE-PCR-002842,"-166,932.00",Ict Repair And Maintenance
Department for Education,Core,19/03/2024,IS/IT,Data,Bramble Hub Limited,CORE-PINV-074380,"166,932.00",Ict Repair And Maintenance
Department for Education,Core,20/03/2024,IS/IT,Data,Bramble Hub Limited,CORE-PINV-073299,"166,932.00",Ict Repair And Maintenance
Department for Education,Core,21/03/2024,Staff - Other,SARDIS,Cabinet Office,CORE-PINV-075456,"44,616.00",Recruitment Advertising
Department for Education,Core,13/03/2024,IS/IT,SARDIS,Hive It Limited,CORE-PINV-074326,"241,379.40",Systems Operations
Department for Education,Core,19/03/2024,Other Costs,Data,Cognizant Worldwide Limited,CORE-PINV-074924,"41,085.00",Software Development
Department for Education,Core,19/03/2024,IS/IT,Data,Cdw Ltd,CORE-PINV-075162,"59,745.60",Ict Repair And Maintenance
Department for Education,Core,21/03/2024,IS/IT,Data,Cognizant Worldwide Limited,CORE-PINV-072906,"77,421.00",Ict Repair And Maintenance
Department for Education,Core,01/03/2024,IS/IT,Data,Bramble Hub Limited,CORE-PINV-072848,"35,088.00",Support - Managed Services
Department for Education,Core,01/03/2024,IS/IT,Data,Bramble Hub Limited,CORE-PINV-073139,"70,200.00",Support - Managed Services
Department for Education,Core,15/03/2024,IS/IT,Data,Scrumconnect Limited,CORE-PINV-074425,"57,000.00",Support - Managed Services
Department for Education,Core,19/03/2024,IS/IT,Data,Bramble Hub Limited,CORE-PINV-074654,"32,232.00",Support - Managed Services
Department for Education,Core,21/03/2024,IS/IT,Data,Bramble Hub Limited,CORE-PINV-075212,"54,000.00",Support - Managed Services
Department for Education,Core,28/03/2024,IS/IT,Data,Solirius Ltd,CORE-PINV-076139,"47,685.60",Support - Managed Services
Department for Education,Core,04/03/2024,IS/IT,Data,Rm Plc,CORE-PINV-073960,"628,658.00",Systems Operations
Department for Education,Core,27/03/2024,IS/IT,Data,Rm Plc,CORE-PINV-076036,"629,225.72",Systems Operations
Department for Education,Core,05/03/2024,IS/IT,Data,Cognizant Worldwide Limited,CORE-PINV-074091,"27,377.28",Systems Operations
Department for Education,Core,11/03/2024,IS/IT,Data,Opencast Software Europe Limited,CORE-PINV-074955,"27,720.00",Systems Operations
Department for Education,Core,15/03/2024,IS/IT,Data,Opencast Software Europe Limited,CORE-PINV-074954,"125,310.00",Systems Operations
Department for Education,Core,15/03/2024,IS/IT,Data,Opencast Software Europe Limited,CORE-PINV-074953,"195,720.00",Systems Operations
Department for Education,Core,21/03/2024,IS/IT,Data,Cognizant Worldwide Limited,CORE-PINV-075324,"45,158.40",Systems Operations
Department for Education,Core,28/03/2024,Other Goods and Services,Strategic Policy Directorate,University Of Reading,CORE-PINV-074062,"360,000.00",Professional Services
Department for Education,Core,18/03/2024,Other Goods and Services,Strategic Policy Directorate,The Natural History Museum Trading Company Limited,CORE-PINV-075138,"568,512.00",Professional Services
Department for Education,Core,18/03/2024,IS/IT,Strategic Policy Directorate,Tpximpact Limited,CORE-PINV-074877,"145,046.00",Systems Development
Department for Education,Core,26/03/2024,Other Goods and Services,Strategic Policy Directorate,Ecorys Uk Ltd,CORE-PINV-075731,"101,864.00",Research And Evaluation
Department for Education,Core,07/03/2024,Grants Expenditure,Strategic Policy Directorate,Royal Horticultural Society,CORE-MAIN-053502,"114,048.50",Capital Grants - Private Sector
Department for Education,Core,28/03/2024,Grants Expenditure,Strategic Policy Directorate,Royal Horticultural Society,CUPS0078865,"155,259.98",Capital Grants - Private Sector
Department for Education,Core,15/03/2024,Grants Expenditure,Strategic Policy Directorate,Royal Horticultural Society,CUPS0078866,"306,567.29",Capital Grants - Private Sector
Department for Education,Core,25/03/2024,Other Costs,Strategic Policy Directorate,Met Office,CORE-PINV-075445,"52,440.00",Research And Development
Department for Education,Core,05/03/2024,Grants Expenditure,Capital Directorate,Portakabin Limited,D-PINV063899,"166,226.58",Current Grants - Academy Trust
Department for Education,Core,11/03/2024,Other Costs,Capital Directorate,Mott Macdonald Limited,D-PINV063785,"51,637.20",Research And Development
Department for Education,Core,19/03/2024,Other Goods and Services,Capital Directorate,Arcadis Llp,D-PINV064274,"103,623.00",Professional Services
Department for Education,Core,19/03/2024,Other Goods and Services,Capital Directorate,Arcadis Llp,D-PINV064273,"97,620.02",Professional Services
Department for Education,Core,01/03/2024,Grants Expenditure,Capital Directorate,Broad Horizons Education Trust,DU00106201,"68,687.73",Capital Grants - Academy Trust
Department for Education,Core,01/03/2024,Grants Expenditure,Capital Directorate,Conisbrough Ivanhoe Primary Academy,DU00106205,"27,448.64",Capital Grants - Academy Trust
Department for Education,Core,01/03/2024,Grants Expenditure,Capital Directorate,Vantage Ce Academies Trust,DU00106206,"51,593.68",Capital Grants - Academy Trust
Department for Education,Core,01/03/2024,Grants Expenditure,Capital Directorate,Pennine Academies Yorkshire,DU00106208,"33,678.10",Capital Grants - Academy Trust
Department for Education,Core,01/03/2024,Grants Expenditure,Capital Directorate,Lincoln Anglican Academy Trust,DU00106211,"43,832.25",Capital Grants - Academy Trust
Department for Education,Core,01/03/2024,Grants Expenditure,Capital Directorate,Lincoln Anglican Academy Trust,DU00106212,"42,685.59",Capital Grants - Academy Trust
Department for Education,Core,01/03/2024,Grants Expenditure,Capital Directorate,Lincoln Anglican Academy Trust,DU00106213,"30,015.01",Capital Grants - Academy Trust
Department for Education,Core,01/03/2024,Grants Expenditure,Capital Directorate,St Cuthbert'S Roman Catholic Academy Trust,DU00106215,"54,169.30",Capital Grants - Academy Trust
Department for Education,Core,01/03/2024,Grants Expenditure,Capital Directorate,E-Act,DU00106222,"46,789.16",Capital Grants - Academy Trust
Department for Education,Core,01/03/2024,Grants Expenditure,Capital Directorate,Ilkley Grammar School,DU00106223,"56,200.96",Capital Grants - Academy Trust
Department for Education,Core,01/03/2024,Grants Expenditure,Capital Directorate,South Gloucestershire Council,DU00106233,"50,911.23",Capital Grants - Academy Trust
Department for Education,Core,01/03/2024,Grants Expenditure,Capital Directorate,Consilium Academies,DU00106238,"49,099.57",Capital Grants - Academy Trust
Department for Education,Core,01/03/2024,Grants Expenditure,Capital Directorate,Consilium Academies,DU00106241,"101,055.27",Capital Grants - Academy Trust
Department for Education,Core,01/03/2024,Grants Expenditure,Capital Directorate,Consilium Academies,DU00106245,"133,544.94",Capital Grants - Academy Trust
Department for Education,Core,01/03/2024,Grants Expenditure,Capital Directorate,Consilium Academies,DU00106247,"74,532.19",Capital Grants - Academy Trust
Department for Education,Core,01/03/2024,Grants Expenditure,Capital Directorate,The Elliot Foundation Academies Trust,DU00106255,"31,314.48",Capital Grants - Academy Trust
Department for Education,Core,01/03/2024,Grants Expenditure,Capital Directorate,Abbey Multi Academy Trust,DU00106258,"58,540.38",Capital Grants - Academy Trust
Department for Education,Core,01/03/2024,Grants Expenditure,Capital Directorate,Carlton Academy Trust,DU00106259,"52,430.00",Capital Grants - Academy Trust
Department for Education,Core,01/03/2024,Grants Expenditure,Capital Directorate,Leading Learners Mat,DU00106261,"25,319.54",Capital Grants - Academy Trust
Department for Education,Core,01/03/2024,Grants Expenditure,Capital Directorate,All Saints Catholic Collegiate,DU00106275,"57,323.84",Capital Grants - Academy Trust
Department for Education,Core,01/03/2024,Grants Expenditure,Capital Directorate,Macmillan Academy,DU00106278,"44,790.11",Capital Grants - Academy Trust
Department for Education,Core,01/03/2024,Grants Expenditure,Capital Directorate,The Two Counties Trust,DU00106281,"56,172.62",Capital Grants - Academy Trust
Department for Education,Core,01/03/2024,Grants Expenditure,Capital Directorate,The Two Counties Trust,DU00106283,"35,403.81",Capital Grants - Academy Trust
Department for Education,Core,01/03/2024,Grants Expenditure,Capital Directorate,The Two Counties Trust,DU00106284,"61,918.59",Capital Grants - Academy Trust
Department for Education,Core,01/03/2024,Grants Expenditure,Capital Directorate,Leger Education Trust,DU00106285,"35,515.51",Capital Grants - Academy Trust
Department for Education,Core,01/03/2024,Grants Expenditure,Capital Directorate,The Link Education Trust,DU00106292,"34,842.60",Capital Grants - Academy Trust
Department for Education,Core,01/03/2024,Grants Expenditure,Capital Directorate,West Park School,DU00106301,"127,916.85",Capital Grants - Academy Trust
Department for Education,Core,01/03/2024,Grants Expenditure,Capital Directorate,Flying High Trust,DU00106302,"43,183.13",Capital Grants - Academy Trust
Department for Education,Core,01/03/2024,Grants Expenditure,Capital Directorate,John Spendluffe Foundation Technology College,DU00106306,"74,343.96",Capital Grants - Academy Trust
Department for Education,Core,01/03/2024,Grants Expenditure,Capital Directorate,The Roseland Multi Academy Trust,DU00106307,"73,110.03",Capital Grants - Academy Trust
Department for Education,Core,01/03/2024,Grants Expenditure,Capital Directorate,The Rowan Learning Trust,DU00106308,"64,603.84",Capital Grants - Academy Trust
Department for Education,Core,01/03/2024,Grants Expenditure,Capital Directorate,Outwood Grange Academies Trust,DU00106310,"166,598.00",Capital Grants - Academy Trust
Department for Education,Core,01/03/2024,Grants Expenditure,Capital Directorate,Anthem Schools Trust,DU00106311,"81,008.80",Capital Grants - Academy Trust
Department for Education,Core,01/03/2024,Grants Expenditure,Capital Directorate,New Collaborative Learning Trust,DU00106312,"122,462.78",Capital Grants - Academy Trust
Department for Education,Core,14/03/2024,Grants Expenditure,Capital Directorate,Greenpark Academy,DU00106319,"29,742.00",Capital Grants - Academy Trust
Department for Education,Core,08/03/2024,Grants Expenditure,Capital Directorate,"Woodside Green, A Share Primary Academy",DU00106327,"34,873.01",Capital Grants - Academy Trust
Department for Education,Core,08/03/2024,Grants Expenditure,Capital Directorate,George White Junior School,DU00106328,"31,255.23",Capital Grants - Academy Trust
Department for Education,Core,08/03/2024,Grants Expenditure,Capital Directorate,Asset Education,DU00106329,"40,254.00",Capital Grants - Academy Trust
Department for Education,Core,08/03/2024,Grants Expenditure,Capital Directorate,Asset Education,DU00106332,"30,211.14",Capital Grants - Academy Trust
Department for Education,Core,08/03/2024,Grants Expenditure,Capital Directorate,Asset Education,DU00106333,"34,641.00",Capital Grants - Academy Trust
Department for Education,Core,08/03/2024,Grants Expenditure,Capital Directorate,Asset Education,DU00106334,"39,079.00",Capital Grants - Academy Trust
Department for Education,Core,08/03/2024,Grants Expenditure,Capital Directorate,St Bart'S Multi Academy Trust,DU00106335,"41,070.22",Capital Grants - Academy Trust
Department for Education,Core,08/03/2024,Grants Expenditure,Capital Directorate,Asset Education,DU00106336,"28,136.00",Capital Grants - Academy Trust
Department for Education,Core,08/03/2024,Grants Expenditure,Capital Directorate,Asset Education,DU00106337,"44,135.00",Capital Grants - Academy Trust
Department for Education,Core,08/03/2024,Grants Expenditure,Capital Directorate,Kings Academy Trust,DU00106338,"25,386.27",Capital Grants - Academy Trust
Department for Education,Core,08/03/2024,Grants Expenditure,Capital Directorate,St Bart'S Multi Academy Trust,DU00106340,"56,022.43",Capital Grants - Academy Trust
Department for Education,Core,08/03/2024,Grants Expenditure,Capital Directorate,Kings Academy Trust,DU00106343,"53,887.00",Capital Grants - Academy Trust
Department for Education,Core,08/03/2024,Grants Expenditure,Capital Directorate,Emmaus Catholic Multi Academy Company,DU00106348,"37,712.93",Capital Grants - Academy Trust
Department for Education,Core,08/03/2024,Grants Expenditure,Capital Directorate,Emmaus Catholic Multi Academy Company,DU00106349,"42,799.31",Capital Grants - Academy Trust
Department for Education,Core,08/03/2024,Grants Expenditure,Capital Directorate,Emmaus Catholic Multi Academy Company,DU00106350,"38,832.01",Capital Grants - Academy Trust
Department for Education,Core,08/03/2024,Grants Expenditure,Capital Directorate,The Shaw Education Trust,DU00106351,"59,099.25",Capital Grants - Academy Trust
Department for Education,Core,08/03/2024,Grants Expenditure,Capital Directorate,Four Cs Mat,DU00106354,"38,054.00",Capital Grants - Academy Trust
Department for Education,Core,08/03/2024,Grants Expenditure,Capital Directorate,Paradigm Trust,DU00106372,"28,483.25",Capital Grants - Academy Trust
Department for Education,Core,08/03/2024,Grants Expenditure,Capital Directorate,Asset Education,DU00106376,"38,640.00",Capital Grants - Academy Trust
Department for Education,Core,08/03/2024,Grants Expenditure,Capital Directorate,Leaf Trust,DU00106379,"44,596.86",Capital Grants - Academy Trust
Department for Education,Core,08/03/2024,Grants Expenditure,Capital Directorate,United Learning Trust,DU00106381,"96,930.34",Capital Grants - Academy Trust
Department for Education,Core,08/03/2024,Grants Expenditure,Capital Directorate,Leaf Trust,DU00106382,"65,552.16",Capital Grants - Academy Trust
Department for Education,Core,08/03/2024,Grants Expenditure,Capital Directorate,Outwood Grange Academies Trust,DU00106384,"105,820.00",Capital Grants - Academy Trust
Department for Education,Core,08/03/2024,Grants Expenditure,Capital Directorate,Sapientia Education Trust,DU00106388,"31,837.23",Capital Grants - Academy Trust
Department for Education,Core,08/03/2024,Grants Expenditure,Capital Directorate,Yorkshire Causeway Schools Trust,DU00106389,"38,553.12",Capital Grants - Academy Trust
Department for Education,Core,08/03/2024,Grants Expenditure,Capital Directorate,Sapientia Education Trust,DU00106396,"25,194.44",Capital Grants - Academy Trust
Department for Education,Core,08/03/2024,Grants Expenditure,Capital Directorate,Paradigm Trust,DU00106405,"31,798.99",Capital Grants - Academy Trust
Department for Education,Core,08/03/2024,Grants Expenditure,Capital Directorate,The Diamond Learning Partnership Trust,DU00106407,"41,758.34",Capital Grants - Academy Trust
Department for Education,Core,08/03/2024,Grants Expenditure,Capital Directorate,The Rivers C Of E Multi Academy Trust,DU00106409,"29,547.16",Capital Grants - Academy Trust
Department for Education,Core,08/03/2024,Grants Expenditure,Capital Directorate,Creative Education Trust,DU00106416,"90,249.19",Capital Grants - Academy Trust
Department for Education,Core,08/03/2024,Grants Expenditure,Capital Directorate,Creative Education Trust,DU00106423,"87,738.50",Capital Grants - Academy Trust
Department for Education,Core,08/03/2024,Grants Expenditure,Capital Directorate,The Bath And Wells Diocesan Academies Trust,DU00106425,"27,156.78",Capital Grants - Academy Trust
Department for Education,Core,08/03/2024,Grants Expenditure,Capital Directorate,Creative Education Trust,DU00106426,"87,984.76",Capital Grants - Academy Trust
Department for Education,Core,08/03/2024,Grants Expenditure,Capital Directorate,The Laurus Trust,DU00106429,"120,757.45",Capital Grants - Academy Trust
Department for Education,Core,20/03/2024,Grants Expenditure,Capital Directorate,The Rowan Learning Trust,DU00106464,"63,771.89",Capital Grants - Academy Trust
Department for Education,Core,15/03/2024,Grants Expenditure,Capital Directorate,Dales Academies Trust,DU00106475,"49,252.97",Capital Grants - Academy Trust
Department for Education,Core,15/03/2024,Grants Expenditure,Capital Directorate,Little Lever School,DU00106478,"28,285.04",Capital Grants - Academy Trust
Department for Education,Core,15/03/2024,Grants Expenditure,Capital Directorate,The First Federation Trust,DU00106485,"32,815.03",Capital Grants - Academy Trust
Department for Education,Core,15/03/2024,Grants Expenditure,Capital Directorate,Futura Learning Partnership,DU00106505,"31,529.48",Capital Grants - Academy Trust
Department for Education,Core,15/03/2024,Grants Expenditure,Capital Directorate,Warrington Primary Academy Trust,DU00106506,"26,922.00",Capital Grants - Academy Trust
Department for Education,Core,15/03/2024,Grants Expenditure,Capital Directorate,The Hayfield School,DU00106507,"100,859.14",Capital Grants - Academy Trust
Department for Education,Core,15/03/2024,Grants Expenditure,Capital Directorate,The Great Schools Trust,DU00106510,"28,600.64",Capital Grants - Academy Trust
Department for Education,Core,15/03/2024,Grants Expenditure,Capital Directorate,United Learning Trust,DU00106511,"45,642.60",Capital Grants - Academy Trust
Department for Education,Core,15/03/2024,Grants Expenditure,Capital Directorate,Wise Academies,DU00106512,"40,409.24",Capital Grants - Academy Trust
Department for Education,Core,15/03/2024,Grants Expenditure,Capital Directorate,Xp School Trust Limited,DU00106514,"30,104.94",Capital Grants - Academy Trust
Department for Education,Core,15/03/2024,Grants Expenditure,Capital Directorate,Xp School Trust Limited,DU00106515,"31,965.17",Capital Grants - Academy Trust
Department for Education,Core,15/03/2024,Grants Expenditure,Capital Directorate,Futura Learning Partnership,DU00106517,"27,173.39",Capital Grants - Academy Trust
Department for Education,Core,15/03/2024,Grants Expenditure,Capital Directorate,Windsor Academy Trust,DU00106522,"64,785.68",Capital Grants - Academy Trust
Department for Education,Core,15/03/2024,Grants Expenditure,Capital Directorate,King'S Group Academies,DU00106526,"28,505.77",Capital Grants - Academy Trust
Department for Education,Core,15/03/2024,Grants Expenditure,Capital Directorate,Abbey Multi Academy Trust,DU00106530,"31,721.48",Capital Grants - Academy Trust
Department for Education,Core,15/03/2024,Grants Expenditure,Capital Directorate,Kings Academy Trust,DU00106531,"28,246.00",Capital Grants - Academy Trust
Department for Education,Core,15/03/2024,Grants Expenditure,Capital Directorate,Leaf Trust,DU00106540,"35,963.29",Capital Grants - Academy Trust
Department for Education,Core,15/03/2024,Grants Expenditure,Capital Directorate,United Learning Trust,DU00106544,"39,373.98",Capital Grants - Academy Trust
Department for Education,Core,15/03/2024,Grants Expenditure,Capital Directorate,Sexey'S School,DU00106545,"27,236.59",Capital Grants - Academy Trust
Department for Education,Core,15/03/2024,Grants Expenditure,Capital Directorate,Xp School Trust Limited,DU00106551,"41,003.36",Capital Grants - Academy Trust
Department for Education,Core,15/03/2024,Grants Expenditure,Capital Directorate,Gladstone Primary Academy,DU00106552,"29,358.61",Capital Grants - Academy Trust
Department for Education,Core,15/03/2024,Grants Expenditure,Capital Directorate,Xp School Trust Limited,DU00106555,"38,628.31",Capital Grants - Academy Trust
Department for Education,Core,15/03/2024,Grants Expenditure,Capital Directorate,Lion Academy Trust,DU00106570,"34,601.59",Capital Grants - Academy Trust
Department for Education,Core,15/03/2024,Grants Expenditure,Capital Directorate,East Midlands Education Trust,DU00106571,"30,582.00",Capital Grants - Academy Trust
Department for Education,Core,15/03/2024,Grants Expenditure,Capital Directorate,Lion Academy Trust,DU00106572,"31,896.60",Capital Grants - Academy Trust
Department for Education,Core,15/03/2024,Grants Expenditure,Capital Directorate,Lion Academy Trust,DU00106573,"32,223.26",Capital Grants - Academy Trust
Department for Education,Core,15/03/2024,Grants Expenditure,Capital Directorate,Lion Academy Trust,DU00106574,"32,408.27",Capital Grants - Academy Trust
Department for Education,Core,15/03/2024,Grants Expenditure,Capital Directorate,Castleford Academy Trust,DU00106577,"26,541.24",Capital Grants - Academy Trust
Department for Education,Core,15/03/2024,Grants Expenditure,Capital Directorate,Our Lady Immaculate Catholic Academies Trust,DU00106578,"26,582.00",Capital Grants - Academy Trust
Department for Education,Core,15/03/2024,Grants Expenditure,Capital Directorate,Our Lady Immaculate Catholic Academies Trust,DU00106580,"42,590.00",Capital Grants - Academy Trust
Department for Education,Core,15/03/2024,Grants Expenditure,Capital Directorate,Olive Academies,DU00106582,"35,576.00",Capital Grants - Academy Trust
Department for Education,Core,15/03/2024,Grants Expenditure,Capital Directorate,Ashlands Primary School,DU00106584,"38,355.30",Capital Grants - Academy Trust
Department for Education,Core,15/03/2024,Grants Expenditure,Capital Directorate,Olive Academies,DU00106585,"25,520.00",Capital Grants - Academy Trust
Department for Education,Core,15/03/2024,Grants Expenditure,Capital Directorate,Diverse Academies Trust,DU00106586,"62,977.56",Capital Grants - Academy Trust
Department for Education,Core,15/03/2024,Grants Expenditure,Capital Directorate,Hull Collaborative Academy Trust,DU00106587,"70,358.53",Capital Grants - Academy Trust
Department for Education,Core,15/03/2024,Grants Expenditure,Capital Directorate,Bellerive Fcj Catholic College,DU00106589,"112,955.70",Capital Grants - Academy Trust
Department for Education,Core,15/03/2024,Grants Expenditure,Capital Directorate,Windsor Academy Trust,DU00106595,"27,684.67",Capital Grants - Academy Trust
Department for Education,Core,15/03/2024,Grants Expenditure,Capital Directorate,Whitfield Valley Primary Academy,DU00106597,"26,315.74",Capital Grants - Academy Trust
Department for Education,Core,15/03/2024,Grants Expenditure,Capital Directorate,Lees Primary School,DU00106604,"39,644.83",Capital Grants - Academy Trust
Department for Education,Core,15/03/2024,Grants Expenditure,Capital Directorate,Brunel Academies Trust,DU00106610,"54,756.88",Capital Grants - Academy Trust
Department for Education,Core,22/03/2024,Grants Expenditure,Capital Directorate,Woodfield School ,DU00106614,"102,237.84",Capital Grants - Academy Trust
Department for Education,Core,15/03/2024,Grants Expenditure,Capital Directorate,Blessed Christopher Wharton Catholic Academy Trust,DU00106621,"198,405.59",Capital Grants - Academy Trust
Department for Education,Core,15/03/2024,Grants Expenditure,Capital Directorate,Changing Lives In Collaboration,DU00106623,"56,698.25",Capital Grants - Academy Trust
Department for Education,Core,15/03/2024,Grants Expenditure,Capital Directorate,The Co-Operative Academies Trust,DU00106624,"46,119.09",Capital Grants - Academy Trust
Department for Education,Core,15/03/2024,Grants Expenditure,Capital Directorate,Aspirations Academies Trust,DU00106625,"170,495.62",Capital Grants - Academy Trust
Department for Education,Core,15/03/2024,Grants Expenditure,Capital Directorate,The Sabden Multi Academy Trust,DU00106627,"52,166.00",Capital Grants - Academy Trust
Department for Education,Core,15/03/2024,Grants Expenditure,Capital Directorate,Aspirations Academies Trust,DU00106628,"90,103.00",Capital Grants - Academy Trust
Department for Education,Core,15/03/2024,Grants Expenditure,Capital Directorate,Roseacre Primary Academy,DU00106629,"83,927.58",Capital Grants - Academy Trust
Department for Education,Core,15/03/2024,Grants Expenditure,Capital Directorate,The Co-Operative Academies Trust,DU00106630,"46,979.17",Capital Grants - Academy Trust
Department for Education,Core,15/03/2024,Grants Expenditure,Capital Directorate,University Technical College Leeds,DU00106631,"75,808.96",Capital Grants - Academy Trust
Department for Education,Core,15/03/2024,Grants Expenditure,Capital Directorate,Tove Learning Trust,DU00106632,"86,634.94",Capital Grants - Academy Trust
Department for Education,Core,15/03/2024,Grants Expenditure,Capital Directorate,Outwood Grange Academies Trust,DU00106633,"105,830.00",Capital Grants - Academy Trust
Department for Education,Core,15/03/2024,Grants Expenditure,Capital Directorate,United Learning Trust,DU00106634,"91,396.72",Capital Grants - Academy Trust
Department for Education,Core,15/03/2024,Grants Expenditure,Capital Directorate,All Saints Academy Dunstable,DU00106635,"88,331.76",Capital Grants - Academy Trust
Department for Education,Core,15/03/2024,Grants Expenditure,Capital Directorate,The Co-Operative Academies Trust,DU00106636,"43,785.91",Capital Grants - Academy Trust
Department for Education,Core,15/03/2024,Grants Expenditure,Capital Directorate,Leaf Trust,DU00106637,"37,147.55",Capital Grants - Academy Trust
Department for Education,Core,15/03/2024,Grants Expenditure,Capital Directorate,Warrington Primary Academy Trust,DU00106638,"31,919.00",Capital Grants - Academy Trust
Department for Education,Core,15/03/2024,Grants Expenditure,Capital Directorate,Activate Learning Education Trust,DU00106642,"48,842.53",Capital Grants - Academy Trust
Department for Education,Core,15/03/2024,Grants Expenditure,Capital Directorate,United Learning Trust,DU00106643,"90,858.25",Capital Grants - Academy Trust
Department for Education,Core,15/03/2024,Grants Expenditure,Capital Directorate,Castle School Education Trust,DU00106644,"90,293.72",Capital Grants - Academy Trust
Department for Education,Core,15/03/2024,Grants Expenditure,Capital Directorate,United Learning Trust,DU00106645,"125,354.25",Capital Grants - Academy Trust
Department for Education,Core,15/03/2024,Grants Expenditure,Capital Directorate,Feversham Girls' Academy,DU00106647,"120,371.31",Capital Grants - Academy Trust
Department for Education,Core,15/03/2024,Grants Expenditure,Capital Directorate,Rainhill High School,DU00106648,"99,087.06",Capital Grants - Academy Trust
Department for Education,Core,15/03/2024,Grants Expenditure,Capital Directorate,Cockburn Multi Academy Trust,DU00106651,"44,964.75",Capital Grants - Academy Trust
Department for Education,Core,27/03/2024,Grants Expenditure,Capital Directorate,The Bishop Konstant Catholic Academy Trust,DU00107367,"42,458.92",Capital Grants - Academy Trust
Department for Education,Core,22/03/2024,Grants Expenditure,Capital Directorate,The Liverpool Joint Catholic Cofe Academies Trust,DU00107369,"109,213.90",Capital Grants - Academy Trust
Department for Education,Core,22/03/2024,Grants Expenditure,Capital Directorate,Anglian Learning,DU00107372,"150,935.37",Capital Grants - Academy Trust
Department for Education,Core,22/03/2024,Grants Expenditure,Capital Directorate,Anglian Learning,DU00107373,"110,427.69",Capital Grants - Academy Trust
Department for Education,Core,22/03/2024,Grants Expenditure,Capital Directorate,Derby Diocesan Academy Trust 2,DU00107376,"35,818.57",Capital Grants - Academy Trust
Department for Education,Core,22/03/2024,Grants Expenditure,Capital Directorate,Inspire Education Trust,DU00107381,"61,004.70",Capital Grants - Academy Trust
Department for Education,Core,22/03/2024,Grants Expenditure,Capital Directorate,St Bart'S Multi Academy Trust,DU00107384,"27,355.79",Capital Grants - Academy Trust
Department for Education,Core,22/03/2024,Grants Expenditure,Capital Directorate,Focus Academy Trust (Uk) Ltd,DU00107396,"56,409.40",Capital Grants - Academy Trust
Department for Education,Core,22/03/2024,Grants Expenditure,Capital Directorate,Mousehold Infant And Nursery School,DU00107402,"37,213.65",Capital Grants - Academy Trust
Department for Education,Core,22/03/2024,Grants Expenditure,Capital Directorate,Ambitions Academies Trust,DU00107405,"71,498.96",Capital Grants - Academy Trust
Department for Education,Core,22/03/2024,Grants Expenditure,Capital Directorate,Odyssey Collaborative Trust,DU00107421,"26,143.21",Capital Grants - Academy Trust
Department for Education,Core,22/03/2024,Grants Expenditure,Capital Directorate,Redhill Academy Trust,DU00107430,"28,263.10",Capital Grants - Academy Trust
Department for Education,Core,22/03/2024,Grants Expenditure,Capital Directorate,Redhill Academy Trust,DU00107438,"71,112.21",Capital Grants - Academy Trust
Department for Education,Core,22/03/2024,Grants Expenditure,Capital Directorate,Redhill Academy Trust,DU00107439,"47,301.62",Capital Grants - Academy Trust
Department for Education,Core,22/03/2024,Grants Expenditure,Capital Directorate,Fylde Coast Academy Trust,DU00107443,"25,006.40",Capital Grants - Academy Trust
Department for Education,Core,22/03/2024,Grants Expenditure,Capital Directorate,The Consortium Multi-Academy Trust,DU00107451,"54,863.96",Capital Grants - Academy Trust
Department for Education,Core,22/03/2024,Grants Expenditure,Capital Directorate,Redhill Academy Trust,DU00107452,"30,254.66",Capital Grants - Academy Trust
Department for Education,Core,22/03/2024,Grants Expenditure,Capital Directorate,Lingfield Education Trust,DU00107456,"53,831.53",Capital Grants - Academy Trust
Department for Education,Core,22/03/2024,Grants Expenditure,Capital Directorate,Saint Edmund Arrowsmith Catholic Academy,DU00107468,"101,605.44",Capital Grants - Academy Trust
Department for Education,Core,22/03/2024,Grants Expenditure,Capital Directorate,Focus Academy Trust (Uk) Ltd,DU00107470,"36,938.08",Capital Grants - Academy Trust
Department for Education,Core,22/03/2024,Grants Expenditure,Capital Directorate,Lincolnshire Gateway Academies Trust,DU00107475,"73,077.09",Capital Grants - Academy Trust
Department for Education,Core,22/03/2024,Grants Expenditure,Capital Directorate,Ocklynge Junior School,DU00107478,"30,515.70",Capital Grants - Academy Trust
Department for Education,Core,22/03/2024,Grants Expenditure,Capital Directorate,St Ralph Sherwin Catholic Multi Academy Trust,DU00107483,"94,127.06",Capital Grants - Academy Trust
Department for Education,Core,22/03/2024,Grants Expenditure,Capital Directorate,Lipa Primary And High School,DU00107487,"41,854.60",Capital Grants - Academy Trust
Department for Education,Core,22/03/2024,Grants Expenditure,Capital Directorate,Lipa Sixth Form College,DU00107490,"44,069.50",Capital Grants - Academy Trust
Department for Education,Core,22/03/2024,Grants Expenditure,Capital Directorate,The Fen Rivers Academy,DU00107492,"44,421.84",Capital Grants - Academy Trust
Department for Education,Core,22/03/2024,Grants Expenditure,Capital Directorate,Archway Learning Trust,DU00107497,"28,897.00",Capital Grants - Academy Trust
Department for Education,Core,22/03/2024,Grants Expenditure,Capital Directorate,Bolton St Catherine'S Academy,DU00107498,"69,918.81",Capital Grants - Academy Trust
Department for Education,Core,22/03/2024,Grants Expenditure,Capital Directorate,Archway Learning Trust,DU00107499,"32,560.00",Capital Grants - Academy Trust
Department for Education,Core,22/03/2024,Grants Expenditure,Capital Directorate,Archway Learning Trust,DU00107501,"64,944.00",Capital Grants - Academy Trust
Department for Education,Core,22/03/2024,Grants Expenditure,Capital Directorate,Archway Learning Trust,DU00107502,"48,026.00",Capital Grants - Academy Trust
Department for Education,Core,22/03/2024,Grants Expenditure,Capital Directorate,Castle Phoenix Trust,DU00107505,"33,966.52",Capital Grants - Academy Trust
Department for Education,Core,22/03/2024,Grants Expenditure,Capital Directorate,Our Lady Of Lourdes Catholic Multi-Academy Trust,DU00107508,"32,429.77",Capital Grants - Academy Trust
Department for Education,Core,22/03/2024,Grants Expenditure,Capital Directorate,The Shaw Education Trust,DU00107516,"28,144.00",Capital Grants - Academy Trust
Department for Education,Core,22/03/2024,Grants Expenditure,Capital Directorate,Penrose Learning Trust,DU00107517,"26,616.42",Capital Grants - Academy Trust
Department for Education,Core,22/03/2024,Grants Expenditure,Capital Directorate,Sandon Primary Academy,DU00107518,"42,634.53",Capital Grants - Academy Trust
Department for Education,Core,22/03/2024,Grants Expenditure,Capital Directorate,Harbour Learning Trust,DU00107519,"40,278.49",Capital Grants - Academy Trust
Department for Education,Core,22/03/2024,Grants Expenditure,Capital Directorate,The Cam Academy Trust,DU00107520,"57,961.44",Capital Grants - Academy Trust
Department for Education,Core,22/03/2024,Grants Expenditure,Capital Directorate,Harbour Learning Trust,DU00107521,"42,321.81",Capital Grants - Academy Trust
Department for Education,Core,22/03/2024,Grants Expenditure,Capital Directorate,Thurlton Primary School,DU00107526,"55,477.97",Capital Grants - Academy Trust
Department for Education,Core,22/03/2024,Grants Expenditure,Capital Directorate,Shireland Collegiate Academy Trust,DU00107527,"88,738.00",Capital Grants - Academy Trust
Department for Education,Core,22/03/2024,Grants Expenditure,Capital Directorate,Shireland Collegiate Academy Trust,DU00107528,"40,672.05",Capital Grants - Academy Trust
Department for Education,Core,28/03/2024,Grants Expenditure,Capital Directorate,Northern Education Trust,DU00107693,"91,406.00",Capital Grants - Academy Trust
Department for Education,Core,28/03/2024,Grants Expenditure,Capital Directorate,Macmillan Academy,DU00107700,"60,464.01",Capital Grants - Academy Trust
Department for Education,Core,28/03/2024,Grants Expenditure,Capital Directorate,Esteem Multi-Academy Trust,DU00107701,"40,006.68",Capital Grants - Academy Trust
Department for Education,Core,28/03/2024,Grants Expenditure,Capital Directorate,Esteem Multi-Academy Trust,DU00107702,"34,870.16",Capital Grants - Academy Trust
Department for Education,Core,28/03/2024,Grants Expenditure,Capital Directorate,The Shaw Education Trust,DU00107704,"59,210.21",Capital Grants - Academy Trust
Department for Education,Core,28/03/2024,Grants Expenditure,Capital Directorate,Staploe Education Trust,DU00107706,"27,711.34",Capital Grants - Academy Trust
Department for Education,Core,28/03/2024,Grants Expenditure,Capital Directorate,Staploe Education Trust,DU00107713,"106,754.64",Capital Grants - Academy Trust
Department for Education,Core,28/03/2024,Grants Expenditure,Capital Directorate,Inmat,DU00107715,"30,748.44",Capital Grants - Academy Trust
Department for Education,Core,28/03/2024,Grants Expenditure,Capital Directorate,Staploe Education Trust,DU00107717,"47,100.84",Capital Grants - Academy Trust
Department for Education,Core,28/03/2024,Grants Expenditure,Capital Directorate,Busill Jones Primary School,DU00107719,"33,237.58",Capital Grants - Academy Trust
Department for Education,Core,28/03/2024,Grants Expenditure,Capital Directorate,The Shared Learning Trust,DU00107723,"121,161.29",Capital Grants - Academy Trust
Department for Education,Core,28/03/2024,Grants Expenditure,Capital Directorate,Ambitions Academies Trust,DU00107724,"36,323.58",Capital Grants - Academy Trust
Department for Education,Core,28/03/2024,Grants Expenditure,Capital Directorate,The Skipton Academy,DU00107729,"34,286.73",Capital Grants - Academy Trust
Department for Education,Core,28/03/2024,Grants Expenditure,Capital Directorate,Woodard Academies Trust,DU00107731,"45,809.08",Capital Grants - Academy Trust
Department for Education,Core,28/03/2024,Grants Expenditure,Capital Directorate,St Thomas Catholic Academies Trust,DU00107741,"33,052.80",Capital Grants - Academy Trust
Department for Education,Core,28/03/2024,Grants Expenditure,Capital Directorate,Hollington Primary Academy,DU00107761,"31,257.66",Capital Grants - Academy Trust
Department for Education,Core,28/03/2024,Grants Expenditure,Capital Directorate,Harbour Learning Trust,DU00107763,"42,507.50",Capital Grants - Academy Trust
Department for Education,Core,28/03/2024,Grants Expenditure,Capital Directorate,Learners Trust,DU00107778,"25,119.98",Capital Grants - Academy Trust
Department for Education,Core,28/03/2024,Grants Expenditure,Capital Directorate,Saxon Mount School,DU00107781,"35,001.75",Capital Grants - Academy Trust
Department for Education,Core,28/03/2024,Grants Expenditure,Capital Directorate,University Of Brighton Academies Trust,DU00107789,"29,435.42",Capital Grants - Academy Trust
Department for Education,Core,28/03/2024,Grants Expenditure,Capital Directorate,Northern Education Trust,DU00107798,"93,684.31",Capital Grants - Academy Trust
Department for Education,Core,28/03/2024,Grants Expenditure,Capital Directorate,Xp School Trust Limited,DU00107808,"46,485.08",Capital Grants - Academy Trust
Department for Education,Core,28/03/2024,Grants Expenditure,Capital Directorate,Unity Schools Partnership,DU00107809,"30,850.00",Capital Grants - Academy Trust
Department for Education,Core,28/03/2024,Grants Expenditure,Capital Directorate,Tonge Moor Primary Academy,DU00107810,"28,961.02",Capital Grants - Academy Trust
Department for Education,Core,28/03/2024,Grants Expenditure,Capital Directorate,Exceed Academies Trust,DU00107812,"37,985.00",Capital Grants - Academy Trust
Department for Education,Core,28/03/2024,Grants Expenditure,Capital Directorate,Watergrove Trust,DU00107813,"46,715.51",Capital Grants - Academy Trust
Department for Education,Core,28/03/2024,Grants Expenditure,Capital Directorate,Watergrove Trust,DU00107814,"29,590.33",Capital Grants - Academy Trust
Department for Education,Core,28/03/2024,Grants Expenditure,Capital Directorate,Watergrove Trust,DU00107815,"35,250.18",Capital Grants - Academy Trust
Department for Education,Core,28/03/2024,Grants Expenditure,Capital Directorate,Watergrove Trust,DU00107816,"53,653.02",Capital Grants - Academy Trust
Department for Education,Core,28/03/2024,Grants Expenditure,Capital Directorate,Alder Tree Primary Academy,DU00107817,"42,346.50",Capital Grants - Academy Trust
Department for Education,Core,28/03/2024,Grants Expenditure,Capital Directorate,Vantage Ce Academies Trust,DU00107818,"40,521.23",Capital Grants - Academy Trust
Department for Education,Core,28/03/2024,Grants Expenditure,Capital Directorate,Tennyson Learning Community,DU00107819,"56,880.92",Capital Grants - Academy Trust
Department for Education,Core,28/03/2024,Grants Expenditure,Capital Directorate,Vantage Ce Academies Trust,DU00107820,"36,235.84",Capital Grants - Academy Trust
Department for Education,Core,28/03/2024,Grants Expenditure,Capital Directorate,Embark Multi Academy Trust,DU00107822,"27,925.11",Capital Grants - Academy Trust
Department for Education,Core,28/03/2024,Grants Expenditure,Capital Directorate,Thomas Telford Multi Academy Trust,DU00107823,"116,258.77",Capital Grants - Academy Trust
Department for Education,Core,28/03/2024,Grants Expenditure,Capital Directorate,Embark Multi Academy Trust,DU00107824,"25,015.56",Capital Grants - Academy Trust
Department for Education,Core,28/03/2024,Grants Expenditure,Capital Directorate,Highworth Warneford School,DU00107826,"74,536.65",Capital Grants - Academy Trust
Department for Education,Core,28/03/2024,Grants Expenditure,Capital Directorate,E-Act,DU00107827,"39,635.92",Capital Grants - Academy Trust
Department for Education,Core,28/03/2024,Grants Expenditure,Capital Directorate,E-Act,DU00107828,"39,854.79",Capital Grants - Academy Trust
Department for Education,Core,28/03/2024,Grants Expenditure,Capital Directorate,Seva School,DU00107829,"88,413.52",Capital Grants - Academy Trust
Department for Education,Core,28/03/2024,Grants Expenditure,Capital Directorate,Watergrove Trust,DU00107832,"41,218.02",Capital Grants - Academy Trust
Department for Education,Core,28/03/2024,Grants Expenditure,Capital Directorate,Cornwall Education Learning Trust,DU00107838,"26,314.63",Capital Grants - Academy Trust
Department for Education,Core,28/03/2024,Grants Expenditure,Capital Directorate,Whitemoor Academy (Primary And Nursery),DU00107839,"66,047.21",Capital Grants - Academy Trust
Department for Education,Core,28/03/2024,Grants Expenditure,Capital Directorate,Shireland Collegiate Academy Trust,DU00107840,"63,320.19",Capital Grants - Academy Trust
Department for Education,Core,28/03/2024,Grants Expenditure,Capital Directorate,Leading Learners Mat,DU00107842,"30,026.75",Capital Grants - Academy Trust
Department for Education,Core,28/03/2024,Grants Expenditure,Capital Directorate,Shireland Collegiate Academy Trust,DU00107843,"78,738.14",Capital Grants - Academy Trust
Department for Education,Core,28/03/2024,Grants Expenditure,Capital Directorate,Shireland Collegiate Academy Trust,DU00107846,"34,993.93",Capital Grants - Academy Trust
Department for Education,Core,28/03/2024,Grants Expenditure,Capital Directorate,The Crompton House Church Of England Academy,DU00107847,"46,019.91",Capital Grants - Academy Trust
Department for Education,Core,28/03/2024,Grants Expenditure,Capital Directorate,Allerton Bywater Primary School,DU00107849,"27,880.29",Capital Grants - Academy Trust
Department for Education,Core,28/03/2024,Grants Expenditure,Capital Directorate,Embark Multi Academy Trust,DU00107850,"40,305.51",Capital Grants - Academy Trust
Department for Education,Core,28/03/2024,Grants Expenditure,Capital Directorate,The Laidlaw Schools Trust,DU00107856,"48,322.57",Capital Grants - Academy Trust
Department for Education,Core,28/03/2024,Grants Expenditure,Capital Directorate,The Education Village Academy Trust,DU00107857,"26,623.86",Capital Grants - Academy Trust
Department for Education,Core,28/03/2024,Grants Expenditure,Capital Directorate,The Shaw Education Trust,DU00107860,"73,596.42",Capital Grants - Academy Trust
Department for Education,Core,28/03/2024,Grants Expenditure,Capital Directorate,Nicholas Postgate Academy Trust,DU00107861,"150,571.04",Capital Grants - Academy Trust
Department for Education,Core,28/03/2024,Grants Expenditure,Capital Directorate,Eden Learning Trust,DU00107862,"92,569.51",Capital Grants - Academy Trust
Department for Education,Core,28/03/2024,Grants Expenditure,Capital Directorate,The Crompton House Church Of England Academy,DU00107863,"68,828.27",Capital Grants - Academy Trust
Department for Education,Core,28/03/2024,Grants Expenditure,Capital Directorate,All Saints Inter-Church Academy,DU00107864,"38,620.28",Capital Grants - Academy Trust
Department for Education,Core,28/03/2024,Grants Expenditure,Capital Directorate,Allestree Woodlands School,DU00107865,"46,051.98",Capital Grants - Academy Trust
Department for Education,Core,28/03/2024,Grants Expenditure,Capital Directorate,Diocese Of Salisbury Multi Academy Trust,DU00107866,"28,369.25",Capital Grants - Academy Trust
Department for Education,Core,28/03/2024,Grants Expenditure,Capital Directorate,Ocker Hill Academy,DU00107867,"32,385.20",Capital Grants - Academy Trust
Department for Education,Core,28/03/2024,Grants Expenditure,Capital Directorate,"Hope Learning Trust, York",DU00107871,"53,958.72",Capital Grants - Academy Trust
Department for Education,Core,28/03/2024,Grants Expenditure,Capital Directorate,Manor Hall Academy Trust,DU00107874,"54,979.58",Capital Grants - Academy Trust
Department for Education,Core,28/03/2024,Grants Expenditure,Capital Directorate,The Shaw Education Trust,DU00107879,"90,080.69",Capital Grants - Academy Trust
Department for Education,Core,28/03/2024,Grants Expenditure,Capital Directorate,Northern Star Academies Trust,DU00107910,"51,049.80",Capital Grants - Academy Trust
Department for Education,Core,28/03/2024,Grants Expenditure,Capital Directorate,Northern Star Academies Trust,DU00107912,"47,458.15",Capital Grants - Academy Trust
Department for Education,Core,01/03/2024,Grants Expenditure,Capital Directorate,Rotherham Borough Council,DU00106198,"26,645.50",Capital Grants - Local Government
Department for Education,Core,01/03/2024,Grants Expenditure,Capital Directorate,Cambridgeshire County Council,DU00106204,"33,580.45",Capital Grants - Local Government
Department for Education,Core,01/03/2024,Grants Expenditure,Capital Directorate,Halton Borough Council,DU00106217,"27,280.72",Capital Grants - Local Government
Department for Education,Core,01/03/2024,Grants Expenditure,Capital Directorate,Leeds Diocesan Board Of Finance,DU00106224,"26,233.81",Capital Grants - Local Government
Department for Education,Core,01/03/2024,Grants Expenditure,Capital Directorate,Sandwell Metro Borough Council,DU00106237,"55,762.59",Capital Grants - Local Government
Department for Education,Core,01/03/2024,Grants Expenditure,Capital Directorate,St Albans Diocesan Board Of Finance,DU00106251,"30,493.73",Capital Grants - Local Government
Department for Education,Core,01/03/2024,Grants Expenditure,Capital Directorate,Derby Diocesan Board Of Education,DU00106253,"32,395.43",Capital Grants - Local Government
Department for Education,Core,01/03/2024,Grants Expenditure,Capital Directorate,Archdiocese Of Liverpool,DU00106257,"40,535.12",Capital Grants - Local Government
Department for Education,Core,01/03/2024,Grants Expenditure,Capital Directorate,Tameside Metro Borough Council,DU00106260,"29,379.00",Capital Grants - Local Government
Department for Education,Core,01/03/2024,Grants Expenditure,Capital Directorate,Knowsley Metro Borough Council,DU00106264,"46,083.97",Capital Grants - Local Government
Department for Education,Core,01/03/2024,Grants Expenditure,Capital Directorate,Norfolk County Council,DU00106266,"30,491.42",Capital Grants - Local Government
Department for Education,Core,01/03/2024,Grants Expenditure,Capital Directorate,Nottingham City Council,DU00106267,"51,042.35",Capital Grants - Local Government
Department for Education,Core,01/03/2024,Grants Expenditure,Capital Directorate,Derbyshire County Council,DU00106268,"39,821.31",Capital Grants - Local Government
Department for Education,Core,01/03/2024,Grants Expenditure,Capital Directorate,Sandwell Metro Borough Council,DU00106270,"33,945.32",Capital Grants - Local Government
Department for Education,Core,01/03/2024,Grants Expenditure,Capital Directorate,South Gloucestershire Council,DU00106272,"35,536.84",Capital Grants - Local Government
Department for Education,Core,01/03/2024,Grants Expenditure,Capital Directorate,Walsall Metro Borough Council,DU00106277,"35,035.98",Capital Grants - Local Government
Department for Education,Core,01/03/2024,Grants Expenditure,Capital Directorate,Nottingham City Council,DU00106280,"47,595.98",Capital Grants - Local Government
Department for Education,Core,01/03/2024,Grants Expenditure,Capital Directorate,Sandwell Metro Borough Council,DU00106282,"28,292.47",Capital Grants - Local Government
Department for Education,Core,01/03/2024,Grants Expenditure,Capital Directorate,Bradford City Council,DU00106287,"53,166.60",Capital Grants - Local Government
Department for Education,Core,01/03/2024,Grants Expenditure,Capital Directorate,Nottingham City Council,DU00106305,"80,609.99",Capital Grants - Local Government
Department for Education,Core,08/03/2024,Grants Expenditure,Capital Directorate,Luton Borough Council,DU00106322,"26,897.84",Capital Grants - Local Government
Department for Education,Core,08/03/2024,Grants Expenditure,Capital Directorate,Derby City Council,DU00106342,"27,494.51",Capital Grants - Local Government
Department for Education,Core,08/03/2024,Grants Expenditure,Capital Directorate,Diocese Of Salford,DU00106344,"36,024.00",Capital Grants - Local Government
Department for Education,Core,08/03/2024,Grants Expenditure,Capital Directorate,Walsall Metro Borough Council,DU00106346,"30,136.07",Capital Grants - Local Government
Department for Education,Core,08/03/2024,Grants Expenditure,Capital Directorate,Diocese Of Hallam Schools Payment Account,DU00106352,"61,660.85",Capital Grants - Local Government
Department for Education,Core,08/03/2024,Grants Expenditure,Capital Directorate,Salford City Council,DU00106356,"34,746.25",Capital Grants - Local Government
Department for Education,Core,08/03/2024,Grants Expenditure,Capital Directorate,Derby City Council,DU00106362,"45,890.22",Capital Grants - Local Government
Department for Education,Core,08/03/2024,Grants Expenditure,Capital Directorate,Sandwell Metro Borough Council,DU00106385,"31,597.00",Capital Grants - Local Government
Department for Education,Core,08/03/2024,Grants Expenditure,Capital Directorate,Derby City Council,DU00106392,"113,120.76",Capital Grants - Local Government
Department for Education,Core,08/03/2024,Grants Expenditure,Capital Directorate,Salford City Council,DU00106408,"32,575.00",Capital Grants - Local Government
Department for Education,Core,08/03/2024,Grants Expenditure,Capital Directorate,Manchester Diocesan Board Of Education,DU00106424,"70,524.94",Capital Grants - Local Government
Department for Education,Core,08/03/2024,Grants Expenditure,Capital Directorate,Bradford City Council,DU00106428,"48,830.72",Capital Grants - Local Government
Department for Education,Core,08/03/2024,Grants Expenditure,Capital Directorate,Walsall Metro Borough Council,DU00106457,"37,362.33",Capital Grants - Local Government
Department for Education,Core,08/03/2024,Grants Expenditure,Capital Directorate,Sapientia Education Trust,DU00106458,"133,644.80",Capital Grants - Local Government
Department for Education,Core,08/03/2024,Grants Expenditure,Capital Directorate,Rochdale Borough Council,DU00106459,"72,304.04",Capital Grants - Local Government
Department for Education,Core,08/03/2024,Grants Expenditure,Capital Directorate,Somerset Council,DU00106462,"62,133.86",Capital Grants - Local Government
Department for Education,Core,15/03/2024,Grants Expenditure,Capital Directorate,Nottingham City Council,DU00106468,"49,665.82",Capital Grants - Local Government
Department for Education,Core,15/03/2024,Grants Expenditure,Capital Directorate,Coventry City Council,DU00106472,"36,685.21",Capital Grants - Local Government
Department for Education,Core,15/03/2024,Grants Expenditure,Capital Directorate,Nottingham City Council,DU00106483,"37,187.70",Capital Grants - Local Government
Department for Education,Core,15/03/2024,Grants Expenditure,Capital Directorate,Leeds City Council,DU00106493,"34,958.00",Capital Grants - Local Government
Department for Education,Core,15/03/2024,Grants Expenditure,Capital Directorate,Rochdale Borough Council,DU00106520,"42,804.65",Capital Grants - Local Government
Department for Education,Core,15/03/2024,Grants Expenditure,Capital Directorate,Swindon Borough Council,DU00106529,"36,134.00",Capital Grants - Local Government
Department for Education,Core,15/03/2024,Grants Expenditure,Capital Directorate,Central Bedfordshire Council,DU00106533,"25,298.00",Capital Grants - Local Government
Department for Education,Core,15/03/2024,Grants Expenditure,Capital Directorate,Sandwell Metro Borough Council,DU00106536,"31,476.89",Capital Grants - Local Government
Department for Education,Core,15/03/2024,Grants Expenditure,Capital Directorate,Blackpool Borough Council,DU00106537,"71,906.81",Capital Grants - Local Government
Department for Education,Core,15/03/2024,Grants Expenditure,Capital Directorate,Derby City Council,DU00106538,"41,370.81",Capital Grants - Local Government
Department for Education,Core,15/03/2024,Grants Expenditure,Capital Directorate,Liverpool City Council,DU00106550,"49,831.95",Capital Grants - Local Government
Department for Education,Core,15/03/2024,Grants Expenditure,Capital Directorate,Luton Borough Council,DU00106569,"44,190.00",Capital Grants - Local Government
Department for Education,Core,15/03/2024,Grants Expenditure,Capital Directorate,Stoke On Trent City Council,DU00106592,"30,805.73",Capital Grants - Local Government
Department for Education,Core,15/03/2024,Grants Expenditure,Capital Directorate,Walsall Metro Borough Council,DU00106605,"27,375.00",Capital Grants - Local Government
Department for Education,Core,15/03/2024,Grants Expenditure,Capital Directorate,Liverpool City Council,DU00106606,"46,011.80",Capital Grants - Local Government
Department for Education,Core,15/03/2024,Grants Expenditure,Capital Directorate,Nottingham City Council,DU00106620,"101,734.05",Capital Grants - Local Government
Department for Education,Core,15/03/2024,Grants Expenditure,Capital Directorate,Bradford City Council,DU00106649,"29,514.05",Capital Grants - Local Government
Department for Education,Core,22/03/2024,Grants Expenditure,Capital Directorate,Somerset Council,DU00107392,"29,800.14",Capital Grants - Local Government
Department for Education,Core,22/03/2024,Grants Expenditure,Capital Directorate,Sandwell Metro Borough Council,DU00107416,"39,890.00",Capital Grants - Local Government
Department for Education,Core,22/03/2024,Grants Expenditure,Capital Directorate,Walsall Metro Borough Council,DU00107419,"51,894.10",Capital Grants - Local Government
Department for Education,Core,22/03/2024,Grants Expenditure,Capital Directorate,Sandwell Metro Borough Council,DU00107420,"27,276.66",Capital Grants - Local Government
Department for Education,Core,22/03/2024,Grants Expenditure,Capital Directorate,North Northamptonshire Council,DU00107423,"31,486.85",Capital Grants - Local Government
Department for Education,Core,22/03/2024,Grants Expenditure,Capital Directorate,Bradford City Council,DU00107425,"26,975.64",Capital Grants - Local Government
Department for Education,Core,22/03/2024,Grants Expenditure,Capital Directorate,Cambridgeshire County Council,DU00107437,"58,621.39",Capital Grants - Local Government
Department for Education,Core,22/03/2024,Grants Expenditure,Capital Directorate,Oldham Metropolitan Borough Council,DU00107447,"105,195.58",Capital Grants - Local Government
Department for Education,Core,22/03/2024,Grants Expenditure,Capital Directorate,Nottingham City Council,DU00107449,"33,262.91",Capital Grants - Local Government
Department for Education,Core,22/03/2024,Grants Expenditure,Capital Directorate,Durham County Council,DU00107450,"25,602.63",Capital Grants - Local Government
Department for Education,Core,22/03/2024,Grants Expenditure,Capital Directorate,Manchester City Council,DU00107454,"26,235.00",Capital Grants - Local Government
Department for Education,Core,22/03/2024,Grants Expenditure,Capital Directorate,Sefton Metropolitan Borough Council,DU00107459,"93,312.00",Capital Grants - Local Government
Department for Education,Core,22/03/2024,Grants Expenditure,Capital Directorate,Sandwell Metro Borough Council,DU00107465,"34,151.00",Capital Grants - Local Government
Department for Education,Core,22/03/2024,Grants Expenditure,Capital Directorate,Suffolk County Council,DU00107473,"27,805.00",Capital Grants - Local Government
Department for Education,Core,22/03/2024,Grants Expenditure,Capital Directorate,Rochdale Borough Council,DU00107476,"36,310.47",Capital Grants - Local Government
Department for Education,Core,22/03/2024,Grants Expenditure,Capital Directorate,The Diocese Of Norwich Education And Academies Trust,DU00107480,"32,361.99",Capital Grants - Local Government
Department for Education,Core,22/03/2024,Grants Expenditure,Capital Directorate,Halton Borough Council,DU00107484,"37,758.00",Capital Grants - Local Government
Department for Education,Core,22/03/2024,Grants Expenditure,Capital Directorate,Archdiocese Of Liverpool,DU00107485,"41,219.22",Capital Grants - Local Government
Department for Education,Core,22/03/2024,Grants Expenditure,Capital Directorate,Derby City Council,DU00107486,"30,915.66",Capital Grants - Local Government
Department for Education,Core,22/03/2024,Grants Expenditure,Capital Directorate,Diocese Of Salford,DU00107494,"34,320.00",Capital Grants - Local Government
Department for Education,Core,22/03/2024,Grants Expenditure,Capital Directorate,Diocese Of Salford,DU00107514,"29,895.00",Capital Grants - Local Government
Department for Education,Core,22/03/2024,Grants Expenditure,Capital Directorate,Nottingham City Council,DU00107522,"37,051.28",Capital Grants - Local Government
Department for Education,Core,22/03/2024,Grants Expenditure,Capital Directorate,Rochdale Borough Council,DU00107523,"42,877.50",Capital Grants - Local Government
Department for Education,Core,22/03/2024,Grants Expenditure,Capital Directorate,Sandwell Metro Borough Council,DU00107524,"53,701.57",Capital Grants - Local Government
Department for Education,Core,28/03/2024,Grants Expenditure,Capital Directorate,Wakefield City Council,DU00107707,"29,008.30",Capital Grants - Local Government
Department for Education,Core,28/03/2024,Grants Expenditure,Capital Directorate,Durham County Council,DU00107710,"25,963.12",Capital Grants - Local Government
Department for Education,Core,28/03/2024,Grants Expenditure,Capital Directorate,Bradford City Council,DU00107712,"30,502.64",Capital Grants - Local Government
Department for Education,Core,28/03/2024,Grants Expenditure,Capital Directorate,Norfolk County Council,DU00107732,"26,550.60",Capital Grants - Local Government
Department for Education,Core,28/03/2024,Grants Expenditure,Capital Directorate,Diocese Of Salford,DU00107735,"29,755.20",Capital Grants - Local Government
Department for Education,Core,28/03/2024,Grants Expenditure,Capital Directorate,Swindon Borough Council,DU00107737,"60,742.78",Capital Grants - Local Government
Department for Education,Core,28/03/2024,Grants Expenditure,Capital Directorate,Nottingham City Council,DU00107742,"126,631.92",Capital Grants - Local Government
Department for Education,Core,28/03/2024,Grants Expenditure,Capital Directorate,Rochdale Borough Council,DU00107747,"39,584.60",Capital Grants - Local Government
Department for Education,Core,28/03/2024,Grants Expenditure,Capital Directorate,Oldham Metropolitan Borough Council,DU00107751,"37,508.64",Capital Grants - Local Government
Department for Education,Core,28/03/2024,Grants Expenditure,Capital Directorate,Oldham Metropolitan Borough Council,DU00107754,"28,579.96",Capital Grants - Local Government
Department for Education,Core,28/03/2024,Grants Expenditure,Capital Directorate,Derby City Council,DU00107776,"61,417.73",Capital Grants - Local Government
Department for Education,Core,28/03/2024,Grants Expenditure,Capital Directorate,Diocese Of Salford,DU00107791,"39,966.00",Capital Grants - Local Government
Department for Education,Core,28/03/2024,Grants Expenditure,Capital Directorate,Bradford City Council,DU00107805,"29,978.98",Capital Grants - Local Government
Department for Education,Core,28/03/2024,Grants Expenditure,Capital Directorate,Oxfordshire County Council,DU00107806,"27,603.37",Capital Grants - Local Government
Department for Education,Core,28/03/2024,Grants Expenditure,Capital Directorate,Archdiocese Of Liverpool,DU00107830,"36,264.55",Capital Grants - Local Government
Department for Education,Core,28/03/2024,Grants Expenditure,Capital Directorate,Derby City Council,DU00107831,"52,003.16",Capital Grants - Local Government
Department for Education,Core,28/03/2024,Grants Expenditure,Capital Directorate,Salford City Council,DU00107834,"32,904.00",Capital Grants - Local Government
Department for Education,Core,28/03/2024,Grants Expenditure,Capital Directorate,Akaal Primary School,DU00107836,"38,640.00",Capital Grants - Local Government
Department for Education,Core,28/03/2024,Grants Expenditure,Capital Directorate,North Yorkshire County Council,DU00107844,"26,709.59",Capital Grants - Local Government
Department for Education,Core,28/03/2024,Grants Expenditure,Capital Directorate,Salford City Council,DU00107852,"33,523.66",Capital Grants - Local Government
Department for Education,Core,28/03/2024,Grants Expenditure,Capital Directorate,Liverpool City Council,DU00107855,"40,475.99",Capital Grants - Local Government
Department for Education,Core,28/03/2024,Grants Expenditure,Capital Directorate,Birmingham Rc Diocesan Trustees Reg. Dev,DU00107859,"30,624.00",Capital Grants - Local Government
Department for Education,Core,28/03/2024,Grants Expenditure,Capital Directorate,Lichfield Diocesan Education Council Bar,DU00107868,"51,608.62",Capital Grants - Local Government
Department for Education,Core,28/03/2024,Grants Expenditure,Capital Directorate,Lichfield Diocesan Education Council Bar,DU00107870,"65,644.80",Capital Grants - Local Government
Department for Education,Core,28/03/2024,Grants Expenditure,Capital Directorate,Rochdale Borough Council,DU00107878,"42,530.33",Capital Grants - Local Government
Department for Education,Core,28/03/2024,Grants Expenditure,Capital Directorate,Newcastle Diocesan Education Board,DU00107885,"48,432.16",Capital Grants - Local Government
Department for Education,Core,28/03/2024,Grants Expenditure,Capital Directorate,Newcastle Diocesan Education Board,DU00107886,"44,209.05",Capital Grants - Local Government
Department for Education,Core,28/03/2024,Grants Expenditure,Capital Directorate,Walsall Metro Borough Council,DU00107898,"44,790.00",Capital Grants - Local Government
Department for Education,Core,28/03/2024,Grants Expenditure,Capital Directorate,Norfolk County Council,DU00107899,"25,785.16",Capital Grants - Local Government
Department for Education,Core,28/03/2024,Grants Expenditure,Capital Directorate,Liverpool City Council,DU00107903,"29,389.13",Capital Grants - Local Government
Department for Education,Core,01/03/2024,Other Goods and Services,Capital Directorate,Faithful And Gould,D-PINV063585,"387,009.46",Professional Services
Department for Education,Core,01/03/2024,Other Goods and Services,Capital Directorate,Wsp Uk Limited,D-PINV063629,"47,688.00",Professional Services
Department for Education,Core,01/03/2024,Other Goods and Services,Capital Directorate,Currie And Brown Uk Limited,D-PINV060097,"264,480.00",Professional Services
Department for Education,Core,05/03/2024,Other Goods and Services,Capital Directorate,Mott Macdonald Limited,D-PINV063946,"74,238.00",Professional Services
Department for Education,Core,20/03/2024,Other Goods and Services,Capital Directorate,Rider Levett Bucknall Uk Limited,D-PINV064217,"52,033.32",Professional Services
Department for Education,Core,28/03/2024,Other Goods and Services,Capital Directorate,Faithful And Gould,D-PINV064367,"61,080.71",Professional Services
Department for Education,Core,25/03/2024,Other Goods and Services,Capital Directorate,Faithful And Gould,D-PINV064366,"27,365.52",Professional Services
Department for Education,Core,26/03/2024,Other Goods and Services,Capital Directorate,Mott Macdonald Limited,D-PINV064446,"28,218.00",Professional Services
Department for Education,Core,28/03/2024,Other Goods and Services,Capital Directorate,Currie And Brown Uk Limited,D-PINV064448,"97,890.00",Professional Services
Department for Education,Core,28/03/2024,Other Goods and Services,Capital Directorate,Ove Arup And Partners Limited,D-PINV064538,"35,530.80",Professional Services
Department for Education,Core,04/03/2024,Grants Expenditure,Capital Directorate,Kantor King Solomon High School,D-CINV006397,"307,095.39",Capital Grants - Local Government
Department for Education,Core,08/03/2024,Grants Expenditure,Capital Directorate,William Ellis School,D-CINV006477,"43,974.36",Capital Grants - Local Government
Department for Education,Core,08/03/2024,Grants Expenditure,Capital Directorate,William Ellis School,D-CINV006479,"74,156.71",Capital Grants - Local Government
Department for Education,Core,08/03/2024,Grants Expenditure,Capital Directorate,The Latymer School,D-CINV006484,"35,331.66",Capital Grants - Local Government
Department for Education,Core,08/03/2024,Grants Expenditure,Capital Directorate,Ermysted'S Grammar School,D-CINV006489,"72,000.00",Capital Grants - Local Government
Department for Education,Core,15/03/2024,Grants Expenditure,Capital Directorate,King David High School,D-CINV006523,"65,837.97",Capital Grants - Local Government
Department for Education,Core,15/03/2024,Grants Expenditure,Capital Directorate,Manchester Mesivta School,D-CINV006405,"25,498.00",Capital Grants - Local Government
Department for Education,Core,22/03/2024,Grants Expenditure,Capital Directorate,Prendergast School,D-CINV006599,"27,241.20",Capital Grants - Local Government
Department for Education,Core,20/03/2024,Grants Expenditure,Capital Directorate,William Ellis School,D-CINV006600,"25,467.25",Capital Grants - Local Government
Department for Education,Core,04/03/2024,Grants Expenditure,Capital Directorate,Nottinghamshire County Council,D-CINV006376,"327,515.48",Capital Grant - Local Government
Department for Education,Core,13/03/2024,Grants Expenditure,Capital Directorate,Lincolnshire County Council,D-CINV006462,"533,115.58",Capital Grant - Local Government
Department for Education,Core,25/03/2024,Grants Expenditure,Capital Directorate,Lincolnshire County Council,D-CINV006675,"781,361.72",Capital Grant - Local Government
Department for Education,Core,18/03/2024,Grants Expenditure,Capital Directorate,St Catherine'S Secure Centre,D-CINV006526,"127,111.32",Capital Grants - Private Sector (Non Profit Institutions Serving Households)
Department for Education,Core,27/03/2024,Grants Expenditure,Capital Directorate,St Catherine'S Secure Centre,D-CINV006632,"55,222.80",Capital Grants - Private Sector (Non Profit Institutions Serving Households)
Department for Education,Core,22/03/2024,Grants Expenditure,Capital Directorate,St Catherine'S Secure Centre,D-CINV006633,"85,540.80",Capital Grants - Private Sector (Non Profit Institutions Serving Households)
Department for Education,Core,22/03/2024,Grants Expenditure,Capital Directorate,Camden London Borough Council,DU00107538,"1,121,371.60",Capital Grants - Local Government
Department for Education,Core,25/03/2024,Grants Expenditure,Capital Directorate,Greenwich London Borough Council,DU00107539,"3,251,283.44",Capital Grants - Local Government
Department for Education,Core,25/03/2024,Grants Expenditure,Capital Directorate,Hackney London Borough Council,DU00107540,"2,420,200.60",Capital Grants - Local Government
Department for Education,Core,25/03/2024,Grants Expenditure,Capital Directorate,Hammersmith And Fulham London Borough Council,DU00107541,"960,603.13",Capital Grants - Local Government
Department for Education,Core,25/03/2024,Grants Expenditure,Capital Directorate,Islington London Borough Council,DU00107542,"1,376,157.11",Capital Grants - Local Government
Department for Education,Core,25/03/2024,Grants Expenditure,Capital Directorate,Royal Borough Of Kensington And Chelsea Council,DU00107543,"665,874.41",Capital Grants - Local Government
Department for Education,Core,25/03/2024,Grants Expenditure,Capital Directorate,Lambeth London Borough Council,DU00107544,"2,079,412.42",Capital Grants - Local Government
Department for Education,Core,25/03/2024,Grants Expenditure,Capital Directorate,Lewisham London Borough Council,DU00107545,"3,287,786.40",Capital Grants - Local Government
Department for Education,Core,25/03/2024,Grants Expenditure,Capital Directorate,Southwark London Borough Council,DU00107546,"4,174,651.59",Capital Grants - Local Government
Department for Education,Core,25/03/2024,Grants Expenditure,Capital Directorate,London Borough Of Tower Hamlets,DU00107547,"2,589,574.74",Capital Grants - Local Government
Department for Education,Core,25/03/2024,Grants Expenditure,Capital Directorate,Wandsworth Borough Council,DU00107548,"1,852,943.71",Capital Grants - Local Government
Department for Education,Core,25/03/2024,Grants Expenditure,Capital Directorate,Westminster City Council,DU00107549,"1,596,105.16",Capital Grants - Local Government
Department for Education,Core,25/03/2024,Grants Expenditure,Capital Directorate,Barking And Dagenham London Borough Council,DU00107550,"2,689,690.94",Capital Grants - Local Government
Department for Education,Core,25/03/2024,Grants Expenditure,Capital Directorate,Barnet London Borough Council,DU00107551,"4,118,911.24",Capital Grants - Local Government
Department for Education,Core,25/03/2024,Grants Expenditure,Capital Directorate,Bexley London Borough Council,DU00107552,"4,342,285.59",Capital Grants - Local Government
Department for Education,Core,25/03/2024,Grants Expenditure,Capital Directorate,Brent London Borough Council,DU00107553,"5,238,359.79",Capital Grants - Local Government
Department for Education,Core,25/03/2024,Grants Expenditure,Capital Directorate,Bromley London Borough Council,DU00107554,"4,340,012.18",Capital Grants - Local Government
Department for Education,Core,25/03/2024,Grants Expenditure,Capital Directorate,Croydon London Borough Council,DU00107555,"4,523,962.90",Capital Grants - Local Government
Department for Education,Core,25/03/2024,Grants Expenditure,Capital Directorate,Ealing London Borough Council,DU00107556,"4,777,589.00",Capital Grants - Local Government
Department for Education,Core,25/03/2024,Grants Expenditure,Capital Directorate,Enfield London Borough Council,DU00107557,"6,064,707.69",Capital Grants - Local Government
Department for Education,Core,25/03/2024,Grants Expenditure,Capital Directorate,Haringey London Borough Council,DU00107558,"2,657,784.86",Capital Grants - Local Government
Department for Education,Core,25/03/2024,Grants Expenditure,Capital Directorate,Harrow London Borough Council,DU00107559,"3,461,766.12",Capital Grants - Local Government
Department for Education,Core,25/03/2024,Grants Expenditure,Capital Directorate,Havering London Borough Council,DU00107560,"3,170,749.17",Capital Grants - Local Government
Department for Education,Core,25/03/2024,Grants Expenditure,Capital Directorate,London Borough Of Hillingdon,DU00107561,"3,701,323.21",Capital Grants - Local Government
Department for Education,Core,25/03/2024,Grants Expenditure,Capital Directorate,Hounslow London Borough Council,DU00107562,"4,823,078.10",Capital Grants - Local Government
Department for Education,Core,25/03/2024,Grants Expenditure,Capital Directorate,Royal Borough Of Kingston Upon Thames Council,DU00107563,"1,758,265.39",Capital Grants - Local Government
Department for Education,Core,25/03/2024,Grants Expenditure,Capital Directorate,Merton Borough Council,DU00107564,"3,034,233.72",Capital Grants - Local Government
Department for Education,Core,25/03/2024,Grants Expenditure,Capital Directorate,Newham London Borough Council,DU00107565,"6,708,563.52",Capital Grants - Local Government
Department for Education,Core,25/03/2024,Grants Expenditure,Capital Directorate,Redbridge London Borough Council,DU00107566,"3,020,108.37",Capital Grants - Local Government
Department for Education,Core,25/03/2024,Grants Expenditure,Capital Directorate,Richmond Upon Thames London Borough Council,DU00107567,"2,625,104.35",Capital Grants - Local Government
Department for Education,Core,25/03/2024,Grants Expenditure,Capital Directorate,London Borough Of Sutton,DU00107568,"2,028,049.43",Capital Grants - Local Government
Department for Education,Core,25/03/2024,Grants Expenditure,Capital Directorate,Waltham Forest London Borough Council,DU00107569,"2,461,656.38",Capital Grants - Local Government
Department for Education,Core,25/03/2024,Grants Expenditure,Capital Directorate,Birmingham City Council,DU00107570,"12,147,842.69",Capital Grants - Local Government
Department for Education,Core,25/03/2024,Grants Expenditure,Capital Directorate,Coventry City Council,DU00107571,"4,147,320.90",Capital Grants - Local Government
Department for Education,Core,25/03/2024,Grants Expenditure,Capital Directorate,Dudley Metropolitan Borough Council,DU00107572,"4,224,723.21",Capital Grants - Local Government
Department for Education,Core,25/03/2024,Grants Expenditure,Capital Directorate,Sandwell Metro Borough Council,DU00107573,"3,652,675.94",Capital Grants - Local Government
Department for Education,Core,25/03/2024,Grants Expenditure,Capital Directorate,Solihull Metro Borough Council,DU00107574,"2,459,631.77",Capital Grants - Local Government
Department for Education,Core,25/03/2024,Grants Expenditure,Capital Directorate,Walsall Metro Borough Council,DU00107575,"4,241,731.61",Capital Grants - Local Government
Department for Education,Core,25/03/2024,Grants Expenditure,Capital Directorate,Wolverhampton City Council,DU00107576,"2,179,281.99",Capital Grants - Local Government
Department for Education,Core,25/03/2024,Grants Expenditure,Capital Directorate,Knowsley Metro Borough Council,DU00107577,"1,869,053.46",Capital Grants - Local Government
Department for Education,Core,25/03/2024,Grants Expenditure,Capital Directorate,Liverpool City Council,DU00107578,"3,377,550.50",Capital Grants - Local Government
Department for Education,Core,25/03/2024,Grants Expenditure,Capital Directorate,St Helens Metro Borough Council,DU00107579,"1,292,243.83",Capital Grants - Local Government
Department for Education,Core,25/03/2024,Grants Expenditure,Capital Directorate,Sefton Metropolitan Borough Council,DU00107580,"3,369,938.30",Capital Grants - Local Government
Department for Education,Core,25/03/2024,Grants Expenditure,Capital Directorate,Wirral Metro Borough Council,DU00107581,"2,974,627.88",Capital Grants - Local Government
Department for Education,Core,25/03/2024,Grants Expenditure,Capital Directorate,Bolton Metro Borough Council,DU00107582,"3,194,107.68",Capital Grants - Local Government
Department for Education,Core,25/03/2024,Grants Expenditure,Capital Directorate,Bury Metro Borough Council,DU00107583,"2,648,918.99",Capital Grants - Local Government
Department for Education,Core,25/03/2024,Grants Expenditure,Capital Directorate,Manchester City Council,DU00107584,"5,712,679.63",Capital Grants - Local Government
Department for Education,Core,25/03/2024,Grants Expenditure,Capital Directorate,Oldham Metropolitan Borough Council,DU00107585,"2,119,686.66",Capital Grants - Local Government
Department for Education,Core,25/03/2024,Grants Expenditure,Capital Directorate,Rochdale Borough Council,DU00107586,"3,607,655.72",Capital Grants - Local Government
Department for Education,Core,25/03/2024,Grants Expenditure,Capital Directorate,Salford City Council,DU00107587,"1,898,849.40",Capital Grants - Local Government
Department for Education,Core,25/03/2024,Grants Expenditure,Capital Directorate,Stockport Metro Borough Council,DU00107588,"3,321,252.04",Capital Grants - Local Government
Department for Education,Core,25/03/2024,Grants Expenditure,Capital Directorate,Tameside Metro Borough Council,DU00107589,"3,373,350.51",Capital Grants - Local Government
Department for Education,Core,25/03/2024,Grants Expenditure,Capital Directorate,Trafford Borough Council,DU00107590,"2,983,105.15",Capital Grants - Local Government
Department for Education,Core,25/03/2024,Grants Expenditure,Capital Directorate,Wigan Metropolitan Borough Council,DU00107591,"3,754,025.39",Capital Grants - Local Government
Department for Education,Core,25/03/2024,Grants Expenditure,Capital Directorate,Barnsley Metropolitan Borough Council,DU00107592,"3,102,723.05",Capital Grants - Local Government
Department for Education,Core,25/03/2024,Grants Expenditure,Capital Directorate,Doncaster Metro Borough Council,DU00107593,"3,969,840.37",Capital Grants - Local Government
Department for Education,Core,25/03/2024,Grants Expenditure,Capital Directorate,Rotherham Borough Council,DU00107594,"2,465,766.79",Capital Grants - Local Government
Department for Education,Core,25/03/2024,Grants Expenditure,Capital Directorate,Sheffield City Council,DU00107595,"3,783,524.24",Capital Grants - Local Government
Department for Education,Core,25/03/2024,Grants Expenditure,Capital Directorate,Bradford City Council,DU00107596,"5,984,351.18",Capital Grants - Local Government
Department for Education,Core,25/03/2024,Grants Expenditure,Capital Directorate,Calderdale Metro Borough Council,DU00107597,"1,493,519.63",Capital Grants - Local Government
Department for Education,Core,25/03/2024,Grants Expenditure,Capital Directorate,Kirklees Metro Council,DU00107598,"5,016,718.49",Capital Grants - Local Government
Department for Education,Core,25/03/2024,Grants Expenditure,Capital Directorate,Leeds City Council,DU00107599,"5,708,126.05",Capital Grants - Local Government
Department for Education,Core,25/03/2024,Grants Expenditure,Capital Directorate,Wakefield City Council,DU00107600,"4,511,799.94",Capital Grants - Local Government
Department for Education,Core,25/03/2024,Grants Expenditure,Capital Directorate,Gateshead Council,DU00107601,"1,204,130.43",Capital Grants - Local Government
Department for Education,Core,25/03/2024,Grants Expenditure,Capital Directorate,Newcastle Upon Tyne City Council,DU00107602,"1,853,306.62",Capital Grants - Local Government
Department for Education,Core,25/03/2024,Grants Expenditure,Capital Directorate,North Tyneside Metro Borough Council,DU00107603,"1,372,110.29",Capital Grants - Local Government
Department for Education,Core,25/03/2024,Grants Expenditure,Capital Directorate,South Tyneside Council,DU00107604,"1,271,854.68",Capital Grants - Local Government
Department for Education,Core,25/03/2024,Grants Expenditure,Capital Directorate,Sunderland City Metro Borough Council,DU00107605,"2,839,015.47",Capital Grants - Local Government
Department for Education,Core,25/03/2024,Grants Expenditure,Capital Directorate,Bath And North East Somerset Council,DU00107606,"1,502,664.02",Capital Grants - Local Government
Department for Education,Core,25/03/2024,Grants Expenditure,Capital Directorate,Bristol City Council,DU00107607,"3,124,193.19",Capital Grants - Local Government
Department for Education,Core,25/03/2024,Grants Expenditure,Capital Directorate,North Somerset Council,DU00107608,"2,851,161.47",Capital Grants - Local Government
Department for Education,Core,25/03/2024,Grants Expenditure,Capital Directorate,South Gloucestershire Council,DU00107609,"3,893,442.82",Capital Grants - Local Government
Department for Education,Core,25/03/2024,Grants Expenditure,Capital Directorate,Hartlepool Borough Council,DU00107610,"665,421.36",Capital Grants - Local Government
Department for Education,Core,25/03/2024,Grants Expenditure,Capital Directorate,Middlesbrough Council,DU00107611,"1,160,438.21",Capital Grants - Local Government
Department for Education,Core,25/03/2024,Grants Expenditure,Capital Directorate,Redcar And Cleveland Borough Council,DU00107612,"907,595.55",Capital Grants - Local Government
Department for Education,Core,25/03/2024,Grants Expenditure,Capital Directorate,Stockton On Tees Borough Council,DU00107613,"1,810,893.87",Capital Grants - Local Government
Department for Education,Core,25/03/2024,Grants Expenditure,Capital Directorate,Kingston Upon Hull City Council,DU00107614,"3,659,532.07",Capital Grants - Local Government
Department for Education,Core,25/03/2024,Grants Expenditure,Capital Directorate,East Riding Of Yorkshire Council,DU00107615,"3,703,540.41",Capital Grants - Local Government
Department for Education,Core,25/03/2024,Grants Expenditure,Capital Directorate,North East Lincolnshire Council,DU00107616,"1,126,450.33",Capital Grants - Local Government
Department for Education,Core,25/03/2024,Grants Expenditure,Capital Directorate,North Lincolnshire Council,DU00107617,"2,101,150.80",Capital Grants - Local Government
Department for Education,Core,25/03/2024,Grants Expenditure,Capital Directorate,North Yorkshire County Council,DU00107618,"5,567,787.30",Capital Grants - Local Government
Department for Education,Core,25/03/2024,Grants Expenditure,Capital Directorate,City Of York Council,DU00107619,"1,109,246.26",Capital Grants - Local Government
Department for Education,Core,25/03/2024,Grants Expenditure,Capital Directorate,Luton Borough Council,DU00107620,"2,079,509.40",Capital Grants - Local Government
Department for Education,Core,25/03/2024,Grants Expenditure,Capital Directorate,Bedford Borough Council,DU00107621,"1,810,973.88",Capital Grants - Local Government
Department for Education,Core,25/03/2024,Grants Expenditure,Capital Directorate,Central Bedfordshire Council,DU00107622,"4,184,820.24",Capital Grants - Local Government
Department for Education,Core,25/03/2024,Grants Expenditure,Capital Directorate,Buckinghamshire Council,DU00107623,"6,878,971.56",Capital Grants - Local Government
Department for Education,Core,25/03/2024,Grants Expenditure,Capital Directorate,Milton Keynes Council,DU00107624,"2,676,233.35",Capital Grants - Local Government
Department for Education,Core,25/03/2024,Grants Expenditure,Capital Directorate,Derbyshire County Council,DU00107625,"10,339,719.85",Capital Grants - Local Government
Department for Education,Core,25/03/2024,Grants Expenditure,Capital Directorate,Derby City Council,DU00107626,"4,033,791.58",Capital Grants - Local Government
Department for Education,Core,25/03/2024,Grants Expenditure,Capital Directorate,Dorset Council,DU00107627,"4,165,414.49",Capital Grants - Local Government
Department for Education,Core,25/03/2024,Grants Expenditure,Capital Directorate,"Bournemouth, Christchurch And Poole Council",DU00107628,"3,299,331.96",Capital Grants - Local Government
Department for Education,Core,25/03/2024,Grants Expenditure,Capital Directorate,Durham County Council,DU00107629,"5,074,142.57",Capital Grants - Local Government
Department for Education,Core,25/03/2024,Grants Expenditure,Capital Directorate,Darlington Borough Council,DU00107630,"1,139,427.69",Capital Grants - Local Government
Department for Education,Core,25/03/2024,Grants Expenditure,Capital Directorate,East Sussex County Council,DU00107631,"4,760,494.35",Capital Grants - Local Government
Department for Education,Core,25/03/2024,Grants Expenditure,Capital Directorate,Brighton And Hove City Council,DU00107632,"2,088,499.56",Capital Grants - Local Government
Department for Education,Core,25/03/2024,Grants Expenditure,Capital Directorate,Hampshire County Council,DU00107633,"18,742,555.68",Capital Grants - Local Government
Department for Education,Core,25/03/2024,Grants Expenditure,Capital Directorate,Portsmouth City Council,DU00107634,"1,554,392.46",Capital Grants - Local Government
Department for Education,Core,25/03/2024,Grants Expenditure,Capital Directorate,Southampton City Council,DU00107635,"2,412,183.51",Capital Grants - Local Government
Department for Education,Core,25/03/2024,Grants Expenditure,Capital Directorate,Leicestershire County Council,DU00107636,"7,987,300.50",Capital Grants - Local Government
Department for Education,Core,25/03/2024,Grants Expenditure,Capital Directorate,Leicester City Council,DU00107637,"3,173,485.57",Capital Grants - Local Government
Department for Education,Core,25/03/2024,Grants Expenditure,Capital Directorate,Rutland County Council,DU00107638,"424,932.39",Capital Grants - Local Government
Department for Education,Core,25/03/2024,Grants Expenditure,Capital Directorate,Staffordshire County Council,DU00107639,"8,751,512.11",Capital Grants - Local Government
Department for Education,Core,25/03/2024,Grants Expenditure,Capital Directorate,Stoke On Trent City Council,DU00107640,"3,668,448.43",Capital Grants - Local Government
Department for Education,Core,25/03/2024,Grants Expenditure,Capital Directorate,Wiltshire County Council,DU00107641,"6,373,218.93",Capital Grants - Local Government
Department for Education,Core,25/03/2024,Grants Expenditure,Capital Directorate,Swindon Borough Council,DU00107642,"2,433,778.44",Capital Grants - Local Government
Department for Education,Core,25/03/2024,Grants Expenditure,Capital Directorate,Bracknell Forest Borough Council,DU00107643,"1,532,733.76",Capital Grants - Local Government
Department for Education,Core,25/03/2024,Grants Expenditure,Capital Directorate,Royal Borough Of Windsor And Maidenhead,DU00107644,"1,055,727.68",Capital Grants - Local Government
Department for Education,Core,25/03/2024,Grants Expenditure,Capital Directorate,West Berkshire Council,DU00107645,"1,221,686.47",Capital Grants - Local Government
Department for Education,Core,25/03/2024,Grants Expenditure,Capital Directorate,Reading Borough Council,DU00107646,"2,108,692.94",Capital Grants - Local Government
Department for Education,Core,25/03/2024,Grants Expenditure,Capital Directorate,Slough Borough Council,DU00107647,"2,596,245.41",Capital Grants - Local Government
Department for Education,Core,25/03/2024,Grants Expenditure,Capital Directorate,Wokingham Council,DU00107648,"1,960,250.15",Capital Grants - Local Government
Department for Education,Core,25/03/2024,Grants Expenditure,Capital Directorate,Cambridgeshire County Council,DU00107649,"5,784,180.01",Capital Grants - Local Government
Department for Education,Core,25/03/2024,Grants Expenditure,Capital Directorate,Peterborough City Council,DU00107650,"1,946,373.61",Capital Grants - Local Government
Department for Education,Core,25/03/2024,Grants Expenditure,Capital Directorate,Halton Borough Council,DU00107651,"1,540,956.11",Capital Grants - Local Government
Department for Education,Core,25/03/2024,Grants Expenditure,Capital Directorate,Warrington Borough Council,DU00107652,"2,462,378.24",Capital Grants - Local Government
Department for Education,Core,25/03/2024,Grants Expenditure,Capital Directorate,Devon County Council,DU00107653,"9,277,505.21",Capital Grants - Local Government
Department for Education,Core,25/03/2024,Grants Expenditure,Capital Directorate,Plymouth City Council,DU00107654,"2,404,262.44",Capital Grants - Local Government
Department for Education,Core,25/03/2024,Grants Expenditure,Capital Directorate,Torbay Council,DU00107655,"1,417,265.17",Capital Grants - Local Government
Department for Education,Core,25/03/2024,Grants Expenditure,Capital Directorate,Essex County Council,DU00107656,"13,980,230.82",Capital Grants - Local Government
Department for Education,Core,25/03/2024,Grants Expenditure,Capital Directorate,Southend On Sea Borough Council,DU00107657,"1,371,172.23",Capital Grants - Local Government
Department for Education,Core,25/03/2024,Grants Expenditure,Capital Directorate,Thurrock Borough Council,DU00107658,"1,610,216.28",Capital Grants - Local Government
Department for Education,Core,25/03/2024,Grants Expenditure,Capital Directorate,Herefordshire Council,DU00107659,"2,024,181.68",Capital Grants - Local Government
Department for Education,Core,25/03/2024,Grants Expenditure,Capital Directorate,Worcestershire County Council,DU00107660,"5,889,245.05",Capital Grants - Local Government
Department for Education,Core,25/03/2024,Grants Expenditure,Capital Directorate,Kent County Council,DU00107661,"19,623,833.44",Capital Grants - Local Government
Department for Education,Core,25/03/2024,Grants Expenditure,Capital Directorate,Medway Council,DU00107662,"3,872,792.67",Capital Grants - Local Government
Department for Education,Core,25/03/2024,Grants Expenditure,Capital Directorate,Lancashire County Council,DU00107663,"13,669,865.30",Capital Grants - Local Government
Department for Education,Core,25/03/2024,Grants Expenditure,Capital Directorate,Blackburn With Darwen Borough Council,DU00107664,"1,770,426.38",Capital Grants - Local Government
Department for Education,Core,25/03/2024,Grants Expenditure,Capital Directorate,Blackpool Borough Council,DU00107665,"1,559,768.85",Capital Grants - Local Government
Department for Education,Core,25/03/2024,Grants Expenditure,Capital Directorate,Nottinghamshire County Council,DU00107666,"11,384,810.25",Capital Grants - Local Government
Department for Education,Core,25/03/2024,Grants Expenditure,Capital Directorate,Nottingham City Council,DU00107667,"2,545,719.83",Capital Grants - Local Government
Department for Education,Core,25/03/2024,Grants Expenditure,Capital Directorate,Shropshire Council,DU00107668,"2,805,949.04",Capital Grants - Local Government
Department for Education,Core,25/03/2024,Grants Expenditure,Capital Directorate,Telford And Wrekin Council,DU00107669,"2,613,381.82",Capital Grants - Local Government
Department for Education,Core,25/03/2024,Grants Expenditure,Capital Directorate,Cheshire East Council,DU00107670,"4,125,536.74",Capital Grants - Local Government
Department for Education,Core,25/03/2024,Grants Expenditure,Capital Directorate,Cheshire West And Chester Council,DU00107671,"3,041,296.93",Capital Grants - Local Government
Department for Education,Core,25/03/2024,Grants Expenditure,Capital Directorate,Cornwall Council,DU00107672,"6,896,654.52",Capital Grants - Local Government
Department for Education,Core,25/03/2024,Grants Expenditure,Capital Directorate,Gloucestershire County Council,DU00107673,"5,607,565.36",Capital Grants - Local Government
Department for Education,Core,25/03/2024,Grants Expenditure,Capital Directorate,Hertfordshire County Council,DU00107674,"11,583,848.78",Capital Grants - Local Government
Department for Education,Core,25/03/2024,Grants Expenditure,Capital Directorate,Isle Of Wight Council,DU00107675,"875,915.52",Capital Grants - Local Government
Department for Education,Core,25/03/2024,Grants Expenditure,Capital Directorate,Lincolnshire County Council,DU00107676,"8,445,790.92",Capital Grants - Local Government
Department for Education,Core,25/03/2024,Grants Expenditure,Capital Directorate,Norfolk County Council,DU00107677,"7,461,007.68",Capital Grants - Local Government
Department for Education,Core,25/03/2024,Grants Expenditure,Capital Directorate,Northumberland County Council,DU00107678,"2,939,613.18",Capital Grants - Local Government
Department for Education,Core,25/03/2024,Grants Expenditure,Capital Directorate,Oxfordshire County Council,DU00107679,"6,443,938.92",Capital Grants - Local Government
Department for Education,Core,25/03/2024,Grants Expenditure,Capital Directorate,Somerset Council,DU00107680,"6,879,760.05",Capital Grants - Local Government
Department for Education,Core,25/03/2024,Grants Expenditure,Capital Directorate,Suffolk County Council,DU00107681,"7,762,418.21",Capital Grants - Local Government
Department for Education,Core,25/03/2024,Grants Expenditure,Capital Directorate,Surrey County Council,DU00107682,"13,258,287.35",Capital Grants - Local Government
Department for Education,Core,25/03/2024,Grants Expenditure,Capital Directorate,Warwickshire County Council,DU00107683,"4,986,783.74",Capital Grants - Local Government
Department for Education,Core,25/03/2024,Grants Expenditure,Capital Directorate,West Sussex County Council,DU00107684,"9,832,878.23",Capital Grants - Local Government
Department for Education,Core,25/03/2024,Grants Expenditure,Capital Directorate,North Northamptonshire Council,DU00107685,"4,534,851.42",Capital Grants - Local Government
Department for Education,Core,25/03/2024,Grants Expenditure,Capital Directorate,West Northamptonshire Council,DU00107686,"5,244,714.31",Capital Grants - Local Government
Department for Education,Core,25/03/2024,Grants Expenditure,Capital Directorate,Cumberland Council,DU00107687,"2,335,067.04",Capital Grants - Local Government
Department for Education,Core,25/03/2024,Grants Expenditure,Capital Directorate,Westmorland And Furness Council,DU00107688,"2,428,357.41",Capital Grants - Local Government
Department for Education,Core,01/03/2024,Grants Expenditure,Capital Directorate,Leicester City Council,D-CINV006377,"55,754.50",Capital Grant - Local Government
Department for Education,Core,01/03/2024,Grants Expenditure,Capital Directorate,Suffolk County Council,D-CINV006382,"117,962.28",Capital Grant - Local Government
Department for Education,Core,01/03/2024,Grants Expenditure,Capital Directorate,Newcastle Upon Tyne City Council,D-CINV006385,"104,982.35",Capital Grant - Local Government
Department for Education,Core,08/03/2024,Grants Expenditure,Capital Directorate,Warrington Borough Council,D-CINV006459,"60,105.76",Capital Grant - Local Government
Department for Education,Core,13/03/2024,Grants Expenditure,Capital Directorate,Warrington Borough Council,D-CINV006460,"53,720.16",Capital Grant - Local Government
Department for Education,Core,13/03/2024,Grants Expenditure,Capital Directorate,South Gloucestershire Council,D-CINV006461,"85,349.68",Capital Grant - Local Government
Department for Education,Core,13/03/2024,Grants Expenditure,Capital Directorate,Durham County Council,D-CINV006525,"115,190.00",Capital Grant - Local Government
Department for Education,Core,22/03/2024,Grants Expenditure,Capital Directorate,Gloucestershire County Council,D-CINV006612,"891,498.00",Capital Grant - Local Government
Department for Education,Core,27/03/2024,Grants Expenditure,Capital Directorate,Leicestershire County Council,D-CINV006614,"76,247.02",Capital Grant - Local Government
Department for Education,Core,22/03/2024,Grants Expenditure,Capital Directorate,East Riding Of Yorkshire Council,D-CINV006618,"184,143.00",Capital Grant - Local Government
Department for Education,Core,22/03/2024,Grants Expenditure,Capital Directorate,Newcastle Upon Tyne City Council,D-CINV006634,"156,171.00",Capital Grant - Local Government
Department for Education,Core,22/03/2024,Grants Expenditure,Capital Directorate,Southwark London Borough Council,D-CINV006635,"33,396.65",Capital Grant - Local Government
Department for Education,Core,27/03/2024,Grants Expenditure,Capital Directorate,Somerset Council,D-CINV006654,"63,373.36",Capital Grant - Local Government
Department for Education,Core,22/03/2024,Grants Expenditure,Capital Directorate,Coventry City Council,D-CINV006655,"450,000.00",Capital Grant - Local Government
Department for Education,Core,22/03/2024,Grants Expenditure,Capital Directorate,London Borough Of Hillingdon,D-CINV006656,"115,108.42",Capital Grant - Local Government
Department for Education,Core,22/03/2024,Grants Expenditure,Capital Directorate,North Tyneside Metro Borough Council,D-CINV006657,"35,605.32",Capital Grant - Local Government
Department for Education,Core,27/03/2024,Grants Expenditure,Capital Directorate,Solihull Metro Borough Council,D-CINV006670,"241,828.40",Capital Grant - Local Government
Department for Education,Core,25/03/2024,Grants Expenditure,Capital Directorate,Oxfordshire County Council,D-CINV006672,"35,383.00",Capital Grant - Local Government
Department for Education,Core,22/03/2024,Grants Expenditure,Capital Directorate,Surrey County Council,D-CINV006723,"250,000.00",Capital Grant - Local Government
Department for Education,Core,27/03/2024,Grants Expenditure,Capital Directorate,Wolverhampton City Council,D-CINV006737,"371,711.37",Capital Grant - Local Government
Department for Education,Core,28/03/2024,Grants Expenditure,Capital Directorate,West Northamptonshire Council,D-CINV006743,"202,191.00",Capital Grant - Local Government
Department for Education,Core,28/03/2024,Grants Expenditure,Capital Directorate,Rotherham Borough Council,D-CINV006747,"492,139.37",Capital Grant - Local Government
Department for Education,Core,28/03/2024,Grants Expenditure,Capital Directorate,Southwark London Borough Council,D-CINV006749,"285,648.22",Capital Grant - Local Government
Department for Education,Core,05/03/2024,Other Goods and Services,Capital Directorate,Parayhouse School,DU00105951,"-94,290.75",Professional Services
Department for Education,Core,20/03/2024,Grants Expenditure,Capital Directorate,Camden London Borough Council,CL071661,"429,343.00",Current Grants - Local Government
Department for Education,Core,20/03/2024,Grants Expenditure,Capital Directorate,Camden London Borough Council,CL071662,"724,823.00",Current Grants - Local Government
Department for Education,Core,20/03/2024,Grants Expenditure,Capital Directorate,Camden London Borough Council,CL071663,"961,183.75",Current Grants - Local Government
Department for Education,Core,20/03/2024,Grants Expenditure,Capital Directorate,Greenwich London Borough Council,CL071664,"3,072,739.29",Current Grants - Local Government
Department for Education,Core,20/03/2024,Grants Expenditure,Capital Directorate,Islington London Borough Council,CL071665,"1,262,482.75",Current Grants - Local Government
Department for Education,Core,20/03/2024,Grants Expenditure,Capital Directorate,Islington London Borough Council,CL071666,"164,755.75",Current Grants - Local Government
Department for Education,Core,20/03/2024,Grants Expenditure,Capital Directorate,Islington London Borough Council,CL071667,"829,679.25",Current Grants - Local Government
Department for Education,Core,20/03/2024,Grants Expenditure,Capital Directorate,Lambeth London Borough Council,CL071668,"482,673.00",Current Grants - Local Government
Department for Education,Core,20/03/2024,Grants Expenditure,Capital Directorate,Lewisham London Borough Council,CL071669,"1,139,530.75",Current Grants - Local Government
Department for Education,Core,20/03/2024,Grants Expenditure,Capital Directorate,Lewisham London Borough Council,CL071670,"1,876,089.25",Current Grants - Local Government
Department for Education,Core,20/03/2024,Grants Expenditure,Capital Directorate,Lewisham London Borough Council,CL071671,"993,267.75",Current Grants - Local Government
Department for Education,Core,20/03/2024,Grants Expenditure,Capital Directorate,Lewisham London Borough Council,CL071672,"506,587.50",Current Grants - Local Government
Department for Education,Core,20/03/2024,Grants Expenditure,Capital Directorate,Lewisham London Borough Council,CL071673,"1,434,461.25",Current Grants - Local Government
Department for Education,Core,20/03/2024,Grants Expenditure,Capital Directorate,Lewisham London Borough Council,CL071674,"446,271.75",Current Grants - Local Government
Department for Education,Core,20/03/2024,Grants Expenditure,Capital Directorate,Southwark London Borough Council,CL071675,"557,199.25",Current Grants - Local Government
Department for Education,Core,20/03/2024,Grants Expenditure,Capital Directorate,Southwark London Borough Council,CL071676,"546,312.50",Current Grants - Local Government
Department for Education,Core,20/03/2024,Grants Expenditure,Capital Directorate,Southwark London Borough Council,CL071677,"686,061.75",Current Grants - Local Government
Department for Education,Core,20/03/2024,Grants Expenditure,Capital Directorate,London Borough Of Tower Hamlets,CL071678,"1,921,394.75",Current Grants - Local Government
Department for Education,Core,20/03/2024,Grants Expenditure,Capital Directorate,London Borough Of Tower Hamlets,CL071679,"409,201.50",Current Grants - Local Government
Department for Education,Core,20/03/2024,Grants Expenditure,Capital Directorate,Barking And Dagenham London Borough Council,CL071681,"826,015.00",Current Grants - Local Government
Department for Education,Core,20/03/2024,Grants Expenditure,Capital Directorate,Barking And Dagenham London Borough Council,CL071682,"1,082,409.97",Current Grants - Local Government
Department for Education,Core,20/03/2024,Grants Expenditure,Capital Directorate,Bexley London Borough Council,CL071683,"763,947.50",Current Grants - Local Government
Department for Education,Core,20/03/2024,Grants Expenditure,Capital Directorate,Brent London Borough Council,CL071684,"220,958.00",Current Grants - Local Government
Department for Education,Core,20/03/2024,Grants Expenditure,Capital Directorate,Croydon London Borough Council,CL071685,"449,642.00",Current Grants - Local Government
Department for Education,Core,20/03/2024,Grants Expenditure,Capital Directorate,Ealing London Borough Council,CL071686,"745,297.50",Current Grants - Local Government
Department for Education,Core,20/03/2024,Grants Expenditure,Capital Directorate,Ealing London Borough Council,CL071687,"1,261,742.25",Current Grants - Local Government
Department for Education,Core,20/03/2024,Grants Expenditure,Capital Directorate,Ealing London Borough Council,CL071688,"975,417.00",Current Grants - Local Government
Department for Education,Core,20/03/2024,Grants Expenditure,Capital Directorate,Enfield London Borough Council,CL071689,"415,862.00",Current Grants - Local Government
Department for Education,Core,20/03/2024,Grants Expenditure,Capital Directorate,Enfield London Borough Council,CL071690,"806,603.50",Current Grants - Local Government
Department for Education,Core,20/03/2024,Grants Expenditure,Capital Directorate,Haringey London Borough Council,CL071691,"1,417,224.50",Current Grants - Local Government
Department for Education,Core,20/03/2024,Grants Expenditure,Capital Directorate,Harrow London Borough Council,CL071692,"385,829.00",Current Grants - Local Government
Department for Education,Core,20/03/2024,Grants Expenditure,Capital Directorate,London Borough Of Hillingdon,CL071693,"444,603.52",Current Grants - Local Government
Department for Education,Core,20/03/2024,Grants Expenditure,Capital Directorate,Merton Borough Council,CL071694,"1,199,234.50",Current Grants - Local Government
Department for Education,Core,20/03/2024,Grants Expenditure,Capital Directorate,Newham London Borough Council,CL071695,"730,078.50",Current Grants - Local Government
Department for Education,Core,20/03/2024,Grants Expenditure,Capital Directorate,Newham London Borough Council,CL071696,"620,104.00",Current Grants - Local Government
Department for Education,Core,20/03/2024,Grants Expenditure,Capital Directorate,Newham London Borough Council,CL071697,"1,319,303.58",Current Grants - Local Government
Department for Education,Core,20/03/2024,Grants Expenditure,Capital Directorate,Newham London Borough Council,CL071698,"88,555.93",Current Grants - Local Government
Department for Education,Core,20/03/2024,Grants Expenditure,Capital Directorate,Redbridge London Borough Council,CL071699,"419,688.25",Current Grants - Local Government
Department for Education,Core,20/03/2024,Grants Expenditure,Capital Directorate,Richmond Upon Thames London Borough Council,CL071700,"335,416.75",Current Grants - Local Government
Department for Education,Core,20/03/2024,Grants Expenditure,Capital Directorate,Waltham Forest London Borough Council,CL071701,"1,046,787.50",Current Grants - Local Government
Department for Education,Core,20/03/2024,Grants Expenditure,Capital Directorate,Waltham Forest London Borough Council,CL071702,"469,140.00",Current Grants - Local Government
Department for Education,Core,20/03/2024,Grants Expenditure,Capital Directorate,Waltham Forest London Borough Council,CL071703,"585,806.00",Current Grants - Local Government
Department for Education,Core,20/03/2024,Grants Expenditure,Capital Directorate,Birmingham City Council,CL071704,"1,141,181.50",Current Grants - Local Government
Department for Education,Core,20/03/2024,Grants Expenditure,Capital Directorate,Birmingham City Council,CL071705,"1,040,483.75",Current Grants - Local Government
Department for Education,Core,20/03/2024,Grants Expenditure,Capital Directorate,Birmingham City Council,CL071706,"445,654.03",Current Grants - Local Government
Department for Education,Core,20/03/2024,Grants Expenditure,Capital Directorate,Birmingham City Council,CL071707,"850,341.50",Current Grants - Local Government
Department for Education,Core,20/03/2024,Grants Expenditure,Capital Directorate,Birmingham City Council,CL071708,"1,080,258.75",Current Grants - Local Government
Department for Education,Core,20/03/2024,Grants Expenditure,Capital Directorate,Coventry City Council,CL071709,"468,762.00",Current Grants - Local Government
Department for Education,Core,20/03/2024,Grants Expenditure,Capital Directorate,Dudley Metropolitan Borough Council,CL071710,"461,861.00",Current Grants - Local Government
Department for Education,Core,20/03/2024,Grants Expenditure,Capital Directorate,Sandwell Metro Borough Council,CL071711,"358,246.75",Current Grants - Local Government
Department for Education,Core,20/03/2024,Grants Expenditure,Capital Directorate,Sandwell Metro Borough Council,CL071712,"1,306,706.26",Current Grants - Local Government
Department for Education,Core,20/03/2024,Grants Expenditure,Capital Directorate,Solihull Metro Borough Council,CL071713,"1,692,234.00",Current Grants - Local Government
Department for Education,Core,20/03/2024,Grants Expenditure,Capital Directorate,Walsall Metro Borough Council,CL071714,"193,149.75",Current Grants - Local Government
Department for Education,Core,20/03/2024,Grants Expenditure,Capital Directorate,Wolverhampton City Council,CL071715,"1,232,873.00",Current Grants - Local Government
Department for Education,Core,20/03/2024,Grants Expenditure,Capital Directorate,Wolverhampton City Council,CL071716,"1,062,938.25",Current Grants - Local Government
Department for Education,Core,20/03/2024,Grants Expenditure,Capital Directorate,Knowsley Metro Borough Council,CL071717,"5,171,823.75",Current Grants - Local Government
Department for Education,Core,20/03/2024,Grants Expenditure,Capital Directorate,Knowsley Metro Borough Council,CL071718,"32,342.75",Current Grants - Local Government
Department for Education,Core,20/03/2024,Grants Expenditure,Capital Directorate,Liverpool City Council,CL071719,"1,476,490.25",Current Grants - Local Government
Department for Education,Core,20/03/2024,Grants Expenditure,Capital Directorate,Liverpool City Council,CL071720,"71,022.50",Current Grants - Local Government
Department for Education,Core,20/03/2024,Grants Expenditure,Capital Directorate,Liverpool City Council,CL071721,"492,944.50",Current Grants - Local Government
Department for Education,Core,20/03/2024,Grants Expenditure,Capital Directorate,St Helens Metro Borough Council,CL071722,"591,454.00",Current Grants - Local Government
Department for Education,Core,20/03/2024,Grants Expenditure,Capital Directorate,St Helens Metro Borough Council,CL071723,"258,937.50",Current Grants - Local Government
Department for Education,Core,20/03/2024,Grants Expenditure,Capital Directorate,Wirral Metro Borough Council,CL071724,"1,367,885.25",Current Grants - Local Government
Department for Education,Core,20/03/2024,Grants Expenditure,Capital Directorate,Manchester City Council,CL071725,"822,450.00",Current Grants - Local Government
Department for Education,Core,20/03/2024,Grants Expenditure,Capital Directorate,Manchester City Council,CL071726,"93,184.25",Current Grants - Local Government
Department for Education,Core,20/03/2024,Grants Expenditure,Capital Directorate,Oldham Metropolitan Borough Council,CL071727,"1,175,923.50",Current Grants - Local Government
Department for Education,Core,20/03/2024,Grants Expenditure,Capital Directorate,Oldham Metropolitan Borough Council,CL071728,"1,072,737.00",Current Grants - Local Government
Department for Education,Core,20/03/2024,Grants Expenditure,Capital Directorate,Rochdale Borough Council,CL071729,"1,140,497.25",Current Grants - Local Government
Department for Education,Core,20/03/2024,Grants Expenditure,Capital Directorate,Rochdale Borough Council,CL071730,"653,198.00",Current Grants - Local Government
Department for Education,Core,20/03/2024,Grants Expenditure,Capital Directorate,Rochdale Borough Council,CL071731,"544,401.75",Current Grants - Local Government
Department for Education,Core,20/03/2024,Grants Expenditure,Capital Directorate,Rochdale Borough Council,CL071732,"509,493.75",Current Grants - Local Government
Department for Education,Core,20/03/2024,Grants Expenditure,Capital Directorate,Salford City Council,CL071733,"1,011,934.75",Current Grants - Local Government
Department for Education,Core,20/03/2024,Grants Expenditure,Capital Directorate,Salford City Council,CL071734,"353,226.40",Current Grants - Local Government
Department for Education,Core,20/03/2024,Grants Expenditure,Capital Directorate,Salford City Council,CL071735,"1,467,906.50",Current Grants - Local Government
Department for Education,Core,20/03/2024,Grants Expenditure,Capital Directorate,Salford City Council,CL071736,"1,054,255.75",Current Grants - Local Government
Department for Education,Core,20/03/2024,Grants Expenditure,Capital Directorate,Salford City Council,CL071737,"677,735.25",Current Grants - Local Government
Department for Education,Core,20/03/2024,Grants Expenditure,Capital Directorate,Tameside Metro Borough Council,CL071738,"429,541.75",Current Grants - Local Government
Department for Education,Core,20/03/2024,Grants Expenditure,Capital Directorate,Tameside Metro Borough Council,CL071739,"1,000,243.25",Current Grants - Local Government
Department for Education,Core,20/03/2024,Grants Expenditure,Capital Directorate,Tameside Metro Borough Council,CL071740,"145,578.50",Current Grants - Local Government
Department for Education,Core,20/03/2024,Grants Expenditure,Capital Directorate,Tameside Metro Borough Council,CL071741,"1,973,688.25",Current Grants - Local Government
Department for Education,Core,20/03/2024,Grants Expenditure,Capital Directorate,Barnsley Metropolitan Borough Council,CL071742,"1,101,110.25",Current Grants - Local Government
Department for Education,Core,20/03/2024,Grants Expenditure,Capital Directorate,Barnsley Metropolitan Borough Council,CL071743,"724,810.58",Current Grants - Local Government
Department for Education,Core,20/03/2024,Grants Expenditure,Capital Directorate,Barnsley Metropolitan Borough Council,CL071744,"1,778,857.22",Current Grants - Local Government
Department for Education,Core,20/03/2024,Grants Expenditure,Capital Directorate,Barnsley Metropolitan Borough Council,CL071745,"340,339.00",Current Grants - Local Government
Department for Education,Core,20/03/2024,Grants Expenditure,Capital Directorate,Barnsley Metropolitan Borough Council,CL071746,"3,164,450.75",Current Grants - Local Government
Department for Education,Core,20/03/2024,Grants Expenditure,Capital Directorate,Barnsley Metropolitan Borough Council,CL071747,"939,139.25",Current Grants - Local Government
Department for Education,Core,20/03/2024,Grants Expenditure,Capital Directorate,Doncaster Metro Borough Council,CL071748,"869,502.25",Current Grants - Local Government
Department for Education,Core,20/03/2024,Grants Expenditure,Capital Directorate,Rotherham Borough Council,CL071749,"1,555,627.25",Current Grants - Local Government
Department for Education,Core,20/03/2024,Grants Expenditure,Capital Directorate,Sheffield City Council,CL071750,"1,476,599.25",Current Grants - Local Government
Department for Education,Core,20/03/2024,Grants Expenditure,Capital Directorate,Sheffield City Council,CL071751,"658,009.25",Current Grants - Local Government
Department for Education,Core,20/03/2024,Grants Expenditure,Capital Directorate,Sheffield City Council,CL071752,"1,341,895.75",Current Grants - Local Government
Department for Education,Core,20/03/2024,Grants Expenditure,Capital Directorate,Sheffield City Council,CL071753,"1,870,442.00",Current Grants - Local Government
Department for Education,Core,20/03/2024,Grants Expenditure,Capital Directorate,Sheffield City Council,CL071754,"646,777.50",Current Grants - Local Government
Department for Education,Core,20/03/2024,Grants Expenditure,Capital Directorate,Bradford City Council,CL071755,"2,251,162.00",Current Grants - Local Government
Department for Education,Core,20/03/2024,Grants Expenditure,Capital Directorate,Bradford City Council,CL071756,"4,574,149.92",Current Grants - Local Government
Department for Education,Core,20/03/2024,Grants Expenditure,Capital Directorate,Calderdale Metro Borough Council,CL071757,"1,214,904.75",Current Grants - Local Government
Department for Education,Core,20/03/2024,Grants Expenditure,Capital Directorate,Kirklees Metro Council,CL071758,"555,675.00",Current Grants - Local Government
Department for Education,Core,20/03/2024,Grants Expenditure,Capital Directorate,Kirklees Metro Council,CL071759,"1,476,124.25",Current Grants - Local Government
Department for Education,Core,20/03/2024,Grants Expenditure,Capital Directorate,Leeds City Council,CL071760,"944,957.00",Current Grants - Local Government
Department for Education,Core,20/03/2024,Grants Expenditure,Capital Directorate,Leeds City Council,CL071761,"673,028.25",Current Grants - Local Government
Department for Education,Core,20/03/2024,Grants Expenditure,Capital Directorate,Leeds City Council,CL071762,"2,364,399.75",Current Grants - Local Government
Department for Education,Core,20/03/2024,Grants Expenditure,Capital Directorate,Leeds City Council,CL071763,"95,169.75",Current Grants - Local Government
Department for Education,Core,20/03/2024,Grants Expenditure,Capital Directorate,Leeds City Council,CL071764,"85,937.50",Current Grants - Local Government
Department for Education,Core,20/03/2024,Grants Expenditure,Capital Directorate,Leeds City Council,CL071765,"2,843,910.50",Current Grants - Local Government
Department for Education,Core,20/03/2024,Grants Expenditure,Capital Directorate,Leeds City Council,CL071766,"818,299.25",Current Grants - Local Government
Department for Education,Core,20/03/2024,Grants Expenditure,Capital Directorate,Gateshead Council,CL071767,"1,264,133.75",Current Grants - Local Government
Department for Education,Core,20/03/2024,Grants Expenditure,Capital Directorate,Newcastle Upon Tyne City Council,CL071768,"1,096,483.25",Current Grants - Local Government
Department for Education,Core,20/03/2024,Grants Expenditure,Capital Directorate,Newcastle Upon Tyne City Council,CL071769,"2,317,846.00",Current Grants - Local Government
Department for Education,Core,20/03/2024,Grants Expenditure,Capital Directorate,Newcastle Upon Tyne City Council,CL071770,"441,023.75",Current Grants - Local Government
Department for Education,Core,20/03/2024,Grants Expenditure,Capital Directorate,Newcastle Upon Tyne City Council,CL071771,"809,261.50",Current Grants - Local Government
Department for Education,Core,20/03/2024,Grants Expenditure,Capital Directorate,Newcastle Upon Tyne City Council,CL071772,"1,112,130.50",Current Grants - Local Government
Department for Education,Core,20/03/2024,Grants Expenditure,Capital Directorate,North Tyneside Metro Borough Council,CL071773,"671,648.25",Current Grants - Local Government
Department for Education,Core,20/03/2024,Grants Expenditure,Capital Directorate,South Tyneside Council,CL071774,"375,455.25",Current Grants - Local Government
Department for Education,Core,20/03/2024,Grants Expenditure,Capital Directorate,South Tyneside Council,CL071775,"633,628.75",Current Grants - Local Government
Department for Education,Core,20/03/2024,Grants Expenditure,Capital Directorate,South Tyneside Council,CL071776,"687,555.50",Current Grants - Local Government
Department for Education,Core,20/03/2024,Grants Expenditure,Capital Directorate,Sunderland City Metro Borough Council,CL071777,"387,132.50",Current Grants - Local Government
Department for Education,Core,20/03/2024,Grants Expenditure,Capital Directorate,Bristol City Council,CL071778,"1,296,130.25",Current Grants - Local Government
Department for Education,Core,20/03/2024,Grants Expenditure,Capital Directorate,Bristol City Council,CL071779,"3,021,651.25",Current Grants - Local Government
Department for Education,Core,20/03/2024,Grants Expenditure,Capital Directorate,Redcar And Cleveland Borough Council,CL071780,"1,022,394.75",Current Grants - Local Government
Department for Education,Core,20/03/2024,Grants Expenditure,Capital Directorate,Stockton On Tees Borough Council,CL071781,"138,604.00",Current Grants - Local Government
Department for Education,Core,20/03/2024,Grants Expenditure,Capital Directorate,Kingston Upon Hull City Council,CL071783,"169,705.00",Current Grants - Local Government
Department for Education,Core,20/03/2024,Grants Expenditure,Capital Directorate,Kingston Upon Hull City Council,CL071784,"1,111,128.00",Current Grants - Local Government
Department for Education,Core,20/03/2024,Grants Expenditure,Capital Directorate,Kingston Upon Hull City Council,CL071785,"1,716,559.25",Current Grants - Local Government
Department for Education,Core,20/03/2024,Grants Expenditure,Capital Directorate,East Riding Of Yorkshire Council,CL071786,"687,433.25",Current Grants - Local Government
Department for Education,Core,20/03/2024,Grants Expenditure,Capital Directorate,North Yorkshire County Council,CL071787,"175,996.00",Current Grants - Local Government
Department for Education,Core,20/03/2024,Grants Expenditure,Capital Directorate,City Of York Council,CL071788,"296,545.00",Current Grants - Local Government
Department for Education,Core,20/03/2024,Grants Expenditure,Capital Directorate,Luton Borough Council,CL071789,"702,774.49",Current Grants - Local Government
Department for Education,Core,20/03/2024,Grants Expenditure,Capital Directorate,Central Bedfordshire Council,CL071790,"471,578.50",Current Grants - Local Government
Department for Education,Core,20/03/2024,Grants Expenditure,Capital Directorate,Derbyshire County Council,CL071791,"864,086.75",Current Grants - Local Government
Department for Education,Core,20/03/2024,Grants Expenditure,Capital Directorate,Derbyshire County Council,CL071792,"767,648.75",Current Grants - Local Government
Department for Education,Core,20/03/2024,Grants Expenditure,Capital Directorate,Derbyshire County Council,CL071793,"994,222.84",Current Grants - Local Government
Department for Education,Core,20/03/2024,Grants Expenditure,Capital Directorate,Derby City Council,CL071794,"874,883.00",Current Grants - Local Government
Department for Education,Core,20/03/2024,Grants Expenditure,Capital Directorate,Derby City Council,CL071795,"43,464.25",Current Grants - Local Government
Department for Education,Core,20/03/2024,Grants Expenditure,Capital Directorate,Derby City Council,CL071796,"1,343,341.25",Current Grants - Local Government
Department for Education,Core,20/03/2024,Grants Expenditure,Capital Directorate,Dorset Council,CL071797,"389,666.75",Current Grants - Local Government
Department for Education,Core,20/03/2024,Grants Expenditure,Capital Directorate,Durham County Council,CL071798,"1,208,377.86",Current Grants - Local Government
Department for Education,Core,20/03/2024,Grants Expenditure,Capital Directorate,Durham County Council,CL071799,"171,456.90",Current Grants - Local Government
Department for Education,Core,20/03/2024,Grants Expenditure,Capital Directorate,Darlington Borough Council,CL071800,"800,081.50",Current Grants - Local Government
Department for Education,Core,20/03/2024,Grants Expenditure,Capital Directorate,East Sussex County Council,CL071801,"439,615.25",Current Grants - Local Government
Department for Education,Core,20/03/2024,Grants Expenditure,Capital Directorate,Brighton And Hove City Council,CL071802,"597,408.75",Current Grants - Local Government
Department for Education,Core,20/03/2024,Grants Expenditure,Capital Directorate,Portsmouth City Council,CL071803,"309,396.00",Current Grants - Local Government
Department for Education,Core,20/03/2024,Grants Expenditure,Capital Directorate,Southampton City Council,CL071804,"964,049.50",Current Grants - Local Government
Department for Education,Core,20/03/2024,Grants Expenditure,Capital Directorate,Leicester City Council,CL071805,"1,273,913.64",Current Grants - Local Government
Department for Education,Core,20/03/2024,Grants Expenditure,Capital Directorate,Leicester City Council,CL071806,"1,449,791.19",Current Grants - Local Government
Department for Education,Core,20/03/2024,Grants Expenditure,Capital Directorate,Staffordshire County Council,CL071807,"344,957.00",Current Grants - Local Government
Department for Education,Core,20/03/2024,Grants Expenditure,Capital Directorate,Stoke On Trent City Council,CL071808,"2,073,539.00",Current Grants - Local Government
Department for Education,Core,20/03/2024,Grants Expenditure,Capital Directorate,Wiltshire County Council,CL071809,"812,699.25",Current Grants - Local Government
Department for Education,Core,20/03/2024,Grants Expenditure,Capital Directorate,Swindon Borough Council,CL071810,"1,252,897.25",Current Grants - Local Government
Department for Education,Core,20/03/2024,Grants Expenditure,Capital Directorate,Slough Borough Council,CL071811,"919,379.75",Current Grants - Local Government
Department for Education,Core,20/03/2024,Grants Expenditure,Capital Directorate,Cambridgeshire County Council,CL071812,"1,213,282.50",Current Grants - Local Government
Department for Education,Core,20/03/2024,Grants Expenditure,Capital Directorate,Peterborough City Council,CL071813,"1,182,792.25",Current Grants - Local Government
Department for Education,Core,20/03/2024,Grants Expenditure,Capital Directorate,Halton Borough Council,CL071814,"843,076.48",Current Grants - Local Government
Department for Education,Core,20/03/2024,Grants Expenditure,Capital Directorate,Devon County Council,CL071815,"1,734,307.50",Current Grants - Local Government
Department for Education,Core,20/03/2024,Grants Expenditure,Capital Directorate,Plymouth City Council,CL071816,"995,656.50",Current Grants - Local Government
Department for Education,Core,20/03/2024,Grants Expenditure,Capital Directorate,Torbay Council,CL071817,"351,884.25",Current Grants - Local Government
Department for Education,Core,20/03/2024,Grants Expenditure,Capital Directorate,Essex County Council,CL071819,"658,118.32",Current Grants - Local Government
Department for Education,Core,20/03/2024,Grants Expenditure,Capital Directorate,Essex County Council,CL071820,"278,063.98",Current Grants - Local Government
Department for Education,Core,20/03/2024,Grants Expenditure,Capital Directorate,Essex County Council,CL071821,"1,260,398.50",Current Grants - Local Government
Department for Education,Core,20/03/2024,Grants Expenditure,Capital Directorate,Essex County Council,CL071822,"905,003.75",Current Grants - Local Government
Department for Education,Core,20/03/2024,Grants Expenditure,Capital Directorate,Essex County Council,CL071823,"738,426.25",Current Grants - Local Government
Department for Education,Core,20/03/2024,Grants Expenditure,Capital Directorate,Herefordshire Council,CL071824,"429,986.50",Current Grants - Local Government
Department for Education,Core,20/03/2024,Grants Expenditure,Capital Directorate,Worcestershire County Council,CL071825,"1,173,712.50",Current Grants - Local Government
Department for Education,Core,20/03/2024,Grants Expenditure,Capital Directorate,Kent County Council,CL071826,"1,533,983.50",Current Grants - Local Government
Department for Education,Core,20/03/2024,Grants Expenditure,Capital Directorate,Kent County Council,CL071827,"235,345.43",Current Grants - Local Government
Department for Education,Core,20/03/2024,Grants Expenditure,Capital Directorate,Kent County Council,CL071828,"1,930,153.33",Current Grants - Local Government
Department for Education,Core,20/03/2024,Grants Expenditure,Capital Directorate,Lancashire County Council,CL071829,"329,333.75",Current Grants - Local Government
Department for Education,Core,20/03/2024,Grants Expenditure,Capital Directorate,Lancashire County Council,CL071830,"1,909,843.00",Current Grants - Local Government
Department for Education,Core,20/03/2024,Grants Expenditure,Capital Directorate,Lancashire County Council,CL071831,"915,858.25",Current Grants - Local Government
Department for Education,Core,20/03/2024,Grants Expenditure,Capital Directorate,Lancashire County Council,CL071832,"794,814.50",Current Grants - Local Government
Department for Education,Core,20/03/2024,Grants Expenditure,Capital Directorate,Lancashire County Council,CL071833,"722,340.50",Current Grants - Local Government
Department for Education,Core,20/03/2024,Grants Expenditure,Capital Directorate,Lancashire County Council,CL071834,"794,357.68",Current Grants - Local Government
Department for Education,Core,20/03/2024,Grants Expenditure,Capital Directorate,Blackburn With Darwen Borough Council,CL071835,"789,297.75",Current Grants - Local Government
Department for Education,Core,20/03/2024,Grants Expenditure,Capital Directorate,Blackburn With Darwen Borough Council,CL071836,"1,328,568.50",Current Grants - Local Government
Department for Education,Core,20/03/2024,Grants Expenditure,Capital Directorate,Blackpool Borough Council,CL071837,"755,893.00",Current Grants - Local Government
Department for Education,Core,20/03/2024,Grants Expenditure,Capital Directorate,Nottinghamshire County Council,CL071838,"2,642,185.75",Current Grants - Local Government
Department for Education,Core,20/03/2024,Grants Expenditure,Capital Directorate,Nottinghamshire County Council,CL071839,"442,124.50",Current Grants - Local Government
Department for Education,Core,20/03/2024,Grants Expenditure,Capital Directorate,Nottingham City Council,CL071840,"854,684.75",Current Grants - Local Government
Department for Education,Core,20/03/2024,Grants Expenditure,Capital Directorate,Nottingham City Council,CL071841,"550,380.75",Current Grants - Local Government
Department for Education,Core,20/03/2024,Grants Expenditure,Capital Directorate,Telford And Wrekin Council,CL071842,"1,464,588.50",Current Grants - Local Government
Department for Education,Core,20/03/2024,Grants Expenditure,Capital Directorate,Cheshire West And Chester Council,CL071843,"347,222.75",Current Grants - Local Government
Department for Education,Core,20/03/2024,Grants Expenditure,Capital Directorate,Cornwall Council,CL071844,"1,479,875.00",Current Grants - Local Government
Department for Education,Core,20/03/2024,Grants Expenditure,Capital Directorate,Cornwall Council,CL071845,"1,364,087.25",Current Grants - Local Government
Department for Education,Core,20/03/2024,Grants Expenditure,Capital Directorate,Hertfordshire County Council,CL071846,"1,537,611.98",Current Grants - Local Government
Department for Education,Core,20/03/2024,Grants Expenditure,Capital Directorate,Lincolnshire County Council,CL071847,"263,274.75",Current Grants - Local Government
Department for Education,Core,20/03/2024,Grants Expenditure,Capital Directorate,Lincolnshire County Council,CL071848,"26,313.00",Current Grants - Local Government
Department for Education,Core,20/03/2024,Grants Expenditure,Capital Directorate,Norfolk County Council,CL071849,"1,209,751.25",Current Grants - Local Government
Department for Education,Core,20/03/2024,Grants Expenditure,Capital Directorate,Somerset Council,CL071850,"110,099.75",Current Grants - Local Government
Department for Education,Core,20/03/2024,Grants Expenditure,Capital Directorate,Somerset Council,CL071851,"1,468,491.50",Current Grants - Local Government
Department for Education,Core,20/03/2024,Grants Expenditure,Capital Directorate,Somerset Council,CL071852,"131,047.50",Current Grants - Local Government
Department for Education,Core,20/03/2024,Grants Expenditure,Capital Directorate,West Sussex County Council,CL071853,"1,053,865.25",Current Grants - Local Government
Department for Education,Core,20/03/2024,Grants Expenditure,Capital Directorate,West Sussex County Council,CL071854,"79,091.75",Current Grants - Local Government
Department for Education,Core,20/03/2024,Grants Expenditure,Capital Directorate,West Northamptonshire Council,CL071855,"2,126,440.50",Current Grants - Local Government
Department for Education,Core,20/03/2024,Grants Expenditure,Capital Directorate,West Northamptonshire Council,CL071856,"92,700.75",Current Grants - Local Government
Department for Education,Core,20/03/2024,Grants Expenditure,Capital Directorate,West Northamptonshire Council,CL071857,"555,665.00",Current Grants - Local Government
Department for Education,Core,11/03/2024,Grants Income,Capital Directorate,Beckfoot Oakbank,PSAD004802,"26,775.02",Pspb Pf2 Capital Contributions / Payments
Department for Education,Core,01/03/2024,Grants Income,Capital Directorate,Hlr Schools Limited,D-PINV063621,"45,931.56",Pspb Pf2 Capital Contributions / Payments
Department for Education,Core,05/03/2024,Grants Income,Capital Directorate,Yorkshire Learning Partnership (Project Co) Ltd,D-PINV062019,"110,160.00",Pspb Pf2 Capital Contributions / Payments
Department for Education,Core,13/03/2024,Grants Income,Capital Directorate,Hlr Schools Limited,D-PINV064020,"27,490.86",Pspb Pf2 Capital Contributions / Payments
Department for Education,Core,14/03/2024,Grants Income,Capital Directorate,Psbp Midlands Limited,D-PINV063775,"51,196.38",Pspb Pf2 Capital Contributions / Payments
Department for Education,Core,11/03/2024,Grants Income,Capital Directorate,Gt Neps Limited,D-PINV061558,"130,569.66",Pspb Pf2 Capital Contributions / Payments
Department for Education,Core,20/03/2024,Other Costs,Capital Directorate,Wirral Metro Borough Council,DU00106658,"26,196.00",Pf2 - Revenue Grants
Department for Education,Core,20/03/2024,Other Costs,Capital Directorate,Wigan Metropolitan Borough Council,DU00106672,"48,609.00",Pf2 - Revenue Grants
Department for Education,Core,20/03/2024,Other Costs,Capital Directorate,Kirklees Metro Council,DU00106676,"28,848.00",Pf2 - Revenue Grants
Department for Education,Core,20/03/2024,Other Costs,Capital Directorate,North Tyneside Metro Borough Council,DU00106690,"34,407.00",Pf2 - Revenue Grants
Department for Education,Core,20/03/2024,Other Costs,Capital Directorate,Ark Kings Academy,DU00106719,"27,969.00",Pf2 - Revenue Grants
Department for Education,Core,20/03/2024,Other Costs,Capital Directorate,Beckfoot Oakbank,DU00106722,"57,711.00",Pf2 - Revenue Grants
Department for Education,Core,20/03/2024,Other Costs,Capital Directorate,Beckfoot Oakbank,DU00106731,"-26,775.02",Pf2 - Revenue Grants
Department for Education,Core,20/03/2024,Other Costs,Capital Directorate,Beckfoot Upper Heaton,DU00106733,"26,292.00",Pf2 - Revenue Grants
Department for Education,Core,20/03/2024,Other Costs,Capital Directorate,Bishop'S Hatfield Girls' School,DU00106738,"30,759.00",Pf2 - Revenue Grants
Department for Education,Core,20/03/2024,Other Costs,Capital Directorate,David Nieper Academy,DU00106743,"28,914.00",Pf2 - Revenue Grants
Department for Education,Core,20/03/2024,Other Costs,Capital Directorate,Goffs Academy,DU00106746,"43,110.00",Pf2 - Revenue Grants
Department for Education,Core,20/03/2024,Other Costs,Capital Directorate,Goffs Academy,DU00106747,"43,110.00",Pf2 - Revenue Grants
Department for Education,Core,20/03/2024,Other Costs,Capital Directorate,Greenwood Academy,DU00106755,"35,853.00",Pf2 - Revenue Grants
Department for Education,Core,20/03/2024,Other Costs,Capital Directorate,Harrogate High School,DU00106758,"29,601.00",Pf2 - Revenue Grants
Department for Education,Core,20/03/2024,Other Costs,Capital Directorate,Kings Langley School,DU00106766,"38,508.00",Pf2 - Revenue Grants
Department for Education,Core,20/03/2024,Other Costs,Capital Directorate,Kings Langley School,DU00106768,"38,508.00",Pf2 - Revenue Grants
Department for Education,Core,20/03/2024,Other Costs,Capital Directorate,Longdean School,DU00106776,"45,045.00",Pf2 - Revenue Grants
Department for Education,Core,20/03/2024,Other Costs,Capital Directorate,Neston High School,DU00106781,"50,694.00",Pf2 - Revenue Grants
Department for Education,Core,20/03/2024,Other Costs,Capital Directorate,Plantsbrook School,DU00106784,"47,433.00",Pf2 - Revenue Grants
Department for Education,Core,20/03/2024,Other Costs,Capital Directorate,President Kennedy School Academy,DU00106787,"46,269.00",Pf2 - Revenue Grants
Department for Education,Core,20/03/2024,Other Costs,Capital Directorate,Reading Girls' School,DU00106790,"34,956.00",Pf2 - Revenue Grants
Department for Education,Core,20/03/2024,Other Costs,Capital Directorate,Reading Girls' School,DU00106791,"34,956.00",Pf2 - Revenue Grants
Department for Education,Core,20/03/2024,Other Costs,Capital Directorate,South Shore Academy,DU00106799,"29,034.00",Pf2 - Revenue Grants
Department for Education,Core,20/03/2024,Other Costs,Capital Directorate,Park Vale Academy,DU00106805,"29,205.00",Pf2 - Revenue Grants
Department for Education,Core,20/03/2024,Other Costs,Capital Directorate,Westfield Academy,DU00106808,"45,975.00",Pf2 - Revenue Grants
Department for Education,Core,20/03/2024,Other Costs,Capital Directorate,Bedlington Academy,DU00106819,"30,108.00",Pf2 - Revenue Grants
Department for Education,Core,11/03/2024,Other Costs,Capital Directorate,Dixons Cottingley Academy,DU00106822,"36,258.00",Pf2 - Revenue Grants
Department for Education,Core,20/03/2024,Other Costs,Capital Directorate,Carlton Bolling,DU00106832,"47,292.00",Pf2 - Revenue Grants
Department for Education,Core,20/03/2024,Other Costs,Capital Directorate,Laurence Jackson School,DU00106836,"41,328.00",Pf2 - Revenue Grants
Department for Education,Core,20/03/2024,Other Costs,Capital Directorate,Seaham High School,DU00106839,"36,288.00",Pf2 - Revenue Grants
Department for Education,Core,20/03/2024,Other Costs,Capital Directorate,Seaham High School,DU00106841,"36,288.00",Pf2 - Revenue Grants
Department for Education,Core,20/03/2024,Other Costs,Capital Directorate,Stopsley High School,DU00106849,"40,923.00",Pf2 - Revenue Grants
Department for Education,Core,11/03/2024,Other Costs,Capital Directorate,Stopsley High School,DU00106850,"40,923.00",Pf2 - Revenue Grants
Department for Education,Core,11/03/2024,Other Costs,Capital Directorate,Hetton Academy,DU00106859,"29,751.00",Pf2 - Revenue Grants
Department for Education,Core,11/03/2024,Other Costs,Capital Directorate,Hetton Academy,DU00106860,"29,751.00",Pf2 - Revenue Grants
Department for Education,Core,11/03/2024,Other Costs,Capital Directorate,"Whitcliffe Mount, A Share Academy",DU00106864,"37,884.00",Pf2 - Revenue Grants
Department for Education,Core,11/03/2024,Other Costs,Capital Directorate,The Duchess'S Community High School,DU00106868,"84,111.51",Pf2 - Revenue Grants
Department for Education,Core,20/03/2024,Other Goods and Services,Capital Directorate,Goffs Academy,PSFM002542,"-43,110.00",Service Element Of Lease
Department for Education,Core,20/03/2024,Other Goods and Services,Capital Directorate,Kings Langley School,PSFM002543,"-38,508.00",Service Element Of Lease
Department for Education,Core,20/03/2024,Other Goods and Services,Capital Directorate,Reading Girls' School,PSFM002545,"-34,956.00",Service Element Of Lease
Department for Education,Core,20/03/2024,Other Goods and Services,Capital Directorate,Stopsley High School,PSFM002546,"-40,923.00",Service Element Of Lease
Department for Education,Core,11/03/2024,Other Goods and Services,Capital Directorate,Westfield Academy,PSFM002547,"-45,975.00",Service Element Of Lease
Department for Education,Core,20/03/2024,Other Goods and Services,Capital Directorate,Hetton Academy,PSFM002558,"-29,751.00",Service Element Of Lease
Department for Education,Core,11/03/2024,Other Goods and Services,Capital Directorate,Seaham High School,PSFM002565,"-36,288.00",Service Element Of Lease
Department for Education,Core,20/03/2024,Other Goods and Services,Capital Directorate,Beckfoot Oakbank,PSFM002584,"-57,711.00",Service Element Of Lease
Department for Education,Core,20/03/2024,Other Goods and Services,Capital Directorate,Dixons Cottingley Academy,PSFM002585,"-36,258.00",Service Element Of Lease
Department for Education,Core,04/03/2024,Other Goods and Services,Capital Directorate,Longdean School,PSFM002590,"-45,045.00",Service Element Of Lease
Department for Education,Core,20/03/2024,Other Goods and Services,Capital Directorate,Stopsley High School,PSFM002592,"-40,923.00",Service Element Of Lease
Department for Education,Core,11/03/2024,Other Goods and Services,Capital Directorate,Westfield Academy,PSFM002593,"-45,975.00",Service Element Of Lease
Department for Education,Core,20/03/2024,Other Goods and Services,Capital Directorate,Sandwell Metro Borough Council,PSFM002600,"-54,462.00",Service Element Of Lease
Department for Education,Core,11/03/2024,Other Goods and Services,Capital Directorate,Bedlington Academy,PSFM002602,"-30,108.00",Service Element Of Lease
Department for Education,Core,11/03/2024,Other Goods and Services,Capital Directorate,Hetton Academy,PSFM002604,"-29,751.00",Service Element Of Lease
Department for Education,Core,11/03/2024,Other Goods and Services,Capital Directorate,North Tyneside Metro Borough Council,PSFM002608,"-34,407.00",Service Element Of Lease
Department for Education,Core,20/03/2024,Other Goods and Services,Capital Directorate,Neston High School,PSFM002621,"-50,694.00",Service Element Of Lease
Department for Education,Core,20/03/2024,Other Goods and Services,Capital Directorate,Wirral Metro Borough Council,PSFM002623,"-26,196.00",Service Element Of Lease
Department for Education,Core,20/03/2024,Other Goods and Services,Capital Directorate,South Shore Academy,PSFM002624,"-29,034.00",Service Element Of Lease
Department for Education,Core,20/03/2024,Other Goods and Services,Capital Directorate,Kirklees Metro Council,PSFM002626,"-28,848.00",Service Element Of Lease
Department for Education,Core,20/03/2024,Other Goods and Services,Capital Directorate,Beckfoot Oakbank,PSFM002630,"-57,711.00",Service Element Of Lease
Department for Education,Core,20/03/2024,Other Goods and Services,Capital Directorate,Dixons Cottingley Academy,PSFM002631,"-36,258.00",Service Element Of Lease
Department for Education,Core,20/03/2024,Other Goods and Services,Capital Directorate,"Whitcliffe Mount, A Share Academy",PSFM002632,"-37,884.00",Service Element Of Lease
Department for Education,Core,06/03/2024,Other Goods and Services,Capital Directorate,Psbp Midlands Limited,D-PINV064439,"-32,434.22",Service Element Of Lease
Department for Education,Core,25/03/2024,Other Goods and Services,Capital Directorate,Psbp Midlands Limited,D-PINV064439,-536.4,Service Element Of Lease
Department for Education,Core,25/03/2024,Other Goods and Services,Capital Directorate,Psbp Midlands Limited,D-PINV064439,"4,563.65",Service Element Of Lease
Department for Education,Core,25/03/2024,Other Goods and Services,Capital Directorate,Psbp Midlands Limited,D-PINV064439,"25,216.86",Service Element Of Lease
Department for Education,Core,25/03/2024,Other Goods and Services,Capital Directorate,Psbp Midlands Limited,D-PINV064439,"1,294,919.25",Service Element Of Lease
Department for Education,Core,08/03/2024,Other Goods and Services,Capital Directorate,Hlr Schools Limited,D-PINV064248,"-31,364.81",Service Element Of Lease
Department for Education,Core,25/03/2024,Other Goods and Services,Capital Directorate,Hlr Schools Limited,D-PINV064248,"-3,499.50",Service Element Of Lease
Department for Education,Core,25/03/2024,Other Goods and Services,Capital Directorate,Hlr Schools Limited,D-PINV064248,"-1,000.09",Service Element Of Lease
Department for Education,Core,25/03/2024,Other Goods and Services,Capital Directorate,Hlr Schools Limited,D-PINV064248,"4,015.56",Service Element Of Lease
Department for Education,Core,25/03/2024,Other Goods and Services,Capital Directorate,Hlr Schools Limited,D-PINV064248,"4,605.12",Service Element Of Lease
Department for Education,Core,25/03/2024,Other Goods and Services,Capital Directorate,Hlr Schools Limited,D-PINV064248,"1,279,128.55",Service Element Of Lease
Department for Education,Core,05/03/2024,Other Goods and Services,Capital Directorate,Psbp Nw Projectco Limited,D-PINV064251,"-19,676.22",Service Element Of Lease
Department for Education,Core,25/03/2024,Other Goods and Services,Capital Directorate,Psbp Nw Projectco Limited,D-PINV064251,"-9,917.81",Service Element Of Lease
Department for Education,Core,25/03/2024,Other Goods and Services,Capital Directorate,Psbp Nw Projectco Limited,D-PINV064251,"1,805.28",Service Element Of Lease
Department for Education,Core,25/03/2024,Other Goods and Services,Capital Directorate,Psbp Nw Projectco Limited,D-PINV064251,"64,881.64",Service Element Of Lease
Department for Education,Core,25/03/2024,Other Goods and Services,Capital Directorate,Psbp Nw Projectco Limited,D-PINV064251,"1,080,185.05",Service Element Of Lease
Department for Education,Core,25/03/2024,Other Goods and Services,Capital Directorate,Gt Neps Limited,D-PINV064293,"-11,629.26",Service Element Of Lease
Department for Education,Core,25/03/2024,Other Goods and Services,Capital Directorate,Gt Neps Limited,D-PINV064293,"-2,073.04",Service Element Of Lease
Department for Education,Core,25/03/2024,Other Goods and Services,Capital Directorate,Gt Neps Limited,D-PINV064293,656.02,Service Element Of Lease
Department for Education,Core,25/03/2024,Other Goods and Services,Capital Directorate,Gt Neps Limited,D-PINV064293,"10,800.00",Service Element Of Lease
Department for Education,Core,25/03/2024,Other Goods and Services,Capital Directorate,Gt Neps Limited,D-PINV064293,"1,183,339.37",Service Element Of Lease
Department for Education,Core,25/03/2024,Other Goods and Services,Capital Directorate,Yorkshire Learning Partnership (Project Co) Ltd,D-PINV064296,"-31,848.08",Service Element Of Lease
Department for Education,Core,25/03/2024,Other Goods and Services,Capital Directorate,Yorkshire Learning Partnership (Project Co) Ltd,D-PINV064296,201.9,Service Element Of Lease
Department for Education,Core,25/03/2024,Other Goods and Services,Capital Directorate,Yorkshire Learning Partnership (Project Co) Ltd,D-PINV064296,"1,662.31",Service Element Of Lease
Department for Education,Core,25/03/2024,Other Goods and Services,Capital Directorate,Yorkshire Learning Partnership (Project Co) Ltd,D-PINV064296,"5,403.59",Service Element Of Lease
Department for Education,Core,25/03/2024,Other Goods and Services,Capital Directorate,Yorkshire Learning Partnership (Project Co) Ltd,D-PINV064296,"1,134,591.02",Service Element Of Lease
Department for Education,Core,25/03/2024,Other Goods and Services,Capital Directorate,Bishop'S Hatfield Girls' School,PSFM002633,"-30,759.00",Service Element Of Lease
Department for Education,Core,20/03/2024,Other Goods and Services,Capital Directorate,Goffs Academy,PSFM002634,"-43,110.00",Service Element Of Lease
Department for Education,Core,20/03/2024,Other Goods and Services,Capital Directorate,Kings Langley School,PSFM002635,"-38,508.00",Service Element Of Lease
Department for Education,Core,20/03/2024,Other Goods and Services,Capital Directorate,Reading Girls' School,PSFM002637,"-34,956.00",Service Element Of Lease
Department for Education,Core,20/03/2024,Other Goods and Services,Capital Directorate,David Nieper Academy,PSFM002640,"-28,914.00",Service Element Of Lease
Department for Education,Core,20/03/2024,Other Goods and Services,Capital Directorate,Ark Kings Academy,PSFM002641,"-27,969.00",Service Element Of Lease
Department for Education,Core,20/03/2024,Other Goods and Services,Capital Directorate,Greenwood Academy,PSFM002642,"-35,853.00",Service Element Of Lease
Department for Education,Core,20/03/2024,Other Goods and Services,Capital Directorate,Plantsbrook School,PSFM002643,"-47,433.00",Service Element Of Lease
Department for Education,Core,20/03/2024,Other Goods and Services,Capital Directorate,President Kennedy School Academy,PSFM002644,"-46,269.00",Service Element Of Lease
